Game,Price,Paid,Savings
A Bug's Life,‚Ç¨1.49,‚Ç¨1.49,‚Ç¨0.00
Bishi Bashi Special,‚Ç¨4.99,‚Ç¨4.99,‚Ç¨0.00
Buzz Lightyear of Star Command,‚Ç¨1.99,‚Ç¨1.99,‚Ç¨0.00
Cho Aniki,‚Ç¨4.99,‚Ç¨4.99,‚Ç¨0.00
Colin McRae Rally,‚Ç¨9.99,‚Ç¨9.99,‚Ç¨0.00
Crash Bandicoot (1996),‚Ç¨4.99,‚Ç¨4.99,‚Ç¨0.00
Crash Bandicoot 2 (1997),‚Ç¨4.99,‚Ç¨4.99,‚Ç¨0.00
Crash Bandicoot 3 (1998),‚Ç¨4.99,‚Ç¨4.99,‚Ç¨0.00
Crash Bash,‚Ç¨9.99,‚Ç¨9.99,‚Ç¨0.00
Crash Team Racing (1999),‚Ç¨4.99,‚Ç¨4.99,‚Ç¨0.00
Destruction Derby,‚Ç¨4.99,‚Ç¨2.99,‚Ç¨2.00
Driver,‚Ç¨2.49,‚Ç¨2.49,‚Ç¨0.00
Fear Effect,‚Ç¨6.99,‚Ç¨6.99,‚Ç¨0.00
Fear Effect 2: Retro Helix,‚Ç¨6.99,‚Ç¨6.99,‚Ç¨0.00
Final Fantasy IX,‚Ç¨9.99,‚Ç¨4.99,‚Ç¨5.00
Final Fantasy V,‚Ç¨9.99,‚Ç¨4.99,‚Ç¨5.00
Final Fantasy VI,‚Ç¨9.99,‚Ç¨4.99,‚Ç¨5.00
Final Fantasy VII (1997),‚Ç¨9.99,‚Ç¨4.99,‚Ç¨5.00
Final Fantasy VIII,‚Ç¨9.99,‚Ç¨4.99,‚Ç¨5.00
Gex,‚Ç¨4.99,‚Ç¨2.50,‚Ç¨2.49
Gex 3D: Enter the Gecko,‚Ç¨5.99,‚Ç¨3.00,‚Ç¨2.99
Gex: Deep Cover Gecko,‚Ç¨5.99,‚Ç¨3.00,‚Ç¨2.99
Hercules,‚Ç¨1.99,‚Ç¨1.99,‚Ç¨0.00
Hogs of War,‚Ç¨9.99,‚Ç¨9.99,‚Ç¨0.00
Jumping Flash,‚Ç¨4.99,‚Ç¨4.99,‚Ç¨0.00
Klonoa: Door to Phantomile (1997),‚Ç¨4.99,‚Ç¨2.50,‚Ç¨2.49
Kula World,‚Ç¨4.99,‚Ç¨4.99,‚Ç¨0.00
Medievil (1998),‚Ç¨4.99,‚Ç¨4.99,‚Ç¨0.00
Metal Gear Solid,‚Ç¨9.99,‚Ç¨4.99,‚Ç¨5.00
Monsters Inc Scare Island,‚Ç¨1.49,‚Ç¨1.49,‚Ç¨0.00
Motor Toon Grand Prix 2,‚Ç¨4.99,‚Ç¨2.49,‚Ç¨2.50
Oddworld: Abe's Exoddus (1998),‚Ç¨4.99,‚Ç¨4.99,‚Ç¨0.00
Oddworld: Abe's Oddysee (1997),‚Ç¨4.99,‚Ç¨4.99,‚Ç¨0.00
PONG,‚Ç¨4.99,‚Ç¨4.99,‚Ç¨0.00
Rally Cross,‚Ç¨4.99,‚Ç¨1.99,‚Ç¨3.00
Rayman,‚Ç¨4.99,‚Ç¨4.99,‚Ç¨0.00
Rayman 2,‚Ç¨4.99,‚Ç¨4.99,‚Ç¨0.00
Resident Evil: Director's Cut (1997),‚Ç¨9.99,‚Ç¨3.99,‚Ç¨6.00
Resident Evil 2 (1998),‚Ç¨9.99,‚Ç¨3.99,‚Ç¨6.00
Resident Evil 3: Nemesis (1999),‚Ç¨9.99,‚Ç¨3.99,‚Ç¨6.00
Sheep Dog n Wolf,‚Ç¨9.99,‚Ç¨9.99,‚Ç¨0.00
Silent Hill,‚Ç¨6.99,‚Ç¨2.99,‚Ç¨4.00
Spyro the Dragon (1998),‚Ç¨3.99,‚Ç¨3.99,‚Ç¨0.00
Spyro 2: Gateway to Glimmer (1999),‚Ç¨3.00,‚Ç¨3.00,‚Ç¨0.00
Spyro 3: Year of the Dragon (2000),‚Ç¨3.00,‚Ç¨3.00,‚Ç¨0.00
Suikoden,‚Ç¨4.99,‚Ç¨4.99,‚Ç¨0.00
Suikoden II,‚Ç¨4.99,‚Ç¨4.99,‚Ç¨0.00
Syphon Filter,‚Ç¨4.99,‚Ç¨2.49,‚Ç¨2.50
Tekken,‚Ç¨4.99,‚Ç¨4.99,‚Ç¨0.00
Tekken 2,‚Ç¨4.99,‚Ç¨4.99,‚Ç¨0.00
Theme Hospital,‚Ç¨4.99,‚Ç¨4.99,‚Ç¨0.00
Tomb Raider (1996),‚Ç¨5.99,‚Ç¨1.99,‚Ç¨4.00
Tomb Raider II,‚Ç¨5.99,‚Ç¨1.99,‚Ç¨4.00
Tomb Raider III,‚Ç¨5.99,‚Ç¨1.99,‚Ç¨4.00
Tomb Raider: The Last Revelation,‚Ç¨5.99,‚Ç¨1.99,‚Ç¨4.00
Tomb Raider: Chronicles,‚Ç¨5.99,‚Ç¨1.99,‚Ç¨4.00
Tomba!,‚Ç¨7.99,‚Ç¨4.99,‚Ç¨3.00
Tomba 2!: The Evil Swine Return,‚Ç¨7.99,‚Ç¨7.99,‚Ç¨0.00
Toy Story 2,‚Ç¨1.99,‚Ç¨1.99,‚Ç¨0.00
Toy Story Racer,‚Ç¨1.99,‚Ç¨1.99,‚Ç¨0.00
Twisted Metal (1995),‚Ç¨4.99,‚Ç¨1.99,‚Ç¨3.00
UmJammer Lammy,‚Ç¨4.99,‚Ç¨4.99,‚Ç¨0.00
Vib-Ribbon,‚Ç¨4.99,‚Ç¨1.99,‚Ç¨3.00
Wipeout (1995),‚Ç¨9.99,‚Ç¨1.99,‚Ç¨8.00
WWF! Smackdown 2: Know Your Role,‚Ç¨9.99,‚Ç¨9.99,‚Ç¨0.00
Deus Ex (2002),‚Ç¨9.99,‚Ç¨9.99,‚Ç¨0.00
Sonic Heroes,‚Ç¨9.99,‚Ç¨9.99,‚Ç¨0.00
Stuntman: Ignition,‚Ç¨9.99,‚Ç¨9.99,‚Ç¨0.00
The Sims,‚Ç¨14.99,‚Ç¨14.99,‚Ç¨0.00
The Sims 2,‚Ç¨14.99,‚Ç¨14.99,‚Ç¨0.00
Alice: Madness Returns,‚Ç¨19.99,‚Ç¨19.99,‚Ç¨0.00
Angry Birds Trilogy,‚Ç¨29.99,‚Ç¨29.99,‚Ç¨0.00
Army of Two,‚Ç¨2.00,‚Ç¨2.00,‚Ç¨0.00
Bang Bang Racing,‚Ç¨9.99,‚Ç¨9.99,‚Ç¨0.00
Battlefield 3,‚Ç¨19.99,‚Ç¨0.00,‚Ç¨19.99
Bayonetta,‚Ç¨14.99,‚Ç¨4.00,‚Ç¨10.99
Beat Hazard Ultra,‚Ç¨6.99,‚Ç¨6.99,‚Ç¨0.00
Bentley's Hackpack,‚Ç¨1.99,‚Ç¨1.99,‚Ç¨0.00
Beyond Good and Evil HD,‚Ç¨9.99,‚Ç¨9.99,‚Ç¨0.00
Blur,‚Ç¨18.00,‚Ç¨18.00,‚Ç¨0.00
Brink,‚Ç¨0.50,‚Ç¨0.50,‚Ç¨0.00
Buzz! Quiz World,‚Ç¨42.00,‚Ç¨42.00,‚Ç¨0.00
Call of Duty: Modern Warfare 2 (2009),‚Ç¨29.99,‚Ç¨4.00,‚Ç¨25.99
Crazy Machines Elements,‚Ç¨4.99,‚Ç¨4.99,‚Ç¨0.00
Daytona USA,‚Ç¨7.99,‚Ç¨7.99,‚Ç¨0.00
Dead Rising 2,‚Ç¨14.99,‚Ç¨3.50,‚Ç¨11.49
Dead Space (2008),‚Ç¨12.99,‚Ç¨4.00,‚Ç¨8.99
Deus Ex: Human Revolution,‚Ç¨12.99,‚Ç¨6.00,‚Ç¨6.99
Dishonored,‚Ç¨9.99,‚Ç¨3.00,‚Ç¨6.99
DJ Hero,‚Ç¨2.50,‚Ç¨2.50,‚Ç¨0.00
DJ Hero 2,‚Ç¨2.50,‚Ç¨2.50,‚Ç¨0.00
Duke Nukem Forever,‚Ç¨12.99,‚Ç¨3.50,‚Ç¨9.49
Earthworm Jim HD,‚Ç¨9.99,‚Ç¨9.99,‚Ç¨0.00
F1 Race Stars,‚Ç¨9.99,‚Ç¨9.99,‚Ç¨0.00
Family Guy: Back to the Multiverse,‚Ç¨8.00,‚Ç¨8.00,‚Ç¨0.00
Far Cry Classic,‚Ç¨9.99,‚Ç¨9.99,‚Ç¨0.00
Far Cry 2,‚Ç¨9.99,‚Ç¨2.00,‚Ç¨7.99
Fat Princess,‚Ç¨9.99,‚Ç¨9.99,‚Ç¨0.00
F.E.A.R,‚Ç¨12.00,‚Ç¨12.00,‚Ç¨0.00
FIFA Street (2012),‚Ç¨4.00,‚Ç¨4.00,‚Ç¨0.00
Fight Night Champion,‚Ç¨19.99,‚Ç¨15.00,‚Ç¨4.99
Final Exam,‚Ç¨9.99,‚Ç¨9.99,‚Ç¨0.00
Final Fantasy XIII,‚Ç¨4.00,‚Ç¨4.00,‚Ç¨0.00
Girl Fight,‚Ç¨0.00,‚Ç¨0.00,‚Ç¨0.00
God of War (2005),‚Ç¨12.99,‚Ç¨4.99,‚Ç¨8.00
God of War II (2007),‚Ç¨12.00,‚Ç¨3.00,‚Ç¨9.00
Gran Turismo 5,‚Ç¨5.00,‚Ç¨5.00,‚Ç¨0.00
Grand Theft Auto IV: The Complete Collection,‚Ç¨49.97,‚Ç¨22.00,‚Ç¨27.97
Hitman: Absolution,‚Ç¨14.99,‚Ç¨5.00,‚Ç¨9.99
ICO Classics HD,‚Ç¨10.00,‚Ç¨10.00,‚Ç¨0.00
inFamous,‚Ç¨8.99,‚Ç¨8.99,‚Ç¨0.00
inFamous 2,‚Ç¨8.00,‚Ç¨8.00,‚Ç¨0.00
inFamous: Festival of Blood,‚Ç¨8.00,‚Ç¨8.00,‚Ç¨0.00
Jet Car Stunts,‚Ç¨6.99,‚Ç¨6.99,‚Ç¨0.00
Joe Danger 2: The Movie,‚Ç¨12.99,‚Ç¨12.99,‚Ç¨0.00
Kane and Lynch: Dead Men,‚Ç¨9.99,‚Ç¨2.00,‚Ç¨7.99
Kane and Lynch 2: Dog Days,‚Ç¨9.99,‚Ç¨2.00,‚Ç¨7.99
Killer is Dead,‚Ç¨19.99,‚Ç¨18.00,‚Ç¨1.99
Killzone,‚Ç¨12.99,‚Ç¨12.99,‚Ç¨0.00
LA Noire,‚Ç¨29.99,‚Ç¨29.99,‚Ç¨0.00
Lemmings (2007),‚Ç¨12.98,‚Ç¨12.98,‚Ç¨0.00
LittleBigPlanet,‚Ç¨10.50,‚Ç¨10.50,‚Ç¨0.00
LittleBigPlanet 2,‚Ç¨29.98,‚Ç¨19.49,‚Ç¨10.49
LittleBigPlanet Karting,‚Ç¨14.99,‚Ç¨14.99,‚Ç¨0.00
Lollipop Chainsaw,‚Ç¨12.00,‚Ç¨12.00,‚Ç¨0.00
Lone Survivor: The Director's Cut,‚Ç¨9.99,‚Ç¨9.99,‚Ç¨0.00
Mafia II,‚Ç¨29.99,‚Ç¨10.00,‚Ç¨19.99
Malicious,‚Ç¨7.99,‚Ç¨7.99,‚Ç¨0.00
Mass Effect 3,‚Ç¨19.99,‚Ç¨19.99,‚Ç¨0.00
Mensa Academy,‚Ç¨9.99,‚Ç¨9.99,‚Ç¨0.00
Metal Gear Solid 2: Sons of Liberty,‚Ç¨23.99,‚Ç¨23.99,‚Ç¨0.00
Metal Gear Solid 3: Snake Eater,‚Ç¨22.99,‚Ç¨22.99,‚Ç¨0.00
Metal Gear Solid: Peace Walker,‚Ç¨8.00,‚Ç¨8.00,‚Ç¨0.00
Metal Gear Solid 4: Guns of the Patriots,‚Ç¨14.99,‚Ç¨14.99,‚Ç¨0.00
Modnation Racers,‚Ç¨6.00,‚Ç¨6.00,‚Ç¨0.00
Mortal Kombat (2011),‚Ç¨19.99,‚Ç¨19.99,‚Ç¨0.00
Mortal Kombat Arcade Kollection (+2),‚Ç¨9.99,‚Ç¨9.99,‚Ç¨0.00
Motorstorm: Apocalypse,‚Ç¨14.99,‚Ç¨14.99,‚Ç¨0.00
Motorstorm: Pacific Rift,‚Ç¨5.00,‚Ç¨5.00,‚Ç¨0.00
Motorstorm RC,‚Ç¨8.99,‚Ç¨3.99,‚Ç¨5.00
Naughty Bear,‚Ç¨5.00,‚Ç¨5.00,‚Ç¨0.00
Need for Speed: Most Wanted (2012),‚Ç¨14.99,‚Ç¨0.00,‚Ç¨14.99
Need for Speed: Shift,‚Ç¨4.00,‚Ç¨4.00,‚Ç¨0.00
Need for Speed: The Run,‚Ç¨19.99,‚Ç¨4.00,‚Ç¨15.99
Oddworld: Munch's Oddysee,‚Ç¨8.99,‚Ç¨8.99,‚Ç¨0.00
Oddworld: Stranger's Wrath,‚Ç¨12.99,‚Ç¨12.99,‚Ç¨0.00
PAYDAY: The Heist,‚Ç¨12.99,‚Ç¨12.99,‚Ç¨0.00
PlayStation All Stars Battle Royale,‚Ç¨14.99,‚Ç¨14.99,‚Ç¨0.00
PlayStation Move Heroes,‚Ç¨12.49,‚Ç¨7.50,‚Ç¨4.99
Prince of Persia: The Sands of Time,‚Ç¨5.00,‚Ç¨5.00,‚Ç¨0.00
Prince of Persia: Warrior Within,‚Ç¨5.00,‚Ç¨5.00,‚Ç¨0.00
Prince of Persia: The Two Thrones,‚Ç¨4.99,‚Ç¨4.99,‚Ç¨0.00
Pro Evolution Soccer 2010,‚Ç¨0.50,‚Ç¨0.50,‚Ç¨0.00
Quantum Conundrum,‚Ç¨10.99,‚Ç¨10.99,‚Ç¨0.00
Ratchet & Clank (2002),‚Ç¨8.99,‚Ç¨3.99,‚Ç¨5.00
Ratchet & Clank 2,‚Ç¨8.00,‚Ç¨3.00,‚Ç¨5.00
Ratchet & Clank 3,‚Ç¨8.00,‚Ç¨3.00,‚Ç¨5.00
Ratchet & Clank: A Crack in Time,‚Ç¨14.99,‚Ç¨10.00,‚Ç¨4.99
Ratchet: Gladiator,‚Ç¨14.99,‚Ç¨14.99,‚Ç¨0.00
Ratchet & Clank: Nexus,‚Ç¨14.99,‚Ç¨14.99,‚Ç¨0.00
Ratchet & Clank: QForce,‚Ç¨14.99,‚Ç¨4.99,‚Ç¨10.00
Ratchet & Clank: Quest for Booty,‚Ç¨9.99,‚Ç¨9.99,‚Ç¨0.00
Ratchet & Clank: Tools of Destruction,‚Ç¨14.99,‚Ç¨10.00,‚Ç¨4.99
Rayman 3 HD,‚Ç¨9.99,‚Ç¨9.99,‚Ç¨0.00
Rayman Origins,‚Ç¨29.98,‚Ç¨26.99,‚Ç¨2.99
Red Dead Redemption,‚Ç¨44.98,‚Ç¨18.00,‚Ç¨26.98
Resistance,‚Ç¨2.00,‚Ç¨2.00,‚Ç¨0.00
Saints Row 2,‚Ç¨4.99,‚Ç¨0.00,‚Ç¨4.99
Sam and Max Season 3: The Devils Playhouse TTG,‚Ç¨24.99,‚Ç¨24.99,‚Ç¨0.00
Shadow of the Colossus Classics HD,‚Ç¨9.99,‚Ç¨9.99,‚Ç¨0.00
Silent Hill HD Collection,‚Ç¨22.00,‚Ç¨22.00,‚Ç¨0.00
Siren Blood Curse,‚Ç¨12.99,‚Ç¨12.99,‚Ç¨0.00
Skate 2,‚Ç¨12.00,‚Ç¨12.00,‚Ç¨0.00
Sly Cooper and the Thievius Raccoonus,‚Ç¨8.99,‚Ç¨1.99,‚Ç¨7.00
Sly 2: Band of Thieves,‚Ç¨8.00,‚Ç¨3.00,‚Ç¨5.00
Sly 3: Honour Among Thieves,‚Ç¨8.00,‚Ç¨3.00,‚Ç¨5.00
Sonic Generations,‚Ç¨14.99,‚Ç¨14.99,‚Ç¨0.00
Spec Ops: The Line,‚Ç¨19.99,‚Ç¨19.99,‚Ç¨0.00
Streets of Rage 2,‚Ç¨4.49,‚Ç¨4.49,‚Ç¨0.00
Super Rub a Dub,‚Ç¨4.99,‚Ç¨4.99,‚Ç¨0.00
Superfrog HD,‚Ç¨9.99,‚Ç¨9.99,‚Ç¨0.00
Syndicate,‚Ç¨1.00,‚Ç¨1.00,‚Ç¨0.00
Tales of Grace f,‚Ç¨15.00,‚Ç¨15.00,‚Ç¨0.00
Tales of Xillia,‚Ç¨14.99,‚Ç¨14.99,‚Ç¨0.00
Tekken 5: Dark Resurrection,‚Ç¨19.99,‚Ç¨19.99,‚Ç¨0.00
Tekken Revolution,‚Ç¨0.00,‚Ç¨0.00,‚Ç¨0.00
The Amazing Spider-Man,‚Ç¨15.00,‚Ç¨15.00,‚Ç¨0.00
The Baconing,‚Ç¨12.99,‚Ç¨12.99,‚Ç¨0.00
The Cave,‚Ç¨0.00,‚Ç¨0.00,‚Ç¨0.00
The Cube,‚Ç¨9.99,‚Ç¨9.99,‚Ç¨0.00
The Darkness,‚Ç¨3.00,‚Ç¨3.00,‚Ç¨0.00
The Darkness 2,‚Ç¨2.50,‚Ç¨2.50,‚Ç¨0.00
The House of the Dead: Overkill,‚Ç¨5.00,‚Ç¨5.00,‚Ç¨0.00
The Secret of Monkey Island: Special Edition,‚Ç¨4.99,‚Ç¨4.99,‚Ç¨0.00
The Simpsons Arcade Game,‚Ç¨9.99,‚Ç¨9.99,‚Ç¨0.00
The Simpsons Game,‚Ç¨28.00,‚Ç¨28.00,‚Ç¨0.00
The Sims 3,‚Ç¨18.00,‚Ç¨18.00,‚Ç¨0.00
The Sims 3: Pets,‚Ç¨18.00,‚Ç¨18.00,‚Ç¨0.00
Tiger Woods PGA Tour 11,‚Ç¨1.00,‚Ç¨1.00,‚Ç¨0.00
ToeJam and Earl (1991),‚Ç¨2.75,‚Ç¨2.75,‚Ç¨0.00
ToeJam and Earl: Panic on Funkotron,‚Ç¨2.74,‚Ç¨2.74,‚Ç¨0.00
Tokyo Jungle,‚Ç¨12.99,‚Ç¨12.99,‚Ç¨0.00
Tony Hawk's Pro Skater HD,‚Ç¨9.99,‚Ç¨9.99,‚Ç¨0.00
Twisted Metal (2012),‚Ç¨12.99,‚Ç¨5.00,‚Ç¨7.99
UFC 2009 Undisputed,‚Ç¨2.00,‚Ç¨2.00,‚Ç¨0.00
Velocity Ultra,‚Ç¨7.99,‚Ç¨7.99,‚Ç¨0.00
When Vikings Attack,‚Ç¨4.99,‚Ç¨4.99,‚Ç¨0.00
XCOM Enemy Unknown,‚Ç¨39.98,‚Ç¨25.98,‚Ç¨14.00
Yakuza: Dead Souls,‚Ç¨19.99,‚Ç¨0.00,‚Ç¨19.99
Zombie Tycoon II: Brainhov's Revenge,‚Ç¨6.19,‚Ç¨6.19,‚Ç¨0.00
[Prototype],‚Ç¨24.99,‚Ç¨7.99,‚Ç¨17.00
[Prototype 2],‚Ç¨24.99,‚Ç¨7.99,‚Ç¨17.00
101 Ways To Die,‚Ç¨9.99,‚Ç¨4.99,‚Ç¨5.00
60 Seconds! Reatomized,‚Ç¨9.99,‚Ç¨0.00,‚Ç¨9.99
A Boy And His Blob,‚Ç¨9.99,‚Ç¨3.99,‚Ç¨6.00
Absolute Drift: Zen Edition,‚Ç¨11.99,‚Ç¨7.99,‚Ç¨4.00
Abzu,‚Ç¨19.99,‚Ç¨0.00,‚Ç¨19.99
Active Soccer 2 DX,‚Ç¨9.99,‚Ç¨6.99,‚Ç¨3.00
Amnesia: Collection,‚Ç¨28.49,‚Ç¨3.13,‚Ç¨25.36
Amplitude,‚Ç¨19.99,‚Ç¨9.99,‚Ç¨10.00
Another World,‚Ç¨7.99,‚Ç¨2.99,‚Ç¨5.00
Ape Escape 2,‚Ç¨9.99,‚Ç¨3.99,‚Ç¨6.00
Ark: Survival Evolved,‚Ç¨29.99,‚Ç¨0.00,‚Ç¨29.99
Armello,‚Ç¨19.99,‚Ç¨7.99,‚Ç¨12.00
Armikrog,‚Ç¨9.99,‚Ç¨1.99,‚Ç¨8.00
Art Of Balance,‚Ç¨8.99,‚Ç¨2.99,‚Ç¨6.00
Assault Android Cactus,‚Ç¨14.49,‚Ç¨3.99,‚Ç¨10.50
Aven Colony,‚Ç¨29.99,‚Ç¨14.99,‚Ç¨15.00
Back To The Future TTG,‚Ç¨12.98,‚Ç¨12.98,‚Ç¨0.00
Badland,‚Ç¨11.99,‚Ç¨4.99,‚Ç¨7.00
Batman Season 1 TTG,‚Ç¨19.99,‚Ç¨19.99,‚Ç¨0.00
Batman Season 2 TTG,‚Ç¨14.99,‚Ç¨14.99,‚Ç¨0.00
Batman: Arkham Asylum,‚Ç¨19.99,‚Ç¨7.99,‚Ç¨12.00
Batman: Arkham City,‚Ç¨19.99,‚Ç¨7.99,‚Ç¨12.00
Batman: Arkham Knight,‚Ç¨19.99,‚Ç¨7.99,‚Ç¨12.00
Battlefield 1: Revolution,‚Ç¨19.99,‚Ç¨0.00,‚Ç¨19.99
Bear With Me,‚Ç¨14.99,‚Ç¨7.49,‚Ç¨7.50
Beat Cop,‚Ç¨14.99,‚Ç¨1.49,‚Ç¨13.50
Beyond Eyes,‚Ç¨12.99,‚Ç¨3.99,‚Ç¨9.00
Beyond Two Souls,‚Ç¨19.99,‚Ç¨5.99,‚Ç¨14.00
BioShock 1 & 2: The Collection,‚Ç¨24.99,‚Ç¨9.99,‚Ç¨15.00
BioShock Infinite: The Collection,‚Ç¨24.99,‚Ç¨9.99,‚Ç¨15.00
BLACKSAD: Under the Skin,‚Ç¨39.99,‚Ç¨7.99,‚Ç¨32.00
Blood Bowl 2,‚Ç¨19.99,‚Ç¨7.49,‚Ç¨12.50
Bloodborne,‚Ç¨34.99,‚Ç¨18.24,‚Ç¨16.75
Borderlands: The Handsome Collection,‚Ç¨109.98,‚Ç¨62.98,‚Ç¨47.00
Borderlands: Game of the Year Edition,‚Ç¨29.99,‚Ç¨29.99,‚Ç¨0.00
Bridge Constructor,‚Ç¨9.99,‚Ç¨3.99,‚Ç¨6.00
Broforce,‚Ç¨14.99,‚Ç¨4.99,‚Ç¨10.00
Broken Age,‚Ç¨14.99,‚Ç¨6.99,‚Ç¨8.00
Brothers: A Tale of Two Sons,‚Ç¨19.99,‚Ç¨4.99,‚Ç¨15.00
Bully (Canis Canem Edit),‚Ç¨23.98,‚Ç¨15.98,‚Ç¨8.00
Burnout Paradise: Remastered,‚Ç¨39.98,‚Ç¨9.99,‚Ç¨29.99
Call of Duty: Black Ops III,‚Ç¨69.99,‚Ç¨0.00,‚Ç¨69.99
Captain Tsubasa: Rise of New Champions,‚Ç¨59.99,‚Ç¨19.79,‚Ç¨40.20
Castle Crashers: Remastered,‚Ç¨30.98,‚Ç¨30.98,‚Ç¨0.00
Castlevania Requiem: Symphony of the Night and Rondo of Blood,‚Ç¨29.98,‚Ç¨8.99,‚Ç¨20.99
Catherine: Full Body,‚Ç¨79.98,‚Ç¨79.98,‚Ç¨0.00
Cel Damage HD,‚Ç¨13.98,‚Ç¨7.98,‚Ç¨6.00
Celeste,‚Ç¨19.99,‚Ç¨11.99,‚Ç¨8.00
Child Of Light,‚Ç¨14.99,‚Ç¨4.99,‚Ç¨10.00
Chime Sharp,‚Ç¨9.99,‚Ç¨2.99,‚Ç¨7.00
Cities: Skylines,‚Ç¨139.98,‚Ç¨84.98,‚Ç¨55.00
Claire,‚Ç¨16.99,‚Ç¨4.99,‚Ç¨12.00
ClusterTruck,‚Ç¨14.99,‚Ç¨4.49,‚Ç¨10.50
Code Vein,‚Ç¨69.99,‚Ç¨0.00,‚Ç¨69.99
Color Slayer,‚Ç¨1.99,‚Ç¨1.99,‚Ç¨0.00
Concrete Genie,‚Ç¨29.99,‚Ç¨23.99,‚Ç¨6.00
Cosmophony,‚Ç¨4.99,‚Ç¨1.99,‚Ç¨3.00
CounterSpy,‚Ç¨12.99,‚Ç¨3.99,‚Ç¨9.00
Crash Bandicoot N Sane Trilogy (2017),‚Ç¨39.99,‚Ç¨39.99,‚Ç¨0.00
Crash Team Racing: Nitro Fueled (2019),‚Ç¨59.99,‚Ç¨59.99,‚Ç¨0.00
Croixleur Sigma,‚Ç¨13.99,‚Ç¨4.99,‚Ç¨9.00
Curse of the Dead Gods,‚Ç¨19.99,‚Ç¨0.00,‚Ç¨19.99
Danger Zone,‚Ç¨10.99,‚Ç¨2.99,‚Ç¨8.00
Dangerous Driving,‚Ç¨29.99,‚Ç¨7.49,‚Ç¨22.50
Dangerous Golf,‚Ç¨7.99,‚Ç¨2.99,‚Ç¨5.00
Dark Chronicle,‚Ç¨14.99,‚Ç¨14.99,‚Ç¨0.00
Dark Cloud,‚Ç¨14.99,‚Ç¨8.99,‚Ç¨6.00
Dark Souls II: Scholar of the First Sin,‚Ç¨19.99,‚Ç¨9.99,‚Ç¨10.00
Dark Souls III,‚Ç¨49.99,‚Ç¨11.99,‚Ç¨38.00
Dark Souls Remastered,‚Ç¨39.99,‚Ç¨14.79,‚Ç¨25.20
Day Of The Tentacle Remastered,‚Ç¨14.99,‚Ç¨4.74,‚Ç¨10.25
Days Gone,‚Ç¨69.99,‚Ç¨0.00,‚Ç¨69.99
Dead End Job,‚Ç¨14.99,‚Ç¨2.99,‚Ç¨12.00
Dead Island: Retro Revenge,‚Ç¨4.99,‚Ç¨2.99,‚Ç¨2.00
Dead or Alive 5: Last Round,‚Ç¨59.98,‚Ç¨33.98,‚Ç¨26.00
Dead Rising,‚Ç¨19.99,‚Ç¨4.99,‚Ç¨15.00
Deadpool,‚Ç¨39.99,‚Ç¨19.99,‚Ç¨20.00
Death Squared,‚Ç¨13.99,‚Ç¨6.99,‚Ç¨7.00
DEEEER Simulator: Your Average Everyday Deer Game,‚Ç¨16.99,‚Ç¨13.59,‚Ç¨3.40
Destroy All Humans! (2005),‚Ç¨19.99,‚Ç¨7.99,‚Ç¨12.00
Destroy All Humans! 2 (2006),‚Ç¨19.99,‚Ç¨7.99,‚Ç¨12.00
Destroy All Humans! (2020),‚Ç¨39.99,‚Ç¨31.99,‚Ç¨8.00
Detroit: Become Human,‚Ç¨29.99,‚Ç¨0.00,‚Ç¨29.99
Devil May Cry Trilogy HD Collection,‚Ç¨21.99,‚Ç¨10.99,‚Ç¨11.00
Devil May Cry 4,‚Ç¨22.99,‚Ç¨10.99,‚Ç¨12.00
Devil May Cry 5,‚Ç¨49.99,‚Ç¨44.99,‚Ç¨5.00
Dex,‚Ç¨19.99,‚Ç¨9.99,‚Ç¨10.00
Disney Classic Games: Aladdin & The Lion King,‚Ç¨34.99,‚Ç¨34.99,‚Ç¨0.00
Doki-Doki Universe,‚Ç¨7.49,‚Ç¨1.99,‚Ç¨5.50
Donut County,‚Ç¨12.99,‚Ç¨6.49,‚Ç¨6.50
Doom (1993),‚Ç¨4.99,‚Ç¨2.49,‚Ç¨2.50
Doom II,‚Ç¨4.99,‚Ç¨2.49,‚Ç¨2.50
Doom 64,‚Ç¨4.99,‚Ç¨2.49,‚Ç¨2.50
Downwell,‚Ç¨4.99,‚Ç¨1.99,‚Ç¨3.00
DreamBall,‚Ç¨5.99,‚Ç¨5.99,‚Ç¨0.00
Dreams,‚Ç¨39.99,‚Ç¨29.99,‚Ç¨10.00
Duke Nukem 3D,‚Ç¨22.98,‚Ç¨8.98,‚Ç¨14.00
Empire of Sin: Deluxe Edition,‚Ç¨49.99,‚Ç¨12.49,‚Ç¨37.50
Enter The Gungeon,‚Ç¨14.99,‚Ç¨7.49,‚Ç¨7.50
Entwined,‚Ç¨7.99,‚Ç¨1.99,‚Ç¨6.00
Escape Plan,‚Ç¨19.99,‚Ç¨19.99,‚Ç¨0.00
Everybody's Golf (2017),‚Ç¨75.93,‚Ç¨55.93,‚Ç¨20.00
Exit the Gungeon,‚Ç¨9.99,‚Ç¨6.99,‚Ç¨3.00
Fahrenheit (Indigo Prophecy),‚Ç¨13.49,‚Ç¨5.39,‚Ç¨8.10
Fallout 4,‚Ç¨19.99,‚Ç¨12.99,‚Ç¨7.00
Far Cry 3,‚Ç¨29.99,‚Ç¨17.99,‚Ç¨12.00
Far Cry 4,‚Ç¨24.99,‚Ç¨7.99,‚Ç¨17.00
Far Cry 5,‚Ç¨99.98,‚Ç¨49.98,‚Ç¨50.00
Far Cry: New Dawn,‚Ç¨54.99,‚Ç¨27.49,‚Ç¨27.50
Far Cry: Primal,‚Ç¨24.99,‚Ç¨7.99,‚Ç¨17.00
Fat Princess Adventures,‚Ç¨19.99,‚Ç¨9.99,‚Ç¨10.00
Fez,‚Ç¨9.99,‚Ç¨1.99,‚Ç¨8.00
FIFA 18,‚Ç¨69.99,‚Ç¨69.99,‚Ç¨0.00
FIFA 19,‚Ç¨69.99,‚Ç¨39.89,‚Ç¨30.10
FIFA 20,‚Ç¨69.99,‚Ç¨27.99,‚Ç¨42.00
Final Fantasy X/X-2 HD Remaster,‚Ç¨29.99,‚Ç¨14.99,‚Ç¨15.00
Final Fantasy XV: Royal Edition,‚Ç¨34.99,‚Ç¨0.00,‚Ç¨34.99
Five Dates,‚Ç¨11.66,‚Ç¨5.83,‚Ç¨5.83
Flashback,‚Ç¨19.99,‚Ç¨0.99,‚Ç¨19.00
Flockers,‚Ç¨24.99,‚Ç¨4.99,‚Ç¨20.00
flOw,‚Ç¨4.99,‚Ç¨1.99,‚Ç¨3.00
Flower,‚Ç¨7.99,‚Ç¨1.99,‚Ç¨6.00
forma.8,‚Ç¨9.99,‚Ç¨2.99,‚Ç¨7.00
Formula Retro Racing,‚Ç¨5.99,‚Ç¨3.59,‚Ç¨2.40
Futuridium,‚Ç¨9.99,‚Ç¨2.99,‚Ç¨7.00
Game Of Thrones TTG,‚Ç¨14.99,‚Ç¨14.99,‚Ç¨0.00
Geometry Wars 3: Dimensions Evolved,‚Ç¨14.99,‚Ç¨3.99,‚Ç¨11.00
Ghost Blade HD,‚Ç¨8.99,‚Ç¨3.99,‚Ç¨5.00
Ghost of Tsushima,‚Ç¨69.99,‚Ç¨49.69,‚Ç¨20.30
Ghostbusters,‚Ç¨29.99,‚Ç¨7.99,‚Ç¨22.00
Goat Simulator,‚Ç¨31.95,‚Ç¨18.55,‚Ç¨13.40
God of War (2018),‚Ç¨19.99,‚Ç¨0.00,‚Ç¨19.99
God of War III Remastered,‚Ç¨19.99,‚Ç¨9.99,‚Ç¨10.00
Good Dog Bad Dog,‚Ç¨16.99,‚Ç¨0.00,‚Ç¨16.99
Granblue Fantasy: Versus,‚Ç¨19.99,‚Ç¨0.00,‚Ç¨19.99
Grand Ages: Medieval,‚Ç¨39.99,‚Ç¨3.99,‚Ç¨36.00
Grand Theft Auto III (2001),‚Ç¨10.99,‚Ç¨5.99,‚Ç¨5.00
Grand Theft Auto: San Andreas (2004),‚Ç¨12.00,‚Ç¨7.00,‚Ç¨5.00
Grand Theft Auto: Vice City (2002),‚Ç¨12.00,‚Ç¨7.00,‚Ç¨5.00
Grim Fandango Remastered,‚Ç¨14.99,‚Ç¨3.99,‚Ç¨11.00
Harvest Moon: A Wonderful Life,‚Ç¨14.99,‚Ç¨4.99,‚Ç¨10.00
Hatoful Boyfriend,‚Ç¨9.99,‚Ç¨2.99,‚Ç¨7.00
Heart&Slash,‚Ç¨19.99,‚Ç¨3.99,‚Ç¨16.00
Heavy Rain,‚Ç¨22.99,‚Ç¨8.99,‚Ç¨14.00
Helldivers,‚Ç¨29.99,‚Ç¨29.99,‚Ç¨0.00
Hitman 2,‚Ç¨69.99,‚Ç¨0.00,‚Ç¨69.99
Hohokum,‚Ç¨12.99,‚Ç¨3.99,‚Ç¨9.00
Hollow Knight: Voidheart Edition,‚Ç¨14.49,‚Ç¨0.00,‚Ç¨14.49
Home,‚Ç¨4.99,‚Ç¨1.99,‚Ç¨3.00
HoPiKo,‚Ç¨6.99,‚Ç¨1.99,‚Ç¨5.00
Horizon Zero Dawn,‚Ç¨34.98,‚Ç¨27.98,‚Ç¨7.00
Hotline Miami,‚Ç¨0.00,‚Ç¨0.00,‚Ç¨0.00
Hotline Miami 2: Wrong Number,‚Ç¨14.99,‚Ç¨3.59,‚Ç¨11.40
Hue,‚Ç¨14.99,‚Ç¨4.99,‚Ç¨10.00
I am Bread,‚Ç¨12.99,‚Ç¨2.59,‚Ç¨10.40
inFamous First Light,‚Ç¨14.99,‚Ç¨7.99,‚Ç¨7.00
inFamous Second Son,‚Ç¨14.99,‚Ç¨6.99,‚Ç¨8.00
Injustice: Gods Among Us,‚Ç¨59.99,‚Ç¨9.59,‚Ç¨50.40
Injustice 2,‚Ç¨19.99,‚Ç¨0.00,‚Ç¨19.99
Jak 3,‚Ç¨26.98,‚Ç¨26.98,‚Ç¨0.00
Jak and Daxter: The Precursor Legacy,‚Ç¨26.98,‚Ç¨26.98,‚Ç¨0.00
Jak II,‚Ç¨24.97,‚Ç¨24.97,‚Ç¨0.00
Jak X: Combat Racing,‚Ç¨9.99,‚Ç¨9.99,‚Ç¨0.00
Jazzpunk: Director's Cut,‚Ç¨17.99,‚Ç¨4.99,‚Ç¨13.00
Jetpack Joyride,‚Ç¨5.58,‚Ç¨3.98,‚Ç¨1.60
Journey,‚Ç¨14.99,‚Ç¨14.99,‚Ç¨0.00
Just Die Already,‚Ç¨13.99,‚Ç¨6.29,‚Ç¨7.70
Kandagawa Jet Girls,‚Ç¨39.99,‚Ç¨14.79,‚Ç¨25.20
Katamari Damacy: Reroll,‚Ç¨49.98,‚Ç¨40.98,‚Ç¨9.00
Keep Talking and Nobody Explodes,‚Ç¨14.99,‚Ç¨7.49,‚Ç¨7.50
Kingdom Hearts HD 1.5 & 2.5,‚Ç¨36.99,‚Ç¨12.10,‚Ç¨24.89
Kingdom Hearts HD 2.8 Final Chapter Prologue,‚Ç¨36.99,‚Ç¨12.10,‚Ç¨24.89
Kingdom Hearts III,‚Ç¨35.99,‚Ç¨12.09,‚Ç¨23.90
Kingdoms of Amalur: Re-Reckoning,‚Ç¨39.99,‚Ç¨0.00,‚Ç¨39.99
Knack,‚Ç¨19.99,‚Ç¨7.99,‚Ç¨12.00
Knack 2,‚Ç¨39.99,‚Ç¨13.99,‚Ç¨26.00
LA Cops,‚Ç¨13.99,‚Ç¨2.99,‚Ç¨11.00
LEGO City Undercover,‚Ç¨59.99,‚Ç¨16.99,‚Ç¨43.00
LEGO DC Super-Villains,‚Ç¨59.99,‚Ç¨0.00,‚Ç¨59.99
LEGO Harry Potter Collection,‚Ç¨39.99,‚Ç¨19.99,‚Ç¨20.00
LEGO Marvel Super-Heroes,‚Ç¨39.99,‚Ç¨9.99,‚Ç¨30.00
Leisure Suit Larry: Wet Dreams Don't Dry,‚Ç¨39.99,‚Ç¨7.99,‚Ç¨32.00
Leisure Suit Larry: Wet Dreams Dry Twice,‚Ç¨39.99,‚Ç¨11.99,‚Ç¨28.00
Lichtspeer,‚Ç¨9.99,‚Ç¨5.99,‚Ç¨4.00
Life Is Strange,‚Ç¨16.99,‚Ç¨5.99,‚Ç¨11.00
Little Nightmares,‚Ç¨19.99,‚Ç¨0.00,‚Ç¨19.99
LittleBigPlanet 3,‚Ç¨19.99,‚Ç¨9.99,‚Ç¨10.00
LocoRoco,‚Ç¨14.99,‚Ç¨14.99,‚Ç¨0.00
Lovers In A Dangerous Spacetime,‚Ç¨14.99,‚Ç¨4.99,‚Ç¨10.00
LUMO,‚Ç¨17.99,‚Ç¨9.99,‚Ç¨8.00
Mafia: Definitive Edition (2020),‚Ç¨39.99,‚Ç¨29.99,‚Ç¨10.00
Mafia III,‚Ç¨39.99,‚Ç¨9.99,‚Ç¨30.00
Manhunt,‚Ç¨13.99,‚Ç¨5.99,‚Ç¨8.00
Manual Samuel,‚Ç¨9.99,‚Ç¨4.99,‚Ç¨5.00
Marvel's Guardians Of The Galaxy TTG,‚Ç¨14.99,‚Ç¨14.99,‚Ç¨0.00
Marvel's Spider-Man,‚Ç¨79.99,‚Ç¨0.00,‚Ç¨79.99
Mass Effect: Legendary Edition,‚Ç¨69.99,‚Ç¨44.79,‚Ç¨25.20
Max Payne,‚Ç¨13.99,‚Ç¨5.99,‚Ç¨8.00
MediEvil (2019),‚Ç¨29.99,‚Ç¨29.99,‚Ç¨0.00
Mega Man Legacy Collection,‚Ç¨14.99,‚Ç¨7.99,‚Ç¨7.00
Mega Man Legacy Collection 2,‚Ç¨14.99,‚Ç¨7.99,‚Ç¨7.00
Mega Man X Legacy Collection,‚Ç¨19.99,‚Ç¨11.99,‚Ç¨8.00
Mega Man X Legacy Collection 2,‚Ç¨19.99,‚Ç¨11.99,‚Ç¨8.00
Metal Gear Solid V: The Phantom Pain,‚Ç¨29.99,‚Ç¨7.49,‚Ç¨22.50
Metro Redux,‚Ç¨29.99,‚Ç¨4.49,‚Ç¨25.50
Micro Machines World Series,‚Ç¨39.99,‚Ç¨26.99,‚Ç¨13.00
Minecraft Dungeons,‚Ç¨19.99,‚Ç¨0.00,‚Ç¨19.99
Minutes,‚Ç¨4.49,‚Ç¨3.49,‚Ç¨1.00
Monopoly Family Fun Pack,‚Ç¨29.99,‚Ç¨19.99,‚Ç¨10.00
Monster Hunter World: Iceborne,‚Ç¨19.99,‚Ç¨0.00,‚Ç¨19.99
Mortal Kombat X,‚Ç¨19.99,‚Ç¨0.00,‚Ç¨19.99
Mortal Shell,‚Ç¨29.99,‚Ç¨0.00,‚Ç¨29.99
Mother Russia Bleeds,‚Ç¨12.99,‚Ç¨4.49,‚Ç¨8.50
Need for Speed Heat,‚Ç¨69.99,‚Ç¨0.00,‚Ç¨69.99
Neon Chrome,‚Ç¨14.99,‚Ç¨4.49,‚Ç¨10.50
Neon Drive,‚Ç¨9.99,‚Ç¨4.99,‚Ç¨5.00
Night Book,‚Ç¨11.67,‚Ç¨5.83,‚Ç¨5.84
Ninja Senki DX,‚Ç¨5.99,‚Ç¨1.99,‚Ç¨4.00
Nitroplus Blasterz: Heroines Infinite Duel,‚Ç¨19.99,‚Ç¨14.99,‚Ç¨5.00
Octodad: Dadliest Catch,‚Ç¨13.99,‚Ç¨7.00,‚Ç¨6.99
Oddworld: New n Tasty,‚Ç¨23.58,‚Ç¨20.98,‚Ç¨2.60
Okami HD,‚Ç¨19.99,‚Ç¨13.99,‚Ç¨6.00
OlliOlli: Epic Combo Edition,‚Ç¨24.99,‚Ç¨9.99,‚Ç¨15.00
OlliOlli 2,‚Ç¨12.99,‚Ç¨6.49,‚Ç¨6.50
One Piece Unlimited World Red,‚Ç¨79.98,‚Ç¨18.98,‚Ç¨61.00
Onee Chanbara Origin,‚Ç¨49.99,‚Ç¨22.49,‚Ç¨27.50
Outbreak: Epidemic,‚Ç¨14.99,‚Ç¨8.24,‚Ç¨6.75
Outlast,‚Ç¨18.99,‚Ç¨3.79,‚Ç¨15.20
Oxenfree,‚Ç¨9.99,‚Ç¨4.99,‚Ç¨5.00
Pac-Man 256,‚Ç¨4.99,‚Ç¨4.99,‚Ç¨0.00
PaRappa The Rapper Remastered,‚Ç¨14.99,‚Ç¨14.99,‚Ç¨0.00
PaRappa The Rapper 2,‚Ç¨9.99,‚Ç¨5.99,‚Ç¨4.00
Party Hard,‚Ç¨12.99,‚Ç¨4.99,‚Ç¨8.00
Party Hard 2,‚Ç¨19.99,‚Ç¨4.99,‚Ç¨15.00
Persona 5,‚Ç¨69.99,‚Ç¨34.99,‚Ç¨35.00
Persona 5 Strikers,‚Ç¨59.99,‚Ç¨0.00,‚Ç¨59.99
PGA Tour 2K21,‚Ç¨59.99,‚Ç¨0.00,‚Ç¨59.99
Pic-A-Pix Color,‚Ç¨7.99,‚Ç¨3.99,‚Ç¨4.00
PixelJunk Shooter Ultimate,‚Ç¨11.99,‚Ç¨2.99,‚Ç¨9.00
Plants vs Zombies: Battle for Neighborville,‚Ç¨39.99,‚Ç¨24.99,‚Ç¨15.00
Please Don't Touch Anything,‚Ç¨9.99,‚Ç¨4.99,‚Ç¨5.00
Poltergeist: A Pixelated Horror,‚Ç¨7.99,‚Ç¨2.99,‚Ç¨5.00
Polybius,‚Ç¨16.99,‚Ç¨4.99,‚Ç¨12.00
PONG Quest,‚Ç¨17.99,‚Ç¨8.99,‚Ç¨9.00
Postal Redux,‚Ç¨9.99,‚Ç¨3.49,‚Ç¨6.50
Psychonauts,‚Ç¨10.99,‚Ç¨7.99,‚Ç¨3.00
Psychonauts 2,‚Ç¨59.99,‚Ç¨41.99,‚Ç¨18.00
Pumped BMX+,‚Ç¨9.99,‚Ç¨2.99,‚Ç¨7.00
Putty Squad,‚Ç¨24.99,‚Ç¨6.99,‚Ç¨18.00
Quake,‚Ç¨9.99,‚Ç¨4.99,‚Ç¨5.00
Quest Of Dungeons,‚Ç¨8.99,‚Ç¨3.99,‚Ç¨5.00
Rally Copters,‚Ç¨10.99,‚Ç¨10.99,‚Ç¨0.00
Ratchet & Clank (2016),‚Ç¨39.99,‚Ç¨16.49,‚Ç¨23.50
Rayman Legends,‚Ç¨39.98,‚Ç¨26.99,‚Ç¨12.99
Red Dead Redemption 2,‚Ç¨69.99,‚Ç¨34.99,‚Ç¨35.00
Red Dead Revolver,‚Ç¨13.99,‚Ç¨5.99,‚Ç¨8.00
Resident Evil 0,‚Ç¨19.99,‚Ç¨4.99,‚Ç¨15.00
Resident Evil (2002),‚Ç¨19.99,‚Ç¨4.99,‚Ç¨15.00
Resident Evil 4 (2005),‚Ç¨19.99,‚Ç¨7.99,‚Ç¨12.00
Resident Evil 5,‚Ç¨19.99,‚Ç¨7.99,‚Ç¨12.00
Resident Evil 6,‚Ç¨19.99,‚Ç¨7.99,‚Ç¨12.00
Resident Evil Revelations,‚Ç¨19.99,‚Ç¨7.49,‚Ç¨12.50
Resident Evil Revelations 2,‚Ç¨19.99,‚Ç¨7.49,‚Ç¨12.50
Resident Evil: Re:Verse,‚Ç¨0.00,‚Ç¨0.00,‚Ç¨0.00
Resident Evil: Resistance,‚Ç¨0.00,‚Ç¨0.00,‚Ç¨0.00
RESOGUN,‚Ç¨12.99,‚Ç¨3.99,‚Ç¨9.00
Retro City Rampage DX,‚Ç¨9.99,‚Ç¨4.99,‚Ç¨5.00
Riptide GP: Renegade,‚Ç¨9.99,‚Ç¨3.99,‚Ç¨6.00
Rise Of The Tomb Raider,‚Ç¨29.99,‚Ç¨14.99,‚Ç¨15.00
Risk Of Rain,‚Ç¨8.99,‚Ç¨3.99,‚Ç¨5.00
Road Redemption,‚Ç¨19.99,‚Ç¨7.99,‚Ç¨12.00
Rock Boshers DX: Director's Cut,‚Ç¨5.49,‚Ç¨5.49,‚Ç¨0.00
Rocket League,‚Ç¨34.58,‚Ç¨26.58,‚Ç¨8.00
Rocketbirds 2: Evolution,‚Ç¨12.99,‚Ç¨12.99,‚Ç¨0.00
Rogue Legacy,‚Ç¨12.99,‚Ç¨4.99,‚Ç¨8.00
Rollercoaster Dreams,‚Ç¨20.99,‚Ç¨9.99,‚Ç¨11.00
Saban's Mighty Morphin Power Rangers: Mega Battle,‚Ç¨19.99,‚Ç¨3.99,‚Ç¨16.00
Saints Row IV: Re-Elected,‚Ç¨34.98,‚Ç¨7.49,‚Ç¨27.49
Saints Row IV: Gat out of Hell,‚Ç¨19.99,‚Ç¨7.99,‚Ç¨12.00
Sam and Max Season 1: Save The World TTG,‚Ç¨19.99,‚Ç¨14.99,‚Ç¨5.00
Sam and Max Season 2: Beyond Time and Space TTG,‚Ç¨19.99,‚Ç¨14.99,‚Ç¨5.00
Scott Pilgrim vs The World: The Game,‚Ç¨14.99,‚Ç¨8.99,‚Ç¨6.00
Scribblenauts Mega Pack,‚Ç¨29.99,‚Ç¨9.99,‚Ç¨20.00
Sekiro: Shadows Die Twice,‚Ç¨69.99,‚Ç¨45.49,‚Ç¨24.50
Shovel Knight: Pocket Dungeon,‚Ç¨19.99,‚Ç¨14.99,‚Ç¨5.00
Shovel Knight: Treasure Trove,‚Ç¨24.99,‚Ç¨24.99,‚Ç¨0.00
ShredIt,‚Ç¨8.99,‚Ç¨5.49,‚Ç¨3.50
Slain: Back from Hell,‚Ç¨14.99,‚Ç¨4.99,‚Ç¨10.00
Slay the Spire,‚Ç¨24.99,‚Ç¨0.00,‚Ç¨24.99
Sleeping Dogs,‚Ç¨29.99,‚Ç¨4.49,‚Ç¨25.50
Slender: The Arrival,‚Ç¨9.99,‚Ç¨1.49,‚Ç¨8.50
Sniper Elite V2 Remastered,‚Ç¨34.99,‚Ç¨3.49,‚Ç¨31.50
Sonic Mania,‚Ç¨24.98,‚Ç¨24.98,‚Ç¨0.00
SoulCalibur VI,‚Ç¨99.99,‚Ç¨99.99,‚Ç¨0.00
Sound Shapes,‚Ç¨14.99,‚Ç¨3.99,‚Ç¨11.00
South Park: The Fractured But Whole,‚Ç¨96.94,‚Ç¨57.94,‚Ç¨39.00
South Park: The Stick of Truth,‚Ç¨0.00,‚Ç¨0.00,‚Ç¨0.00
Spelunky,‚Ç¨14.99,‚Ç¨0.00,‚Ç¨14.99
SpongeBob Squarepants: Battle for Bikini Bottom - Rehydrated,‚Ç¨29.99,‚Ç¨17.99,‚Ç¨12.00
Spy Chameleon,‚Ç¨4.99,‚Ç¨1.99,‚Ç¨3.00
Spyro Reignited Trilogy (2018),‚Ç¨39.99,‚Ç¨39.99,‚Ç¨0.00
Star Wars Episode I: Racer,‚Ç¨14.99,‚Ç¨9.74,‚Ç¨5.25
Stardew Valley,‚Ç¨14.99,‚Ç¨7.99,‚Ç¨7.00
Stealth Inc: A Clone In The Dark,‚Ç¨8.49,‚Ç¨2.49,‚Ç¨6.00
Stealth Inc 2: A Game Of Clones,‚Ç¨8.49,‚Ç¨2.49,‚Ç¨6.00
SteamWorld Dig,‚Ç¨8.99,‚Ç¨1.99,‚Ç¨7.00
SteamWorld Dig 2,‚Ç¨19.99,‚Ç¨4.99,‚Ç¨15.00
SteamWorld Heist,‚Ç¨14.99,‚Ç¨9.99,‚Ç¨5.00
Stikbold! A Dodgeball Adventure,‚Ç¨9.99,‚Ç¨4.49,‚Ç¨5.50
Stranded Deep,‚Ç¨19.99,‚Ç¨0.00,‚Ç¨19.99
Street Fighter 30th Anniversary Collection,‚Ç¨39.99,‚Ç¨14.79,‚Ç¨25.20
Super Kickers League Ultimate,‚Ç¨19.99,‚Ç¨5.99,‚Ç¨14.00
Super Meat Boy!,‚Ç¨15.99,‚Ç¨5.59,‚Ç¨10.40
Super Monkey Ball: Banana Blitz HD,‚Ç¨39.99,‚Ç¨19.99,‚Ç¨20.00
Super Stardust Ultra,‚Ç¨32.98,‚Ç¨17.98,‚Ç¨15.00
Superbeat: Xonic EX,‚Ç¨49.98,‚Ç¨12.98,‚Ç¨37.00
Supermarket Shriek,‚Ç¨19.99,‚Ç¨11.99,‚Ç¨8.00
Surgeon Simulator,‚Ç¨30.98,‚Ç¨24.98,‚Ç¨6.00
Switch Galaxy Ultra,‚Ç¨10.99,‚Ç¨3.99,‚Ç¨7.00
Syrup and the Ultimate Sweet,‚Ç¨4.99,‚Ç¨4.99,‚Ç¨0.00
Table Top Racing: World Tour,‚Ç¨12.98,‚Ç¨12.98,‚Ç¨0.00
Tales From The Borderlands TTG,‚Ç¨29.98,‚Ç¨29.98,‚Ç¨0.00
Team Sonic Racing,‚Ç¨39.99,‚Ç¨0.00,‚Ç¨39.99
Tearaway Unfolded,‚Ç¨19.99,‚Ç¨11.99,‚Ç¨8.00
Tekken 7,‚Ç¨74.98,‚Ç¨29.98,‚Ç¨45.00
Tembo The Badass Elephant,‚Ç¨12.99,‚Ç¨3.49,‚Ç¨9.50
Tennis in the Face,‚Ç¨9.98,‚Ç¨9.98,‚Ç¨0.00
Tennis World Tour 2,‚Ç¨49.99,‚Ç¨0.00,‚Ç¨49.99
Terraria,‚Ç¨33.98,‚Ç¨15.49,‚Ç¨18.49
Tethered,‚Ç¨28.49,‚Ç¨28.49,‚Ç¨0.00
Tetris Ultimate,‚Ç¨39.99,‚Ç¨5.99,‚Ç¨34.00
That's You!,‚Ç¨0.00,‚Ç¨0.00,‚Ç¨0.00
The Binding of Isaac: Rebirth,‚Ç¨14.99,‚Ç¨0.00,‚Ç¨14.99
The Bug Butcher,‚Ç¨9.99,‚Ç¨4.99,‚Ç¨5.00
The Complex,‚Ç¨11.66,‚Ç¨5.83,‚Ç¨5.83
The Crew,‚Ç¨24.99,‚Ç¨11.99,‚Ç¨13.00
The Disney Afternoon Collection,‚Ç¨19.99,‚Ç¨4.99,‚Ç¨15.00
The Escapists,‚Ç¨17.99,‚Ç¨6.99,‚Ç¨11.00
The Evil Within,‚Ç¨19.99,‚Ç¨5.99,‚Ç¨14.00
The Flame in the Flood,‚Ç¨14.99,‚Ç¨4.49,‚Ç¨10.50
The Last Guardian,‚Ç¨34.99,‚Ç¨0.00,‚Ç¨34.99
The Last Of Us: Left Behind Remastered,‚Ç¨9.99,‚Ç¨4.99,‚Ç¨5.00
The Last Of Us Remastered,‚Ç¨39.99,‚Ç¨39.99,‚Ç¨0.00
The Last of Us Part II,‚Ç¨69.99,‚Ç¨0.00,‚Ç¨69.99
The Outer Worlds,‚Ç¨59.99,‚Ç¨19.79,‚Ç¨40.20
The Sims 4,‚Ç¨869.61,‚Ç¨682.41,‚Ç¨187.20
The Swapper,‚Ç¨14.99,‚Ç¨3.99,‚Ç¨11.00
The Unfinished Swan,‚Ç¨12.99,‚Ç¨2.99,‚Ç¨10.00
The Walking Dead Season 1 TTG,‚Ç¨14.99,‚Ç¨5.99,‚Ç¨9.00
The Walking Dead Season 2 TTG,‚Ç¨14.99,‚Ç¨14.99,‚Ç¨0.00
The Walking Dead Season 3 TTG,‚Ç¨29.99,‚Ç¨29.99,‚Ç¨0.00
The Walking Dead Final Season TTG,‚Ç¨23.99,‚Ç¨23.99,‚Ç¨0.00
The Warriors,‚Ç¨13.99,‚Ç¨5.99,‚Ç¨8.00
The Witness,‚Ç¨36.99,‚Ç¨8.44,‚Ç¨28.55
The Wolf Among Us TTG,‚Ç¨14.99,‚Ç¨14.99,‚Ç¨0.00
Think of the Children,‚Ç¨12.99,‚Ç¨2.59,‚Ç¨10.40
This Is The Police,‚Ç¨19.99,‚Ç¨2.99,‚Ç¨17.00
Thomas Was Alone,‚Ç¨7.99,‚Ç¨0.00,‚Ç¨7.99
Tiny Tina's Assault on Dragon Keep: A Wonderlands One-Shot Adventure,‚Ç¨9.99,‚Ç¨0.00,‚Ç¨9.99
Titan Attacks!,‚Ç¨9.99,‚Ç¨9.99,‚Ç¨0.00
ToeJam & Earl: Back In The Groove (2019),‚Ç¨18.89,‚Ç¨18.89,‚Ç¨0.00
Touhou Double Focus,‚Ç¨19.99,‚Ç¨4.99,‚Ç¨15.00
Trials Fusion: The Awesome MAX Edition,‚Ç¨39.99,‚Ç¨9.99,‚Ç¨30.00
Tribes of Midgard,‚Ç¨19.99,‚Ç¨0.00,‚Ç¨19.99
Tricky Towers,‚Ç¨14.99,‚Ç¨5.99,‚Ç¨9.00
Trine Enchanted Edition,‚Ç¨9.99,‚Ç¨2.99,‚Ç¨7.00
Trine 2: Complete Story,‚Ç¨9.99,‚Ç¨2.99,‚Ç¨7.00
Trine 3: The Artifacts Of Power,‚Ç¨9.99,‚Ç¨1.99,‚Ç¨8.00
Tropico 5,‚Ç¨24.99,‚Ç¨9.99,‚Ç¨15.00
Trover Saves The Universe,‚Ç¨29.99,‚Ç¨0.00,‚Ç¨29.99
Twisted Metal: Black,‚Ç¨9.99,‚Ç¨4.99,‚Ç¨5.00
Two Point Hospital,‚Ç¨56.98,‚Ç¨37.58,‚Ç¨19.40
Typoman,‚Ç¨9.99,‚Ç¨6.99,‚Ç¨3.00
UFC 4,‚Ç¨69.99,‚Ç¨0.00,‚Ç¨69.99
Ultratron,‚Ç¨9.99,‚Ç¨9.99,‚Ç¨0.00
Unbox: Newbie's Adventure,‚Ç¨24.99,‚Ç¨4.99,‚Ç¨20.00
Uncanny Valley,‚Ç¨14.49,‚Ç¨3.62,‚Ç¨10.87
Uncharted 3: Drake's Deception,‚Ç¨22.16,‚Ç¨15.16,‚Ç¨7.00
Uncharted 2: Among Thieves,‚Ç¨22.15,‚Ç¨15.15,‚Ç¨7.00
Uncharted 4: A Thief's End,‚Ç¨69.99,‚Ç¨22.99,‚Ç¨47.00
Uncharted: Drake's Fortune,‚Ç¨22.15,‚Ç¨15.15,‚Ç¨7.00
Uncharted: The Lost Legacy,‚Ç¨19.99,‚Ç¨17.99,‚Ç¨2.00
Undertale,‚Ç¨14.99,‚Ç¨8.99,‚Ç¨6.00
UNO,‚Ç¨19.99,‚Ç¨7.99,‚Ç¨12.00
Unravel,‚Ç¨19.99,‚Ç¨7.99,‚Ç¨12.00
Until Dawn,‚Ç¨34.99,‚Ç¨34.99,‚Ç¨0.00
Untitled Goose Game,‚Ç¨19.99,‚Ç¨14.99,‚Ç¨5.00
Velocity 2X,‚Ç¨15.99,‚Ç¨6.40,‚Ç¨9.59
Viking Squad,‚Ç¨14.99,‚Ç¨5.99,‚Ç¨9.00
Virtua Fighter 5: Ultimate Showdown,‚Ç¨29.99,‚Ç¨0.00,‚Ç¨29.99
Volume,‚Ç¨17.99,‚Ç¨4.99,‚Ç¨13.00
Watch Dogs,‚Ç¨19.99,‚Ç¨7.99,‚Ç¨12.00
Watch Dogs 2,‚Ç¨69.99,‚Ç¨14.99,‚Ç¨55.00
while true: learn( ),‚Ç¨14.99,‚Ç¨9.74,‚Ç¨5.25
Wipeout Omega Collection,‚Ç¨44.98,‚Ç¨9.99,‚Ç¨34.99
Worms Battlegrounds,‚Ç¨17.49,‚Ç¨8.99,‚Ç¨8.50
Worms WMD,‚Ç¨17.49,‚Ç¨8.99,‚Ç¨8.50
WRC 6,‚Ç¨19.99,‚Ç¨12.99,‚Ç¨7.00
WWE 2K Battlegrounds,‚Ç¨39.99,‚Ç¨0.00,‚Ç¨39.99
XCOM 2,‚Ç¨49.99,‚Ç¨12.49,‚Ç¨37.50
Xenoraid,‚Ç¨9.99,‚Ç¨3.99,‚Ç¨6.00
Yakuza 0,‚Ç¨19.99,‚Ç¨8.99,‚Ç¨11.00
Yakuza 3 Remastered,‚Ç¨13.33,‚Ç¨8.00,‚Ç¨5.33
Yakuza 4 Remastered,‚Ç¨13.33,‚Ç¨8.00,‚Ç¨5.33
Yakuza 5 Remastered,‚Ç¨13.33,‚Ç¨7.99,‚Ç¨5.34
Yakuza 6: The Song of Life,‚Ç¨19.99,‚Ç¨8.99,‚Ç¨11.00
Yakuza Kiwami,‚Ç¨19.99,‚Ç¨7.99,‚Ç¨12.00
Yakuza Kiwami 2,‚Ç¨19.99,‚Ç¨6.99,‚Ç¨13.00
Yomawari: Midnight Shadows,‚Ç¨29.99,‚Ç¨14.99,‚Ç¨15.00
Yooka-Laylee,‚Ç¨39.99,‚Ç¨11.99,‚Ç¨28.00
Yooka-Laylee and the Impossible Lair,‚Ç¨29.99,‚Ç¨0.00,‚Ç¨29.99
Yu-Gi-Oh! Legacy of the Duelist,‚Ç¨35.94,‚Ç¨35.94,‚Ç¨0.00
A Plague Tale: Innocence,‚Ç¨51.98,‚Ç¨16.98,‚Ç¨35.00
Apex Legends,‚Ç¨0.00,‚Ç¨0.00,‚Ç¨0.00
Art of Rally,‚Ç¨20.99,‚Ç¨13.64,‚Ç¨7.35
Assassin's Creed Valhalla: Ultimate Edition,‚Ç¨119.99,‚Ç¨59.99,‚Ç¨60.00
Astro's Playroom,‚Ç¨0.00,‚Ç¨0.00,‚Ç¨0.00
AWAY: The Survival Series,‚Ç¨29.99,‚Ç¨0.00,‚Ç¨29.99
Axiom Verge 2,‚Ç¨17.99,‚Ç¨0.00,‚Ç¨17.99
Battlefield 2042,‚Ç¨79.99,‚Ç¨0.00,‚Ç¨79.99
Biomutant,‚Ç¨59.99,‚Ç¨29.99,‚Ç¨30.00
Bloodrayne: ReVamped,‚Ç¨19.99,‚Ç¨13.99,‚Ç¨6.00
Bloodrayne 2: ReVamped,‚Ç¨19.99,‚Ç¨13.99,‚Ç¨6.00
Borderlands 3,‚Ç¨114.98,‚Ç¨114.98,‚Ç¨0.00
Bugsnax,‚Ç¨21.99,‚Ç¨16.49,‚Ç¨5.50
Can't Drive This,‚Ç¨24.99,‚Ç¨16.24,‚Ç¨8.75
Chicken Police: Paint It Red,‚Ç¨19.99,‚Ç¨13.99,‚Ç¨6.00
Chicory: A Colorful Tale,‚Ç¨19.99,‚Ç¨13.99,‚Ç¨6.00
Cloudpunk,‚Ç¨24.99,‚Ç¨17.49,‚Ç¨7.50
Concept Destruction,‚Ç¨4.99,‚Ç¨3.24,‚Ç¨1.75
Crash Bandicoot 4: It's About Time,‚Ç¨69.99,‚Ç¨0.00,‚Ç¨69.99
Cult of the Lamb,‚Ç¨29.99,‚Ç¨23.99,‚Ç¨6.00
Cyberpunk 2077,‚Ç¨49.99,‚Ç¨33.49,‚Ç¨16.50
Deep Rock Galactic,‚Ç¨29.99,‚Ç¨0.00,‚Ç¨29.99
Destiny 2,‚Ç¨29.99,‚Ç¨0.00,‚Ç¨29.99
Destroy All Humans 2: Reprobed (2022),‚Ç¨39.99,‚Ç¨0.00,‚Ç¨39.99
DIRT 5,‚Ç¨69.99,‚Ç¨0.00,‚Ç¨69.99
Disney Dreamlight Valley,‚Ç¨29.99,‚Ç¨23.99,‚Ç¨6.00
Evil Inside,‚Ç¨12.99,‚Ç¨9.09,‚Ç¨3.90
F1 2021,‚Ç¨69.99,‚Ç¨0.00,‚Ç¨69.99
F1 Manager,‚Ç¨54.99,‚Ç¨0.00,‚Ç¨54.99
Fall Guys: Ultimate Knockout,‚Ç¨19.99,‚Ç¨0.00,‚Ç¨19.99
Far Cry 6: Gold Edition,‚Ç¨99.99,‚Ç¨59.99,‚Ç¨40.00
FIFA 21,‚Ç¨89.99,‚Ç¨24.29,‚Ç¨65.70
FIFA 22,‚Ç¨79.99,‚Ç¨0.00,‚Ç¨79.99
Final Fantasy VII (2021),‚Ç¨79.99,‚Ç¨45.59,‚Ç¨34.40
First Class Trouble,‚Ç¨19.99,‚Ç¨0.00,‚Ç¨19.99
Fortnite,‚Ç¨0.00,‚Ç¨0.00,‚Ç¨0.00
Genshin Impact,‚Ç¨0.00,‚Ç¨0.00,‚Ç¨0.00
Ghostrunner,‚Ç¨29.99,‚Ç¨0.00,‚Ç¨29.99
Ghostwire: Tokyo,‚Ç¨69.99,‚Ç¨34.99,‚Ç¨35.00
Godfall,‚Ç¨14.99,‚Ç¨0.00,‚Ç¨14.99
Grand Theft Auto V,‚Ç¨109.98,‚Ç¨34.98,‚Ç¨75.00
Heavenly Bodies,‚Ç¨20.99,‚Ç¨0.00,‚Ç¨20.99
Hell Let Loose,‚Ç¨39.99,‚Ç¨0.00,‚Ç¨39.99
Hogwarts Legacy,‚Ç¨84.99,‚Ç¨0.00,‚Ç¨84.99
Horizon Forbidden West,‚Ç¨79.99,‚Ç¨49.59,‚Ç¨30.40
Hot Wheels Unleashed,‚Ç¨49.99,‚Ç¨0.00,‚Ç¨49.99
Human Fall Flat,‚Ç¨14.99,‚Ç¨9.99,‚Ç¨5.00
Infliction: Extended Cut,‚Ç¨17.99,‚Ç¨8.99,‚Ç¨9.00
In Rays of the Light,‚Ç¨7.99,‚Ç¨5.59,‚Ç¨2.40
It Takes Two,‚Ç¨39.99,‚Ç¨19.99,‚Ç¨20.00
Judgment,‚Ç¨39.99,‚Ç¨15.97,‚Ç¨24.02
Kena: Bridge of Spirits,‚Ç¨39.99,‚Ç¨0.00,‚Ç¨39.99
Kerbal Space Program,‚Ç¨39.99,‚Ç¨19.99,‚Ç¨20.00
Klonoa Phantasy Reverie Series (2022),‚Ç¨49.99,‚Ç¨29.99,‚Ç¨20.00
Knockout City,‚Ç¨19.99,‚Ç¨0.00,‚Ç¨19.99
Maneater,‚Ç¨39.99,‚Ç¨19.99,‚Ç¨20.00
Maquette,‚Ç¨17.99,‚Ç¨14.39,‚Ç¨3.60
Marvel's Spider-Man: Miles Morales,‚Ç¨59.99,‚Ç¨29.99,‚Ç¨30.00
Metro Exodus,‚Ç¨39.99,‚Ç¨9.99,‚Ç¨30.00
Nickelodeon All-Star Brawl,‚Ç¨49.99,‚Ç¨0.00,‚Ç¨49.99
Nioh 2,‚Ç¨59.99,‚Ç¨0.00,‚Ç¨59.99
No Man's Sky,‚Ç¨49.99,‚Ç¨24.99,‚Ç¨25.00
Oddworld: Soulstorm (2021),‚Ç¨49.99,‚Ç¨49.99,‚Ç¨0.00
OlliOlli World,‚Ç¨29.99,‚Ç¨9.89,‚Ç¨20.10
One Escape,‚Ç¨4.99,‚Ç¨3.49,‚Ç¨1.50
Overcooked: All You Can Eat Edition,‚Ç¨128.44,‚Ç¨94.85,‚Ç¨33.59
Ovivo,‚Ç¨6.99,‚Ç¨2.79,‚Ç¨4.20
Planet Coaster,‚Ç¨44.99,‚Ç¨0.00,‚Ç¨44.99
Potion Permit,‚Ç¨24.99,‚Ç¨0.00,‚Ç¨24.99
Ratchet & Clank: Rift Apart,‚Ç¨79.99,‚Ç¨0.00,‚Ç¨79.99
Resident Evil 2 (2019),‚Ç¨59.99,‚Ç¨59.99,‚Ç¨0.00
Resident Evil 3 (2020),‚Ç¨59.99,‚Ç¨19.79,‚Ç¨40.20
Resident Evil 7: Biohazard,‚Ç¨49.98,‚Ç¨26.98,‚Ç¨23.00
Resident Evil Village,‚Ç¨69.99,‚Ç¨39.89,‚Ç¨30.10
Returnal,‚Ç¨79.99,‚Ç¨39.99,‚Ç¨40.00
Rogue Company,‚Ç¨0.00,‚Ç¨0.00,‚Ç¨0.00
Rustler,‚Ç¨29.99,‚Ç¨14.99,‚Ç¨15.00
Sackboy: A Big Adventure,‚Ç¨69.99,‚Ç¨29.39,‚Ç¨40.60
Saints Row The Third: Remastered,‚Ç¨49.98,‚Ç¨39.98,‚Ç¨10.00
Shantae and The Pirate's Curse,‚Ç¨19.99,‚Ç¨19.99,‚Ç¨0.00
Shing!,‚Ç¨19.99,‚Ç¨4.99,‚Ç¨15.00
Sir Lovelot,‚Ç¨9.99,‚Ç¨6.99,‚Ç¨3.00
Sonic Origins,‚Ç¨44.99,‚Ç¨0.00,‚Ç¨44.99
Spacebase Startopia,‚Ç¨49.99,‚Ç¨29.99,‚Ç¨20.00
Spirit of the North: Enhanced Edition,‚Ç¨24.99,‚Ç¨12.49,‚Ç¨12.50
Star Wars Jedi: Fallen Order,‚Ç¨49.99,‚Ç¨17.49,‚Ç¨32.50
Stray,‚Ç¨29.99,‚Ç¨18.99,‚Ç¨11.00
Subnautica,‚Ç¨29.99,‚Ç¨0.00,‚Ç¨29.99
Subnautica: Below Zero,‚Ç¨29.99,‚Ç¨19.49,‚Ç¨10.50
Sumatra: Fate of Yandi,‚Ç¨5.99,‚Ç¨4.19,‚Ç¨1.80
Terminator: Resistance Enhanced,‚Ç¨44.99,‚Ç¨26.99,‚Ç¨18.00
The Darkside Detective,‚Ç¨12.99,‚Ç¨9.74,‚Ç¨3.25
The Darkside Detective: A Fumble in the Dark,‚Ç¨12.99,‚Ç¨12.99,‚Ç¨0.00
The Pedestrian,‚Ç¨15.99,‚Ç¨10.39,‚Ç¨5.60
The Persistence,‚Ç¨29.99,‚Ç¨0.00,‚Ç¨29.99
The Sinking City,‚Ç¨64.99,‚Ç¨45.49,‚Ç¨19.50
The Stanley Parable: Ultra Deluxe,‚Ç¨21.99,‚Ç¨14.73,‚Ç¨7.26
The Witcher 3: Wild Hunt,‚Ç¨74.98,‚Ç¨24.98,‚Ç¨50.00
Tiny Tina's Wonderlands: Chaotic Great Edition,‚Ç¨89.99,‚Ç¨44.99,‚Ç¨45.00
TOEM,‚Ç¨19.99,‚Ç¨0.00,‚Ç¨19.99
Tony Hawk's Pro Skater 1 + 2 (2021),‚Ç¨54.99,‚Ç¨38.49,‚Ç¨16.50
Twin Robots: Ultimate Edition,‚Ç¨7.99,‚Ç¨5.99,‚Ç¨2.00
Warframe: The New War,‚Ç¨0.00,‚Ç¨0.00,‚Ç¨0.00
Watch Dogs: Legion,‚Ç¨69.99,‚Ç¨34.99,‚Ç¨35.00
Worms Rumble,‚Ç¨14.99,‚Ç¨9.74,‚Ç¨5.25
Wreckfest,‚Ç¨29.99,‚Ç¨0.00,‚Ç¨29.99
Yakuza: Like a Dragon,‚Ç¨89.99,‚Ç¨53.99,‚Ç¨36.00
Ape Escape,‚Ç¨7.99,‚Ç¨7.99,‚Ç¨0.00,,,
Burnout Legends üñ•‚ùå,‚Ç¨9.99,‚Ç¨9.99,‚Ç¨0.00,,,
Crazy Taxi: Fare Wars,‚Ç¨4.49,‚Ç¨4.49,‚Ç¨0.00,,,
Daxter,‚Ç¨7.99,‚Ç¨2.99,‚Ç¨5.00,,,
Dead or Alive Paradise,‚Ç¨14.99,‚Ç¨14.99,‚Ç¨0.00,,,
Everybody's Golf 2,‚Ç¨7.99,‚Ç¨2.99,‚Ç¨5.00,,,
Final Fantasy üñ•‚ùå,‚Ç¨9.99,‚Ç¨4.99,‚Ç¨5.00,,,
Final Fantasy II üñ•‚ùå,‚Ç¨9.99,‚Ç¨4.99,‚Ç¨5.00,,,
Final Fantasy III üñ•‚ùå,‚Ç¨9.99,‚Ç¨4.99,‚Ç¨5.00,,,
Final Fantasy IV üñ•‚ùå,‚Ç¨14.99,‚Ç¨7.49,‚Ç¨7.50,,,
Grand Theft Auto: Chinatown Wars,‚Ç¨11.66,‚Ç¨5.00,‚Ç¨6.66,,,
Grand Theft Auto: Vice City Stories,‚Ç¨11.66,‚Ç¨5.00,‚Ç¨6.66,,,
Grand Theft Auto: Liberty City Stories,‚Ç¨11.66,‚Ç¨4.99,‚Ç¨6.67,,,
Gravity Crash,‚Ç¨3.99,‚Ç¨3.99,‚Ç¨0.00,,,
Jak and Daxter: The Lost Frontier,‚Ç¨7.99,‚Ç¨3.99,‚Ç¨4.00,,,
LEGO Batman üåü,‚Ç¨9.99,‚Ç¨0.00,‚Ç¨9.99,,,
LEGO Indiana Jones üåü,‚Ç¨9.99,‚Ç¨0.00,‚Ç¨9.99,,,
LEGO Pirates of the Caribbean üåü,‚Ç¨4.99,‚Ç¨0.00,‚Ç¨4.99,,,
LEGO Star Wars III: The Clone Wars üåü,‚Ç¨4.99,‚Ç¨0.00,‚Ç¨4.99,,,
Prinny,‚Ç¨9.99,‚Ç¨9.99,‚Ç¨0.00,,,
Ratchet & Clank: Size Matters,‚Ç¨7.99,‚Ç¨4.00,‚Ç¨3.99,,,
Resistance: Retribution,‚Ç¨7.99,‚Ç¨2.99,‚Ç¨5.00,,,
Super Monkey Ball Adventure,‚Ç¨4.49,‚Ç¨4.49,‚Ç¨0.00,,,
Tomb Raider: Anniversary,‚Ç¨9.99,‚Ç¨3.99,‚Ç¨6.00,,,
Tomb Raider: Legend,‚Ç¨9.99,‚Ç¨3.99,‚Ç¨6.00,,,
Wipeout Pulse,‚Ç¨7.99,‚Ç¨7.99,‚Ç¨0.00,,,
Crazy Market üåü,‚Ç¨0.00,‚Ç¨0.00,‚Ç¨0.00,,,
Deathmatch Village üåü,‚Ç¨0.00,‚Ç¨0.00,‚Ç¨0.00,,,
Fat Princess: Piece of Cake üåü,‚Ç¨0.00,‚Ç¨0.00,‚Ç¨0.00,,,
Flame Over,‚Ç¨9.99,‚Ç¨9.99,‚Ç¨0.00,,,
Football Manager Classic 2014 üñ•‚ùå,‚Ç¨39.99,‚Ç¨39.99,‚Ç¨0.00,,,
Get Off My Lawn! üåü,‚Ç¨0.00,‚Ç¨0.00,‚Ç¨0.00,,,
Gunslugs,‚Ç¨2.49,‚Ç¨2.49,‚Ç¨0.00,,,
Jet Set Radio,‚Ç¨7.99,‚Ç¨7.99,‚Ç¨0.00,,,
LEGO Batman 2: DC Super Heroes üåü,‚Ç¨19.99,‚Ç¨0.00,‚Ç¨19.99,,,
ModNation Racers: Road Trip,‚Ç¨14.99,‚Ç¨14.99,‚Ç¨0.00,,,
No Heroes Allowed: No Puzzles Either! üåü,‚Ç¨0.00,‚Ç¨0.00,‚Ç¨0.00,,,
Paint Park üåü,‚Ç¨0.00,‚Ç¨0.00,‚Ç¨0.00,,,
Paint Park Plus üåü,‚Ç¨0.00,‚Ç¨0.00,‚Ç¨0.00,,,
PlayStation Vita Pets üñ•‚ùå,‚Ç¨24.99,‚Ç¨9.99,‚Ç¨15.00,,,
Quell Memento,‚Ç¨3.59,‚Ç¨3.59,‚Ç¨0.00,,,
Rocketbirds: Hardboiled Chicken üñ•‚ùå,‚Ç¨7.99,‚Ç¨7.99,‚Ç¨0.00,,,
Silent Hill: Book of Memories üñ•‚ùå,‚Ç¨14.99,‚Ç¨6.99,‚Ç¨8.00,,,
Skeleton Rider,‚Ç¨3.99,‚Ç¨3.99,‚Ç¨0.00,,,
Sly Cooper: Thieves in Time,‚Ç¨14.99,‚Ç¨4.99,‚Ç¨10.00,,,
Spy Hunter üñ•‚ùå,‚Ç¨19.99,‚Ç¨19.99,‚Ç¨0.00,,,
Street Fighter X Tekken üñ•‚ùå,‚Ç¨24.99,‚Ç¨4.99,‚Ç¨20.00,,,
SunFlowers üñ•‚ùå,‚Ç¨2.99,‚Ç¨2.99,‚Ç¨0.00,,,
Surge Deluxe üñ•‚ùå,‚Ç¨4.99,‚Ç¨4.99,‚Ç¨0.00,,,
Table Football üåü,‚Ç¨0.00,‚Ç¨0.00,‚Ç¨0.00,,,
Table Top Racing,‚Ç¨2.99,‚Ç¨2.99,‚Ç¨0.00,,,
TxK,‚Ç¨6.99,‚Ç¨6.99,‚Ç¨0.00,,,
Uncharted: Fight for Fortune,‚Ç¨4.99,‚Ç¨4.99,‚Ç¨0.00,,,
Uncharted: Golden Abyss üñ•‚ùå,‚Ç¨24.99,‚Ç¨6.99,‚Ç¨18.00,,,
Wanderjahr,‚Ç¨9.99,‚Ç¨9.99,‚Ç¨0.00,,,
Worms Revolution Extreme üåü,‚Ç¨14.99,‚Ç¨0.00,‚Ç¨14.99,,,
Yomawari: Night Alone,‚Ç¨19.99,‚Ç¨9.99,‚Ç¨10.00,,,
Zero Escape: Virtue's Last Reward,‚Ç¨19.99,‚Ç¨19.99,‚Ç¨0.00,,,
Accounting+ üíé‚úî,‚Ç¨11.99,‚Ç¨4.79,‚Ç¨7.20,,,
Animal Force üíé,‚Ç¨14.99,‚Ç¨4.99,‚Ç¨10.00,,,
Apex Construct üíé,‚Ç¨19.99,‚Ç¨14.99,‚Ç¨5.00,,,
Apocalypse Rider üíé‚úî,‚Ç¨5.99,‚Ç¨5.99,‚Ç¨0.00,,,
Arizona Sunshine üíé,‚Ç¨44.99,‚Ç¨11.24,‚Ç¨33.75,,,
ASTRO BOT Rescue Mission üíé‚úî,‚Ç¨39.99,‚Ç¨0.00,‚Ç¨39.99,,,
Batman: Arkham VR üíé‚úî,‚Ç¨19.99,‚Ç¨9.99,‚Ç¨10.00,,,
Beat Saber üíé,‚Ç¨29.99,‚Ç¨29.99,‚Ç¨0.00,,,
BoxVR üíé,‚Ç¨29.99,‚Ç¨17.99,‚Ç¨12.00,,,
Carnival Games VR üíé,‚Ç¨19.99,‚Ç¨4.99,‚Ç¨15.00,,,
Catch & Release üíé,‚Ç¨19.99,‚Ç¨19.99,‚Ç¨0.00,,,
CoolpaintrVR üíé,‚Ç¨19.99,‚Ç¨6.99,‚Ç¨13.00,,,
Creed: Rise To Glory üíé,‚Ç¨24.99,‚Ç¨11.99,‚Ç¨13.00,,,
Discovery üíé,‚Ç¨11.99,‚Ç¨4.99,‚Ç¨7.00,,,
DOOM VFR üíé,‚Ç¨29.99,‚Ç¨0.00,‚Ç¨29.99,,,
Dream Match Tennis VR üíé,‚Ç¨14.99,‚Ç¨14.99,‚Ç¨0.00,,,
DriveClub VR üíé,‚Ç¨19.99,‚Ç¨19.99,‚Ç¨0.00,,,
Drunkn Bar Fight üíé‚úî,‚Ç¨17.99,‚Ç¨7.99,‚Ç¨10.00,,,
Eagle Flight üíé,‚Ç¨39.99,‚Ç¨12.99,‚Ç¨27.00,,,
EVE: Valkyrie üíé,‚Ç¨29.99,‚Ç¨10.99,‚Ç¨19.00,,,
Everest VR üíé,‚Ç¨9.99,‚Ç¨3.99,‚Ç¨6.00,,,
Everybody‚Äôs Golf VR üíé,‚Ç¨29.99,‚Ç¨14.99,‚Ç¨15.00,,,
Floor Plan üíéüéÅü•≥‚úî,‚Ç¨5.99,‚Ç¨0.00,‚Ç¨5.99,,,
Fruit Ninja VR üíé,‚Ç¨16.99,‚Ç¨16.99,‚Ç¨0.00,,,
Groundhog Day: Like Father Like Son üíé,‚Ç¨19.99,‚Ç¨19.99,‚Ç¨0.00,,,
Gun Club VR üíé,‚Ç¨24.99,‚Ç¨12.49,‚Ç¨12.50,,,
Headmaster üíé‚úî,‚Ç¨28.98,‚Ç¨14.98,‚Ç¨14.00,,,
Homestar VR üíé,‚Ç¨16.99,‚Ç¨7.99,‚Ç¨9.00,,,
Hotel R'n'R üíé,‚Ç¨18.99,‚Ç¨11.39,‚Ç¨7.60,,,
Hustle Kings VR üíé,‚Ç¨19.99,‚Ç¨9.99,‚Ç¨10.00,,,
I Expect You To Die üíé,‚Ç¨24.99,‚Ç¨12.49,‚Ç¨12.50,,,
I Expect You to Die 2 üíéüéÑüéÅ,‚Ç¨24.99,‚Ç¨0.00,‚Ç¨24.99,,,
Job Simulator VR üíé ‚úî,‚Ç¨19.99,‚Ç¨19.99,‚Ç¨0.00,,,
Kingdom Hearts: VR Experience üíé,‚Ç¨0.00,‚Ç¨0.00,‚Ç¨0.00,,,
Knockout League üíé,‚Ç¨19.99,‚Ç¨14.99,‚Ç¨5.00,,,
Kona VR üíé,‚Ç¨19.99,‚Ç¨3.99,‚Ç¨16.00,,,
Lethal VR üíé,‚Ç¨19.99,‚Ç¨7.99,‚Ç¨12.00,,,
Marvel's Iron Man VR üíéüéÅü•≥,‚Ç¨39.99,‚Ç¨0.00,‚Ç¨39.99,,,
Mervils: A VR Adventure üíé,‚Ç¨15.99,‚Ç¨4.99,‚Ç¨11.00,,,
Moss üíé,‚Ç¨29.99,‚Ç¨17.99,‚Ç¨12.00,,,
"Penn & Teller VR: F U, U, U & U üíé",‚Ç¨19.99,‚Ç¨19.99,‚Ç¨0.00,,,
Perfect VR üíé,‚Ç¨9.99,‚Ç¨3.99,‚Ç¨6.00,,,
PlayStation VR Worlds üíé,‚Ç¨29.99,‚Ç¨0.00,‚Ç¨29.99,,,
Psychonauts In The Rhombus Of Ruin VR üíé‚úî,‚Ç¨18.99,‚Ç¨6.49,‚Ç¨12.50,,,
Rez Infinite VR üíé,‚Ç¨29.99,‚Ç¨14.99,‚Ç¨15.00,,,
Rick & Morty: Virtual Rick-ality üíé,‚Ç¨29.99,‚Ç¨29.99,‚Ç¨0.00,,,
RIGS: Mechanized Combat League VR üíé,‚Ç¨19.99,‚Ç¨9.99,‚Ç¨10.00,,,
Sam and Max: This Time It's Virtual! üíé,‚Ç¨19.99,‚Ç¨13.99,‚Ç¨6.00,,,
Shooty Fruity üíé‚úî,‚Ç¨19.99,‚Ç¨11.99,‚Ç¨8.00,,,
Skyrim VR üíé,‚Ç¨69.99,‚Ç¨0.00,‚Ç¨69.99,,,
Sniper Elite VR üíéüåü ,‚Ç¨29.99,‚Ç¨13.49,‚Ç¨16.50,,,
Space Pirate Trainer VR üíé,‚Ç¨14.49,‚Ç¨11.59,‚Ç¨2.90,,,
Sprint Vector üíé,‚Ç¨24.99,‚Ç¨7.99,‚Ç¨17.00,,,
Star Trek: Bridge Crew VR üíé,‚Ç¨24.99,‚Ç¨19.99,‚Ç¨5.00,,,
Superhot VR üíé,‚Ç¨24.99,‚Ç¨14.99,‚Ç¨10.00,,,
Tetris Effect: Connected üíé‚úî,‚Ç¨39.99,‚Ç¨39.99,‚Ç¨0.00,,,
The American Dream üíé,‚Ç¨19.99,‚Ç¨7.99,‚Ç¨12.00,,,
The Guy VR üåüüíé‚úî,‚Ç¨9.99,‚Ç¨6.99,‚Ç¨3.00,,,
The Playroom VR üíé,‚Ç¨0.00,‚Ç¨0.00,‚Ç¨0.00,,,
The Walking Dead: Saints and Sinners üåüüíé,‚Ç¨39.99,‚Ç¨0.00,‚Ç¨39.99,,,
Tiny Trax üíé,‚Ç¨15.99,‚Ç¨15.99,‚Ç¨0.00,,,
Track Lab üíé,‚Ç¨19.99,‚Ç¨8.99,‚Ç¨11.00,,,
Trackmania Turbo üíé,‚Ç¨29.99,‚Ç¨11.99,‚Ç¨18.00,,,
Traffic Jams üåüüíé,‚Ç¨19.99,‚Ç¨12.99,‚Ç¨7.00,,,
Tumble VR üíé,‚Ç¨9.99,‚Ç¨3.99,‚Ç¨6.00,,,
Ultrawings üíé,‚Ç¨21.99,‚Ç¨6.99,‚Ç¨15.00,,,
Until Dawn: Rush Of Blood VR üíé,‚Ç¨19.99,‚Ç¨9.99,‚Ç¨10.00,,,
Until You Fall üåüüíé,‚Ç¨24.99,‚Ç¨0.00,‚Ç¨24.99,,,
VR Karts üíé,‚Ç¨24.99,‚Ç¨9.99,‚Ç¨15.00,,,
VR Ping Pong üíé,‚Ç¨14.99,‚Ç¨2.99,‚Ç¨12.00,,,
VR The Diner Duo üíé,‚Ç¨14.99,‚Ç¨5.99,‚Ç¨9.00,,,
Wanderer üíé,‚Ç¨39.99,‚Ç¨19.99,‚Ç¨20.00,,,
You Are Being Followed üíé,‚Ç¨0.00,‚Ç¨0.00,‚Ç¨0.00,,,