Game,Price,Paid,Savings,Compatibility,,
A Plague Tale: Innocence ğŸŒŸâœ”,â‚¬51.98,â‚¬16.98,â‚¬35.00,,,
Art of Rally ğŸŒŸâœ”,â‚¬20.99,â‚¬13.64,â‚¬7.35,,,
Assassin's Creed Valhalla: Ultimate Edition,â‚¬119.99,â‚¬59.99,â‚¬60.00,,,
Astro's Playroom âœ”,â‚¬0.00,â‚¬0.00,â‚¬0.00,,,
AWAY: The Survival Series ğŸ¥³ğŸ,â‚¬29.99,â‚¬0.00,â‚¬29.99,,,
Borderlands 3 âœ”,â‚¬114.98,â‚¬114.98,â‚¬0.00,,,
Bugsnax âœ”,â‚¬21.99,â‚¬16.49,â‚¬5.50,,,
Can't Drive This ğŸŒŸ,â‚¬24.99,â‚¬16.24,â‚¬8.75,,,
Chicken Police: Paint It Red,â‚¬19.99,â‚¬13.99,â‚¬6.00,,,
Chicory: A Colorful Tale,â‚¬19.99,â‚¬13.99,â‚¬6.00,,,
Cloudpunk,â‚¬24.99,â‚¬17.49,â‚¬7.50,,,
Concept Destruction âœ”,â‚¬4.99,â‚¬3.24,â‚¬1.75,,,
Crash Bandicoot 4: It's About Time ğŸğŸ¥³âœ”,â‚¬69.99,â‚¬0.00,â‚¬69.99,,,
Cyberpunk 2077 âœ”,â‚¬49.99,â‚¬33.49,â‚¬16.50,,,
Deep Rock Galactic ğŸŒŸ,â‚¬29.99,â‚¬0.00,â‚¬29.99,,,
DIRT 5 ğŸŒŸ,â‚¬69.99,â‚¬0.00,â‚¬69.99,,,
Evil Inside âœ”,â‚¬12.99,â‚¬9.09,â‚¬3.90,,,
F1 2021 ğŸ¥³ğŸâœ”,â‚¬69.99,â‚¬0.00,â‚¬69.99,,,
Far Cry 6: Gold Edition,â‚¬99.99,â‚¬59.99,â‚¬40.00,,,
FIFA 21 âœ”,â‚¬89.99,â‚¬24.29,â‚¬65.70,,,
FIFA 22 ğŸŒŸ,â‚¬79.99,â‚¬0.00,â‚¬79.99,,,
Final Fantasy VII Remake: Intergrade,â‚¬79.99,â‚¬45.59,â‚¬34.40,,,
First Class Trouble ğŸŒŸ,â‚¬19.99,â‚¬0.00,â‚¬19.99,,,
Fortnite âœ”,â‚¬0.00,â‚¬0.00,â‚¬0.00,,,
Genshin Impact,â‚¬0.00,â‚¬0.00,â‚¬0.00,,,
Ghostrunner ğŸŒŸ,â‚¬29.99,â‚¬0.00,â‚¬29.99,,,
Ghostwire: Tokyo âœ”,â‚¬69.99,â‚¬34.99,â‚¬35.00,,,
Godfall ğŸŒŸ,â‚¬14.99,â‚¬0.00,â‚¬14.99,,,
Grand Theft Auto V âœ”,â‚¬109.98,â‚¬34.98,â‚¬75.00,PS3,,
Hell Let Loose ğŸŒŸ,â‚¬39.99,â‚¬0.00,â‚¬39.99,,,
Human Fall Flat,â‚¬14.99,â‚¬9.99,â‚¬5.00,,,
Infliction: Extended Cut âœ”,â‚¬17.99,â‚¬8.99,â‚¬9.00,,,
In Rays of the Light âœ”,â‚¬7.99,â‚¬5.59,â‚¬2.40,,,
It Takes Two,â‚¬39.99,â‚¬19.99,â‚¬20.00,,,
Kena: Bridge of Spirits ğŸŒŸğŸ„ğŸ,â‚¬39.99,â‚¬0.00,â‚¬39.99,,,
Kerbal Space Program,â‚¬39.99,â‚¬19.99,â‚¬20.00,,,
Knockout City ğŸŒŸ,â‚¬19.99,â‚¬0.00,â‚¬19.99,,,
Maneater ğŸŒŸâœ”,â‚¬39.99,â‚¬19.99,â‚¬20.00,,,
Maquette âœ”,â‚¬17.99,â‚¬14.39,â‚¬3.60,,,
Metro Exodus ğŸŒŸ,â‚¬39.99,â‚¬9.99,â‚¬30.00,,,
Nickelodeon All-Star Brawl ğŸŒŸ,â‚¬49.99,â‚¬0.00,â‚¬49.99,,,
No Man's Sky ğŸŒŸ,â‚¬49.99,â‚¬24.99,â‚¬25.00,,,
Oddworld: Soulstorm,â‚¬49.99,â‚¬49.99,â‚¬0.00,,,
One Escape âœ”,â‚¬4.99,â‚¬3.49,â‚¬1.50,,,
Overcooked: All You Can Eat Edition ğŸŒŸ,â‚¬128.44,â‚¬94.85,â‚¬33.59,,,
Ovivo âœ”,â‚¬6.99,â‚¬2.79,â‚¬4.20,,,
Planet Coaster ğŸŒŸ,â‚¬44.99,â‚¬0.00,â‚¬44.99,,,
Ratchet & Clank: Rift Apart ğŸ„ğŸâœ”,â‚¬79.99,â‚¬0.00,â‚¬79.99,,,
Resident Evil Village âœ”,â‚¬69.99,â‚¬39.89,â‚¬30.10,,,
Rogue Company,â‚¬0.00,â‚¬0.00,â‚¬0.00,,,
Saints Row The Third: Remastered âœ”,â‚¬49.98,â‚¬39.98,â‚¬10.00,PS3,,
Shing! âœ”,â‚¬19.99,â‚¬4.99,â‚¬15.00,,,
Sir Lovelot âœ”,â‚¬9.99,â‚¬6.99,â‚¬3.00,,,
Spacebase Startopia,â‚¬49.99,â‚¬29.99,â‚¬20.00,,,
Spirit of the North: Enhanced Edition,â‚¬24.99,â‚¬12.49,â‚¬12.50,,,
Star Wars Jedi: Fallen Order,â‚¬49.99,â‚¬17.49,â‚¬32.50,,,
Subnautica ğŸŒŸğŸâœ”,â‚¬29.99,â‚¬0.00,â‚¬29.99,,,
Subnautica: Below Zero,â‚¬29.99,â‚¬19.49,â‚¬10.50,,,
Sumatra: Fate of Yandi âœ”,â‚¬5.99,â‚¬4.19,â‚¬1.80,,,
Terminator: Resistance Enhanced ğŸŒŸ,â‚¬44.99,â‚¬26.99,â‚¬18.00,,,
The Darkside Detective,â‚¬12.99,â‚¬9.74,â‚¬3.25,,,
The Pedestrian,â‚¬15.99,â‚¬10.39,â‚¬5.60,,,
The Persistence ğŸŒŸğŸ’,â‚¬29.99,â‚¬0.00,â‚¬29.99,,,
The Sinking City,â‚¬64.99,â‚¬45.49,â‚¬19.50,,,
The Stanley Parable: Ultra Deluxe ğŸŒŸ,â‚¬21.99,â‚¬14.73,â‚¬7.26,,,
Tony Hawk's Pro Skater 1 + 2 Remake (+1) âœ”,â‚¬54.99,â‚¬38.49,â‚¬16.50,,,
Twin Robots: Ultimate Edition âœ”,â‚¬7.99,â‚¬5.99,â‚¬2.00,,,
Warframe,â‚¬0.00,â‚¬0.00,â‚¬0.00,,,
Watch Dogs: Legion âœ”,â‚¬69.99,â‚¬34.99,â‚¬35.00,,,
Worms Rumble,â‚¬14.99,â‚¬9.74,â‚¬5.25,,,
Wreckfest ğŸŒŸâœ”,â‚¬29.99,â‚¬0.00,â‚¬29.99,,,
Yakuza 7: Like a Dragon âœ”,â‚¬89.99,â‚¬53.99,â‚¬36.00,,,
101 Ways To Die,â‚¬9.99,â‚¬4.99,â‚¬5.00,,,
[Prototype],â‚¬24.99,â‚¬7.99,â‚¬17.00,,,
[Prototype 2],â‚¬24.99,â‚¬7.99,â‚¬17.00,,,
A Boy And His Blob,â‚¬9.99,â‚¬3.99,â‚¬6.00,PS3 & VITA,,
Absolute Drift: Zen Edition âœ”,â‚¬11.99,â‚¬7.99,â‚¬4.00,,,
AbzÃ» â­ğŸ,â‚¬19.99,â‚¬0.00,â‚¬19.99,,,
Active Soccer 2 DX,â‚¬9.99,â‚¬6.99,â‚¬3.00,VITA,,
Amnesia: Collection (+2),â‚¬28.49,â‚¬3.13,â‚¬25.36,,,
Amplitude,â‚¬19.99,â‚¬9.99,â‚¬10.00,,,
Another World,â‚¬7.99,â‚¬2.99,â‚¬5.00,PS3 & VITA,,
Ape Escape 2,â‚¬9.99,â‚¬3.99,â‚¬6.00,,,
Ark: Survival Evolved ğŸŒŸ,â‚¬29.99,â‚¬0.00,â‚¬29.99,,,
Armello,â‚¬19.99,â‚¬7.99,â‚¬12.00,,,
Armikrog,â‚¬9.99,â‚¬1.99,â‚¬8.00,,,
Art Of Balance,â‚¬8.99,â‚¬2.99,â‚¬6.00,,,
Assault Android Cactus,â‚¬14.49,â‚¬3.99,â‚¬10.50,,,
Aven Colony,â‚¬29.99,â‚¬14.99,â‚¬15.00,,,
Back To The Future TTG,â‚¬12.98,â‚¬12.98,â‚¬0.00,PS3,,
Badland,â‚¬11.99,â‚¬4.99,â‚¬7.00,PS3 & VITA,,
Batman Season 1 TTG âœ”,â‚¬19.99,â‚¬19.99,â‚¬0.00,,,
Batman Season 2 TTG âœ”,â‚¬14.99,â‚¬14.99,â‚¬0.00,,,
Batman: Arkham Asylum âœ”,â‚¬19.99,â‚¬7.99,â‚¬12.00,,,
Batman: Arkham City âœ”,â‚¬19.99,â‚¬7.99,â‚¬12.00,,,
Batman: Arkham Knight,â‚¬19.99,â‚¬7.99,â‚¬12.00,,,
Battlefield 1: Revolution ğŸŒŸ,â‚¬19.99,â‚¬0.00,â‚¬19.99,,,
Bear With Me,â‚¬14.99,â‚¬7.49,â‚¬7.50,,,
Beat Cop âœ”,â‚¬14.99,â‚¬1.49,â‚¬13.50,,,
Beyond Eyes,â‚¬12.99,â‚¬3.99,â‚¬9.00,,,
Beyond Two Souls,â‚¬19.99,â‚¬5.99,â‚¬14.00,,,
Biomutant ğŸŒŸ ,â‚¬59.99,â‚¬29.99,â‚¬30.00,,,
BioShock 1 & 2: The Collection (+1),â‚¬24.99,â‚¬9.99,â‚¬15.00,,,
BioShock Infinite: The Collection,â‚¬24.99,â‚¬9.99,â‚¬15.00,,,
BLACKSAD: Under the Skin,â‚¬39.99,â‚¬7.99,â‚¬32.00,,,
Bloodborne âœ”,â‚¬34.99,â‚¬18.24,â‚¬16.75,,,
Blood Bowl 2,â‚¬19.99,â‚¬7.49,â‚¬12.50,,,
Bloodrayne: ReVamped ğŸŒŸ,â‚¬19.99,â‚¬13.99,â‚¬6.00,,,
Bloodrayne 2: ReVamped ğŸŒŸ,â‚¬19.99,â‚¬13.99,â‚¬6.00,,,
Borderlands: The Handsome Collection (+1) âœ”,â‚¬109.98,â‚¬62.98,â‚¬47.00,VR ğŸ’,,
Borderlands: Game of the Year Edition âœ”,â‚¬29.99,â‚¬29.99,â‚¬0.00,,,
Bridge Constructor,â‚¬9.99,â‚¬3.99,â‚¬6.00,VITA,,
Broforce âœ”,â‚¬14.99,â‚¬4.99,â‚¬10.00,,,
Broken Age,â‚¬14.99,â‚¬6.99,â‚¬8.00,VITA,,
Brothers: A Tale of Two Sons,â‚¬19.99,â‚¬4.99,â‚¬15.00,,,
Bully âœ”,â‚¬23.98,â‚¬15.98,â‚¬8.00,PS3,,
Burnout Paradise: Remastered,â‚¬39.98,â‚¬9.99,â‚¬29.99,PS3,,
Call of Duty: Black Ops III ğŸŒŸ,â‚¬69.99,â‚¬0.00,â‚¬69.99,,,
Captain Tsubasa: Rise of New Champions,â‚¬59.99,â‚¬19.79,â‚¬40.20,,,
Castle Crashers: Remastered,â‚¬30.98,â‚¬30.98,â‚¬0.00,PS3,,
Castlevania Requiem: Symphony of the Night and Rondo of Blood (+1),â‚¬29.98,â‚¬8.99,â‚¬20.99,PS3,,
Catherine: Full Body,â‚¬79.98,â‚¬79.98,â‚¬0.00,PS3,,
Cel Damage HD âœ”,â‚¬13.98,â‚¬7.98,â‚¬6.00,PS3,,
Celeste,â‚¬19.99,â‚¬11.99,â‚¬8.00,,,
Child Of Light,â‚¬14.99,â‚¬4.99,â‚¬10.00,PS3,,
Chime Sharp,â‚¬9.99,â‚¬2.99,â‚¬7.00,,,
Cities: Skylines,â‚¬139.98,â‚¬84.98,â‚¬55.00,,,
Claire,â‚¬16.99,â‚¬4.99,â‚¬12.00,VITA,,
ClusterTruck,â‚¬14.99,â‚¬4.49,â‚¬10.50,,,
Color Slayer,â‚¬1.99,â‚¬1.99,â‚¬0.00,VITA,,
Concrete Genie âœ”,â‚¬29.99,â‚¬23.99,â‚¬6.00,VR ğŸ’,,
Cosmophony,â‚¬4.99,â‚¬1.99,â‚¬3.00,PS3 & VITA,,
CounterSpy,â‚¬12.99,â‚¬3.99,â‚¬9.00,PS3 & VITA,,
Crash Bandicoot N Sane Trilogy (+2) âœ”,â‚¬39.99,â‚¬39.99,â‚¬0.00,,,
Crash Team Racing: Nitro Fueled âœ”,â‚¬59.99,â‚¬59.99,â‚¬0.00,,,
Croixleur Sigma,â‚¬13.99,â‚¬4.99,â‚¬9.00,VITA,,
Curse of the Dead Gods ğŸŒŸ,â‚¬19.99,â‚¬0.00,â‚¬19.99,,,
Danger Zone,â‚¬10.99,â‚¬2.99,â‚¬8.00,,,
Dangerous Driving,â‚¬29.99,â‚¬7.49,â‚¬22.50,,,
Dangerous Golf,â‚¬7.99,â‚¬2.99,â‚¬5.00,,,
Dark Chronicle,â‚¬14.99,â‚¬14.99,â‚¬0.00,,,
Dark Cloud,â‚¬14.99,â‚¬8.99,â‚¬6.00,,,
Dark Souls II: Scholar of the First Sin,â‚¬19.99,â‚¬9.99,â‚¬10.00,,,
Dark Souls III,â‚¬49.99,â‚¬11.99,â‚¬38.00,,,
Dark Souls Remastered,â‚¬39.99,â‚¬14.79,â‚¬25.20,,,
Day Of The Tentacle Remastered,â‚¬14.99,â‚¬4.74,â‚¬10.25,VITA,,
Days Gone ğŸŒŸâœ”,â‚¬69.99,â‚¬0.00,â‚¬69.99,,,
Dead End Job âœ”,â‚¬14.99,â‚¬2.99,â‚¬12.00,,,
Dead Island: Retro Revenge,â‚¬4.99,â‚¬2.99,â‚¬2.00,,,
Dead or Alive 5: Last Round âœ”,â‚¬59.98,â‚¬33.98,â‚¬26.00,PS3 & VITA,,
Dead Rising,â‚¬19.99,â‚¬4.99,â‚¬15.00,,,
Deadpool âœ”,â‚¬39.99,â‚¬19.99,â‚¬20.00,,,
Death Squared,â‚¬13.99,â‚¬6.99,â‚¬7.00,,,
DEEEER Simulator âœ”,â‚¬16.99,â‚¬13.59,â‚¬3.40,,,
Destiny 2,â‚¬0.00,â‚¬0.00,â‚¬0.00,,,
Destroy All Humans! âœ”,â‚¬19.99,â‚¬7.99,â‚¬12.00,,,
Destroy All Humans! Remake âœ”,â‚¬39.99,â‚¬31.99,â‚¬8.00,,,
Destroy All Humans! 2 âœ”,â‚¬19.99,â‚¬7.99,â‚¬12.00,,,
Detroit: Become Human ğŸŒŸâœ”,â‚¬29.99,â‚¬0.00,â‚¬29.99,,,
Devil May Cry Trilogy HD Collection (+2),â‚¬21.99,â‚¬10.99,â‚¬11.00,,,
Devil May Cry 4,â‚¬22.99,â‚¬10.99,â‚¬12.00,,,
Devil May Cry 5,â‚¬49.99,â‚¬44.99,â‚¬5.00,,,
Dex,â‚¬19.99,â‚¬9.99,â‚¬10.00,VITA,,
Disney Classic Games: Aladdin & The Lion King (+1),â‚¬34.99,â‚¬34.99,â‚¬0.00,,,
Doki-Doki Universe,â‚¬7.49,â‚¬1.99,â‚¬5.50,PS3 & VITA,,
Donut County âœ”,â‚¬12.99,â‚¬6.49,â‚¬6.50,,,
Doom (1993),â‚¬4.99,â‚¬2.49,â‚¬2.50,,,
Doom II,â‚¬4.99,â‚¬2.49,â‚¬2.50,,,
Doom 64,â‚¬4.99,â‚¬2.49,â‚¬2.50,,,
Downwell,â‚¬4.99,â‚¬1.99,â‚¬3.00,VITA,,
DreamBall,â‚¬5.99,â‚¬5.99,â‚¬0.00,,,
Dreams,â‚¬39.99,â‚¬29.99,â‚¬10.00,,,
Duke Nukem 3D,â‚¬22.98,â‚¬8.98,â‚¬14.00,PS3 & VITA,,
Enter The Gungeon,â‚¬14.99,â‚¬7.49,â‚¬7.50,,,
Entwined,â‚¬7.99,â‚¬1.99,â‚¬6.00,PS3 & VITA,,
Escape Plan,â‚¬19.99,â‚¬19.99,â‚¬0.00,PS3 & VITA,,
Everybody's Golf,â‚¬75.93,â‚¬55.93,â‚¬20.00,,,
Exit the Gungeon,â‚¬9.99,â‚¬6.99,â‚¬3.00,,,
Fahrenheit,â‚¬13.49,â‚¬5.39,â‚¬8.10,,,
Fall Guys: Ultimate Knockout ğŸŒŸâœ”,â‚¬19.99,â‚¬0.00,â‚¬19.99,,,
Fallout 4 âœ”,â‚¬19.99,â‚¬12.99,â‚¬7.00,,,
Far Cry 3 âœ”,â‚¬29.99,â‚¬17.99,â‚¬12.00,,,
Far Cry 4 âœ”,â‚¬24.99,â‚¬7.99,â‚¬17.00,,,
Far Cry 5 âœ”,â‚¬99.98,â‚¬49.98,â‚¬50.00,,,
Far Cry: New Dawn âœ”,â‚¬54.99,â‚¬27.49,â‚¬27.50,,,
Far Cry: Primal,â‚¬24.99,â‚¬7.99,â‚¬17.00,,,
Fat Princess Adventures âœ”,â‚¬19.99,â‚¬9.99,â‚¬10.00,,,
Fez,â‚¬9.99,â‚¬1.99,â‚¬8.00,PS3 & VITA,,
FIFA 18 âœ”,â‚¬69.99,â‚¬69.99,â‚¬0.00,,,
FIFA 19 âœ”,â‚¬69.99,â‚¬39.89,â‚¬30.10,,,
FIFA 20 âœ”,â‚¬69.99,â‚¬27.99,â‚¬42.00,,,
Final Fantasy X/X-2 HD Remaster (+1),â‚¬29.99,â‚¬14.99,â‚¬15.00,,,
Final Fantasy XV: Royal Edition ğŸŒŸ,â‚¬34.99,â‚¬0.00,â‚¬34.99,,,
Five Dates,â‚¬11.66,â‚¬5.83,â‚¬5.83,,,
Flashback,â‚¬19.99,â‚¬0.99,â‚¬19.00,,,
Flockers,â‚¬24.99,â‚¬4.99,â‚¬20.00,,,
flOw,â‚¬4.99,â‚¬1.99,â‚¬3.00,PS3 & VITA,,
Flower,â‚¬7.99,â‚¬1.99,â‚¬6.00,PS3 & VITA,,
forma.8,â‚¬9.99,â‚¬2.99,â‚¬7.00,VITA,,
Formula Retro Racing,â‚¬5.99,â‚¬3.59,â‚¬2.40,,,
Futuridium,â‚¬9.99,â‚¬2.99,â‚¬7.00,VITA,,
Game Of Thrones TTG âœ”,â‚¬14.99,â‚¬14.99,â‚¬0.00,,,
Geometry Wars 3: Dimensions Evolved,â‚¬14.99,â‚¬3.99,â‚¬11.00,,,
Ghost Blade HD,â‚¬8.99,â‚¬3.99,â‚¬5.00,,,
Ghost of Tsushima âœ”,â‚¬69.99,â‚¬49.69,â‚¬20.30,,,
Ghostbusters,â‚¬29.99,â‚¬7.99,â‚¬22.00,,,
Goat Simulator âœ”,â‚¬31.95,â‚¬18.55,â‚¬13.40,,,
God of War ğŸŒŸâœ”,â‚¬19.99,â‚¬0.00,â‚¬19.99,,,
God of War III Remastered,â‚¬19.99,â‚¬9.99,â‚¬10.00,,,
Grand Ages: Medieval,â‚¬39.99,â‚¬3.99,â‚¬36.00,,,
Grand Theft Auto III âœ”,â‚¬10.99,â‚¬5.99,â‚¬5.00,,,
Grand Theft Auto: San Andreas âœ”,â‚¬12.00,â‚¬7.00,â‚¬5.00,,,
Grand Theft Auto: Vice City,â‚¬12.00,â‚¬7.00,â‚¬5.00,,,
Grim Fandango Remastered,â‚¬14.99,â‚¬3.99,â‚¬11.00,VITA,,
Harvest Moon: A Wonderful Life,â‚¬14.99,â‚¬4.99,â‚¬10.00,,,
Hatoful Boyfriend,â‚¬9.99,â‚¬2.99,â‚¬7.00,VITA,,
Heart&Slash,â‚¬19.99,â‚¬3.99,â‚¬16.00,,,
Heavy Rain,â‚¬22.99,â‚¬8.99,â‚¬14.00,PS3 ğŸ“€,,
Helldivers,â‚¬29.99,â‚¬29.99,â‚¬0.00,PS3 & VITA,,
Hitman 2 ğŸŒŸ,â‚¬69.99,â‚¬0.00,â‚¬69.99,,,
Hohokum,â‚¬12.99,â‚¬3.99,â‚¬9.00,PS3 & VITA,,
Hollow Knight: Voidheart Edition ğŸŒŸ,â‚¬14.49,â‚¬0.00,â‚¬14.49,,,
Home,â‚¬4.99,â‚¬1.99,â‚¬3.00,VITA,,
HoPiKo,â‚¬6.99,â‚¬1.99,â‚¬5.00,,,
Horizon Zero Dawn âœ”,â‚¬34.98,â‚¬27.98,â‚¬7.00,,,
Hotline Miami,â‚¬0.00,â‚¬0.00,â‚¬0.00,PS3 & VITA,,
Hotline Miami 2: Wrong Number,â‚¬14.99,â‚¬3.59,â‚¬11.40,PS3 & VITA,,
Hue,â‚¬14.99,â‚¬4.99,â‚¬10.00,VITA,,
I am Bread,â‚¬12.99,â‚¬2.59,â‚¬10.40,,,
inFamous First Light,â‚¬14.99,â‚¬7.99,â‚¬7.00,,,
inFamous Second Son,â‚¬14.99,â‚¬6.99,â‚¬8.00,,,
Injustice: Gods Among Us,â‚¬59.99,â‚¬9.59,â‚¬50.40,,,
Jak 3 âœ”,â‚¬26.98,â‚¬26.98,â‚¬0.00,PS3 & VITA,,
Jak and Daxter: The Precursor Legacy âœ”,â‚¬26.98,â‚¬26.98,â‚¬0.00,PS3 & VITA,,
Jak II âœ”,â‚¬24.97,â‚¬24.97,â‚¬0.00,PS3 & VITA,,
Jak X âœ”,â‚¬9.99,â‚¬9.99,â‚¬0.00,,,
Jazzpunk: Director's Cut,â‚¬17.99,â‚¬4.99,â‚¬13.00,,,
Jetpack Joyride,â‚¬5.58,â‚¬3.98,â‚¬1.60,VITA,,
Journey,â‚¬14.99,â‚¬14.99,â‚¬0.00,PS3,,
Just Die Already âœ”,â‚¬13.99,â‚¬6.29,â‚¬7.70,,,
Kandagawa Jet Girls âœ”,â‚¬39.99,â‚¬14.79,â‚¬25.20,,,
Katamari Damacy: Reroll âœ”,â‚¬49.98,â‚¬40.98,â‚¬9.00,VITA,,
Keep Talking and Nobody Explodes,â‚¬14.99,â‚¬7.49,â‚¬7.50,VR ğŸ’,,
Kingdom Hearts HD 1.5 & 2.5 (+5) âœ”,â‚¬36.99,â‚¬12.10,â‚¬24.89,,,
Kingdom Hearts HD 2.8 Final Chapter Prologue (+2) âœ”,â‚¬36.99,â‚¬12.10,â‚¬24.89,,,
Kingdom Hearts III âœ”,â‚¬35.99,â‚¬12.09,â‚¬23.90,,,
Kingdoms of Amalur: Re-Reckoning ğŸŒŸ,â‚¬39.99,â‚¬0.00,â‚¬39.99,,,
Knack âœ”,â‚¬19.99,â‚¬7.99,â‚¬12.00,,,
Knack 2,â‚¬39.99,â‚¬13.99,â‚¬26.00,,,
LA Cops,â‚¬13.99,â‚¬2.99,â‚¬11.00,,,
LEGO City Undercover,â‚¬59.99,â‚¬16.99,â‚¬43.00,,,
LEGO DC Super-Villains ğŸŒŸ,â‚¬59.99,â‚¬0.00,â‚¬59.99,,,
LEGO Harry Potter Collection (+1),â‚¬39.99,â‚¬19.99,â‚¬20.00,VITA,,
LEGO Marvel,â‚¬39.99,â‚¬9.99,â‚¬30.00,,,
Leisure Suit Larry: Wet Dreams Don't Dry âœ”,â‚¬39.99,â‚¬7.99,â‚¬32.00,,,
Leisure Suit Larry: Wet Dreams Dry Twice âœ”,â‚¬39.99,â‚¬11.99,â‚¬28.00,,,
Lichtspeer,â‚¬9.99,â‚¬5.99,â‚¬4.00,VITA,,
Life Is Strange âœ”,â‚¬16.99,â‚¬5.99,â‚¬11.00,PS3,,
Little Nightmares ğŸŒŸ,â‚¬19.99,â‚¬0.00,â‚¬19.99,,,
LittleBigPlanet 3,â‚¬19.99,â‚¬9.99,â‚¬10.00,,,
LocoRoco,â‚¬14.99,â‚¬14.99,â‚¬0.00,,,
Lovers In A Dangerous Spacetime âœ”,â‚¬14.99,â‚¬4.99,â‚¬10.00,,,
LUMO,â‚¬17.99,â‚¬9.99,â‚¬8.00,VITA,,
Mafia: Definitive Edition âœ”,â‚¬39.99,â‚¬29.99,â‚¬10.00,,,
Mafia III,â‚¬39.99,â‚¬9.99,â‚¬30.00,,,
Manhunt âœ”,â‚¬13.99,â‚¬5.99,â‚¬8.00,,,
Manual Samuel âœ”,â‚¬9.99,â‚¬4.99,â‚¬5.00,,,
Marvel's Guardians Of The Galaxy TTG âœ”,â‚¬14.99,â‚¬14.99,â‚¬0.00,,,
Marvel's Spider-Man ğŸ¥³ğŸâœ”,â‚¬79.99,â‚¬0.00,â‚¬79.99,,,
Mass Effect: Legendary Edition,â‚¬69.99,â‚¬44.79,â‚¬25.20,,,
Max Payne,â‚¬13.99,â‚¬5.99,â‚¬8.00,,,
MediEvil âœ”,â‚¬29.99,â‚¬29.99,â‚¬0.00,,,
Mega Man Legacy Collection (+5),â‚¬14.99,â‚¬7.99,â‚¬7.00,,,
Mega Man Legacy Collection 2 (+3),â‚¬14.99,â‚¬7.99,â‚¬7.00,,,
Mega Man X Legacy Collection (+3),â‚¬19.99,â‚¬11.99,â‚¬8.00,,,
Mega Man X Legacy Collection 2 (+3),â‚¬19.99,â‚¬11.99,â‚¬8.00,,,
Metal Gear Solid V: The Phantom Pain âœ”,â‚¬29.99,â‚¬7.49,â‚¬22.50,,,
Metro Redux (+1),â‚¬29.99,â‚¬4.49,â‚¬25.50,,,
Micro Machines World Series âœ”,â‚¬39.99,â‚¬26.99,â‚¬13.00,,,
Minutes,â‚¬4.49,â‚¬3.49,â‚¬1.00,VITA,,
Monopoly Family Fun Pack,â‚¬29.99,â‚¬19.99,â‚¬10.00,,,
Monster Hunter World: Iceborne ğŸŒŸ,â‚¬19.99,â‚¬0.00,â‚¬19.99,,,
Mortal Kombat X ğŸŒŸ,â‚¬19.99,â‚¬0.00,â‚¬19.99,,,
Mortal Shell ğŸŒŸ,â‚¬29.99,â‚¬0.00,â‚¬29.99,,,
Mother Russia Bleeds âœ”,â‚¬12.99,â‚¬4.49,â‚¬8.50,,,
Neon Chrome,â‚¬14.99,â‚¬4.49,â‚¬10.50,VITA,,
Neon Drive ğŸŒŸ,â‚¬9.99,â‚¬4.99,â‚¬5.00,,,
Night Book,â‚¬11.67,â‚¬5.83,â‚¬5.84,,,
Ninja Senki DX,â‚¬5.99,â‚¬1.99,â‚¬4.00,VITA,,
Nitroplus Blasterz: Heroines Infinite Duel,â‚¬19.99,â‚¬14.99,â‚¬5.00,,,
Octodad: Dadliest Catch âœ”,â‚¬13.99,â‚¬7.00,â‚¬6.99,VITA,,
Oddworld: New 'n' Tasty âœ”,â‚¬23.58,â‚¬20.98,â‚¬2.60,PS3 & VITA,,
OlliOlli: Epic Combo Edition,â‚¬24.99,â‚¬9.99,â‚¬15.00,VITA,,
OlliOlli 2,â‚¬12.99,â‚¬6.49,â‚¬6.50,VITA,,
One Piece Unlimited World Red,â‚¬79.98,â‚¬18.98,â‚¬61.00,VITA,,
Outbreak: Epidemic âœ”,â‚¬14.99,â‚¬8.24,â‚¬6.75,,,
Outlast,â‚¬18.99,â‚¬3.79,â‚¬15.20,,,
Oxenfree,â‚¬9.99,â‚¬4.99,â‚¬5.00,,,
Pac-Man 256 âœ”,â‚¬4.99,â‚¬4.99,â‚¬0.00,,,
PaRappa The Rapper Remastered âœ”,â‚¬14.99,â‚¬14.99,â‚¬0.00,,,
PaRappa The Rapper 2 âœ”,â‚¬9.99,â‚¬5.99,â‚¬4.00,,,
Party Hard âœ”,â‚¬12.99,â‚¬4.99,â‚¬8.00,,,
Persona 5,â‚¬69.99,â‚¬34.99,â‚¬35.00,,,
Persona 5 Strikers ğŸŒŸ,â‚¬59.99,â‚¬0.00,â‚¬59.99,,,
PGA Tour 2K21 ğŸŒŸ,â‚¬59.99,â‚¬0.00,â‚¬59.99,,,
Pic-A-Pix Color,â‚¬7.99,â‚¬3.99,â‚¬4.00,VITA,,
PixelJunk Shooter Ultimate,â‚¬11.99,â‚¬2.99,â‚¬9.00,VITA,,
Plants vs Zombies: Battle for Neighborville,â‚¬39.99,â‚¬24.99,â‚¬15.00,,,
Please Don't Touch Anything,â‚¬9.99,â‚¬4.99,â‚¬5.00,,,
Poltergeist: A Pixelated Horror,â‚¬7.99,â‚¬2.99,â‚¬5.00,VITA,,
Polybius,â‚¬16.99,â‚¬4.99,â‚¬12.00,VR ğŸ’,,
PONG Quest âœ”,â‚¬17.99,â‚¬8.99,â‚¬9.00,,,
Postal Redux ğŸŒŸ,â‚¬9.99,â‚¬3.49,â‚¬6.50,,,
Psychonauts âœ”,â‚¬10.99,â‚¬7.99,â‚¬3.00,,,
Psychonauts 2 âœ”,â‚¬59.99,â‚¬41.99,â‚¬18.00,,,
Pumped BMX+,â‚¬9.99,â‚¬2.99,â‚¬7.00,PS3 & VITA,,
Putty Squad âœ”,â‚¬24.99,â‚¬6.99,â‚¬18.00,,,
Quake,â‚¬9.99,â‚¬4.99,â‚¬5.00,,,
Quest Of Dungeons,â‚¬8.99,â‚¬3.99,â‚¬5.00,,,
Rally Copters,â‚¬10.99,â‚¬10.99,â‚¬0.00,VITA,,
Ratchet & Clank âœ”,â‚¬39.99,â‚¬16.49,â‚¬23.50,,,
Rayman Legends âœ”,â‚¬39.98,â‚¬26.99,â‚¬12.99,PS3 & VITA,,
Red Dead Redemption 2 âœ”,â‚¬69.99,â‚¬34.99,â‚¬35.00,,,
Red Dead Revolver,â‚¬13.99,â‚¬5.99,â‚¬8.00,,,
Resident Evil: Re:Verse,â‚¬0.00,â‚¬0.00,â‚¬0.00,,,
Resident Evil: Resistance,â‚¬0.00,â‚¬0.00,â‚¬0.00,,,
Resident Evil 0,â‚¬19.99,â‚¬4.99,â‚¬15.00,,,
Resident Evil,â‚¬19.99,â‚¬4.99,â‚¬15.00,,,
Resident Evil 2 Remake âœ”,â‚¬59.99,â‚¬59.99,â‚¬0.00,,,
Resident Evil 3 Remake âœ”,â‚¬59.99,â‚¬19.79,â‚¬40.20,,,
Resident Evil 4 âœ”,â‚¬19.99,â‚¬7.99,â‚¬12.00,,,
Resident Evil 5,â‚¬19.99,â‚¬7.99,â‚¬12.00,,,
Resident Evil 6,â‚¬19.99,â‚¬7.99,â‚¬12.00,,,
Resident Evil 7,â‚¬49.98,â‚¬26.98,â‚¬23.00,VR ğŸ’,,
Resident Evil Revelations âœ”,â‚¬19.99,â‚¬7.49,â‚¬12.50,,,
Resident Evil Revelations 2,â‚¬19.99,â‚¬7.49,â‚¬12.50,,,
RESOGUN,â‚¬12.99,â‚¬3.99,â‚¬9.00,PS3 & VITA,,
Retro City Rampage DX,â‚¬9.99,â‚¬4.99,â‚¬5.00,PS3 & VITA,,
Riptide GP: Renegade,â‚¬9.99,â‚¬3.99,â‚¬6.00,,,
Rise Of The Tomb Raider âœ”,â‚¬29.99,â‚¬14.99,â‚¬15.00,VR ğŸ’,,
Risk Of Rain,â‚¬8.99,â‚¬3.99,â‚¬5.00,VITA,,
Road Redemption,â‚¬19.99,â‚¬7.99,â‚¬12.00,,,
Rock Boshers DX: Director's Cut âœ”,â‚¬5.49,â‚¬5.49,â‚¬0.00,VITA,,
Rocket League âœ”,â‚¬34.58,â‚¬26.58,â‚¬8.00,,,
Rocketbirds 2: Evolution,â‚¬12.99,â‚¬12.99,â‚¬0.00,VITA,,
Rogue Legacy,â‚¬12.99,â‚¬4.99,â‚¬8.00,PS3 & VITA,,
Rollercoaster Dreams,â‚¬20.99,â‚¬9.99,â‚¬11.00,VR ğŸ’,,
Rustler,â‚¬29.99,â‚¬14.99,â‚¬15.00,,,
Saban's Mighty Morphin Power Rangers: Mega Battle,â‚¬19.99,â‚¬3.99,â‚¬16.00,,,
Saints Row IV: Re-Elected âœ”,â‚¬34.98,â‚¬7.49,â‚¬27.49,PS3 ğŸ“€,,
Saints Row IV: Gat out of Hell,â‚¬19.99,â‚¬7.99,â‚¬12.00,,,
Scott Pilgrim vs The World: The Game,â‚¬14.99,â‚¬8.99,â‚¬6.00,,,
Scribblenauts Mega Pack (+1),â‚¬29.99,â‚¬9.99,â‚¬20.00,,,
Sekiro: Shadows Die Twice,â‚¬69.99,â‚¬45.49,â‚¬24.50,,,
Shantae and The Pirate's Curse âœ”,â‚¬19.99,â‚¬19.99,â‚¬0.00,PS5 TBC,,
Shovel Knight: Treasure Trove (+4),â‚¬24.99,â‚¬24.99,â‚¬0.00,PS3 & VITA,,
ShredIt âœ”,â‚¬8.99,â‚¬5.49,â‚¬3.50,,,
Slain,â‚¬14.99,â‚¬4.99,â‚¬10.00,VITA,,
Slay the Spire ğŸŒŸâœ”,â‚¬24.99,â‚¬0.00,â‚¬24.99,,,
Sleeping Dogs,â‚¬29.99,â‚¬4.49,â‚¬25.50,,,
Slender: The Arrival,â‚¬9.99,â‚¬1.49,â‚¬8.50,,,
Sniper Elite V2 Remastered ğŸŒŸ,â‚¬34.99,â‚¬3.49,â‚¬31.50,,,
Sonic Mania,â‚¬24.98,â‚¬24.98,â‚¬0.00,,,
SoulCalibur VI,â‚¬99.99,â‚¬99.99,â‚¬0.00,,,
Sound Shapes,â‚¬14.99,â‚¬3.99,â‚¬11.00,PS3 & VITA,,
South Park: The Fractured But Whole âœ”,â‚¬96.94,â‚¬57.94,â‚¬39.00,,,
South Park: The Stick of Truth âœ”,â‚¬0.00,â‚¬0.00,â‚¬0.00,,,
Spelunky ğŸ„ğŸ,â‚¬14.99,â‚¬0.00,â‚¬14.99,PS3 & VITA,,
SpongeBob Squarepants: Battle for Bikini Bottom - Rehydrated âœ”,â‚¬29.99,â‚¬17.99,â‚¬12.00,,,
Spy Chameleon âœ”,â‚¬4.99,â‚¬1.99,â‚¬3.00,VITA,,
Spyro Reignited Trilogy (+2) âœ”,â‚¬39.99,â‚¬39.99,â‚¬0.00,,,
Star Wars Episode I: Racer âœ”,â‚¬14.99,â‚¬9.74,â‚¬5.25,,,
Stardew Valley,â‚¬14.99,â‚¬7.99,â‚¬7.00,VITA,,
Stealth Inc: A Clone In The Dark âœ”,â‚¬8.49,â‚¬2.49,â‚¬6.00,PS3 & VITA,,
Stealth Inc 2: A Game Of Clones âœ”,â‚¬8.49,â‚¬2.49,â‚¬6.00,PS3 & VITA,,
SteamWorld Dig âœ”,â‚¬8.99,â‚¬1.99,â‚¬7.00,VITA,,
SteamWorld Dig 2 ğŸŒŸâœ”,â‚¬19.99,â‚¬4.99,â‚¬15.00,,,
SteamWorld Heist,â‚¬14.99,â‚¬9.99,â‚¬5.00,VITA,,
Stikbold! A Dodgeball Adventure,â‚¬9.99,â‚¬4.49,â‚¬5.50,,,
Stranded Deep ğŸŒŸ,â‚¬19.99,â‚¬0.00,â‚¬19.99,,,
Street Fighter 30th Anniversary Collection (+11),â‚¬39.99,â‚¬14.79,â‚¬25.20,,,
Super Kickers League Ultimate ğŸŒŸâœ”,â‚¬19.99,â‚¬5.99,â‚¬14.00,,,
Super Meat Boy!,â‚¬15.99,â‚¬5.59,â‚¬10.40,VITA,,
Super Monkey Ball: Banana Blitz HD,â‚¬39.99,â‚¬19.99,â‚¬20.00,,,
Super Stardust Ultra,â‚¬32.98,â‚¬17.98,â‚¬15.00,VR ğŸ’,,
Superbeat: Xonic EX,â‚¬49.98,â‚¬12.98,â‚¬37.00,VITA,,
Supermarket Shriek âœ”,â‚¬19.99,â‚¬11.99,â‚¬8.00,,,
Surgeon Simulator,â‚¬30.98,â‚¬24.98,â‚¬6.00,VR ğŸ’,,
Switch Galaxy Ultra,â‚¬10.99,â‚¬3.99,â‚¬7.00,VITA,,
Syrup and the Ultimate Sweet âœ”,â‚¬4.99,â‚¬4.99,â‚¬0.00,VITA,,
Table Top Racing: World Tour âœ”,â‚¬12.98,â‚¬12.98,â‚¬0.00,,,
Tales From The Borderlands TTG âœ”,â‚¬29.98,â‚¬29.98,â‚¬0.00,PS3,,
Team Sonic Racing ğŸŒŸ ,â‚¬39.99,â‚¬0.00,â‚¬39.99,,,
Tearaway Unfolded,â‚¬19.99,â‚¬11.99,â‚¬8.00,,,
Tekken 7,â‚¬74.98,â‚¬29.98,â‚¬45.00,VR ğŸ’,,
Tembo The Badass Elephant âœ”,â‚¬12.99,â‚¬3.49,â‚¬9.50,,,
Tennis in the Face,â‚¬9.98,â‚¬9.98,â‚¬0.00,PS3 & VITA,,
Tennis World Tour 2 ğŸŒŸ,â‚¬49.99,â‚¬0.00,â‚¬49.99,,,
Terraria,â‚¬33.98,â‚¬15.49,â‚¬18.49,,,
Tethered,â‚¬28.49,â‚¬28.49,â‚¬0.00,VR ğŸ’,,
Tetris Ultimate,â‚¬39.99,â‚¬5.99,â‚¬34.00,,,
That's You! âœ”,â‚¬0.00,â‚¬0.00,â‚¬0.00,,,
The Binding of Isaac: Rebirth ğŸ„ğŸ,â‚¬14.99,â‚¬0.00,â‚¬14.99,VITA,,
The Bug Butcher,â‚¬9.99,â‚¬4.99,â‚¬5.00,,,
The Complex,â‚¬11.66,â‚¬5.83,â‚¬5.83,,,
The Crew,â‚¬24.99,â‚¬11.99,â‚¬13.00,,,
The Disney Afternoon Collection (+3),â‚¬19.99,â‚¬4.99,â‚¬15.00,,,
The Escapists,â‚¬17.99,â‚¬6.99,â‚¬11.00,,,
The Evil Within,â‚¬19.99,â‚¬5.99,â‚¬14.00,,,
The Flame in the Flood âœ”,â‚¬14.99,â‚¬4.49,â‚¬10.50,,,
The Last Guardian ğŸŒŸ,â‚¬34.99,â‚¬0.00,â‚¬34.99,,,
The Last Of Us: Left Behind Remastered âœ”,â‚¬9.99,â‚¬4.99,â‚¬5.00,,,
The Last Of Us Remastered âœ”,â‚¬39.99,â‚¬39.99,â‚¬0.00,,,
The Last of Us Part II ğŸğŸ¥³âœ”,â‚¬69.99,â‚¬0.00,â‚¬69.99,,,
The Sims 4,â‚¬869.61,â‚¬682.41,â‚¬187.20,,,
The Swapper,â‚¬14.99,â‚¬3.99,â‚¬11.00,PS3 & VITA,,
The Unfinished Swan,â‚¬12.99,â‚¬2.99,â‚¬10.00,PS3 & VITA,,
The Walking Dead Season 1 TTG,â‚¬14.99,â‚¬5.99,â‚¬9.00,VITA,,
The Walking Dead Season 2 TTG,â‚¬14.99,â‚¬14.99,â‚¬0.00,,,
The Walking Dead Season 3 TTG,â‚¬29.99,â‚¬29.99,â‚¬0.00,,,
The Walking Dead Final Season TTG,â‚¬23.99,â‚¬23.99,â‚¬0.00,,,
The Warriors âœ”,â‚¬13.99,â‚¬5.99,â‚¬8.00,,,
The Witcher 3: Wild Hunt,â‚¬74.98,â‚¬24.98,â‚¬50.00,PS5 TBC,,
The Witness,â‚¬36.99,â‚¬8.44,â‚¬28.55,,,
The Wolf Among Us TTG âœ”,â‚¬14.99,â‚¬14.99,â‚¬0.00,,,
Think of the Children,â‚¬12.99,â‚¬2.59,â‚¬10.40,,,
This Is The Police,â‚¬19.99,â‚¬2.99,â‚¬17.00,,,
Thomas Was Alone ğŸŒŸâœ”,â‚¬7.99,â‚¬0.00,â‚¬7.99,PS3 & VITA,,
Tiny Tina's Assault on Dragon Keep: A Wonderlands One-Shot Adventure ğŸŒŸ,â‚¬9.99,â‚¬0.00,â‚¬9.99,,,
Titan Attacks!,â‚¬9.99,â‚¬9.99,â‚¬0.00,PS3 & VITA,,
ToeJam & Earl: Back In The Groove âœ”,â‚¬18.89,â‚¬18.89,â‚¬0.00,,,
Touhou Double Focus,â‚¬19.99,â‚¬4.99,â‚¬15.00,,,
Trials Fusion: The Awesome MAX Edition,â‚¬39.99,â‚¬9.99,â‚¬30.00,,,
Tribes of Midgard ğŸŒŸ,â‚¬19.99,â‚¬0.00,â‚¬19.99,,,
Tricky Towers âœ”,â‚¬14.99,â‚¬5.99,â‚¬9.00,,,
Trine Enchanted Edition,â‚¬9.99,â‚¬2.99,â‚¬7.00,,,
Trine 2: Complete Story,â‚¬9.99,â‚¬2.99,â‚¬7.00,,,
Trine 3: The Artifacts Of Power,â‚¬9.99,â‚¬1.99,â‚¬8.00,,,
Tropico 5,â‚¬24.99,â‚¬9.99,â‚¬15.00,,,
Trover Saves The Universe ğŸ¥³ğŸâœ”,â‚¬29.99,â‚¬0.00,â‚¬29.99,VR ğŸ’,,
Twisted Metal: Black,â‚¬9.99,â‚¬4.99,â‚¬5.00,,,
Two Point Hospital,â‚¬56.98,â‚¬37.58,â‚¬19.40,,,
Typoman,â‚¬9.99,â‚¬6.99,â‚¬3.00,,,
UFC 4,â‚¬69.99,â‚¬0.00,â‚¬69.99,,,
Ultratron,â‚¬9.99,â‚¬9.99,â‚¬0.00,PS3 & VITA,,
Unbox: Newbie's Adventure ğŸŒŸ,â‚¬24.99,â‚¬4.99,â‚¬20.00,,,
Uncanny Valley âœ”,â‚¬14.49,â‚¬3.62,â‚¬10.87,,,
Uncharted 3: Drake's Deception âœ”,â‚¬22.16,â‚¬15.16,â‚¬7.00,,,
Uncharted 2: Among Thieves âœ”,â‚¬22.15,â‚¬15.15,â‚¬7.00,,,
Uncharted 4: A Thief's End âœ”,â‚¬69.99,â‚¬22.99,â‚¬47.00,,,
Uncharted: Drake's Fortune âœ”,â‚¬22.15,â‚¬15.15,â‚¬7.00,,,
Uncharted: The Lost Legacy,â‚¬19.99,â‚¬17.99,â‚¬2.00,,,
Undertale,â‚¬14.99,â‚¬8.99,â‚¬6.00,VITA,,
UNO,â‚¬19.99,â‚¬7.99,â‚¬12.00,,,
Unravel,â‚¬19.99,â‚¬7.99,â‚¬12.00,,,
Until Dawn âœ”,â‚¬34.99,â‚¬34.99,â‚¬0.00,,,
Untitled Goose Game âœ”,â‚¬19.99,â‚¬14.99,â‚¬5.00,,,
Velocity 2X,â‚¬15.99,â‚¬6.40,â‚¬9.59,VITA,,
Viking Squad,â‚¬14.99,â‚¬5.99,â‚¬9.00,,,
Virtua Fighter 5: Ultimate Showdown ğŸŒŸ,â‚¬29.99,â‚¬0.00,â‚¬29.99,,,
Volume,â‚¬17.99,â‚¬4.99,â‚¬13.00,VITA & VR ğŸ’,,
Watch_Dogs âœ”,â‚¬19.99,â‚¬7.99,â‚¬12.00,,,
Watch_Dogs 2 âœ”,â‚¬69.99,â‚¬14.99,â‚¬55.00,,,
while true: learn( ),â‚¬14.99,â‚¬9.74,â‚¬5.25,,,
Wipeout Omega Collection (+1),â‚¬44.98,â‚¬9.99,â‚¬34.99,PS3 & VR ğŸ’,,
Worms Battlegrounds,â‚¬17.49,â‚¬8.99,â‚¬8.50,,,
Worms WMD,â‚¬17.49,â‚¬8.99,â‚¬8.50,,,
WRC 6,â‚¬19.99,â‚¬12.99,â‚¬7.00,,,
WWE 2K Battlegrounds ğŸŒŸ,â‚¬39.99,â‚¬0.00,â‚¬39.99,,,
XCOM 2,â‚¬49.99,â‚¬12.49,â‚¬37.50,,,
Xenoraid,â‚¬9.99,â‚¬3.99,â‚¬6.00,VITA,,
Yakuza 0 âœ”,â‚¬19.99,â‚¬8.99,â‚¬11.00,,,
Yakuza Kiwami âœ”,â‚¬19.99,â‚¬7.99,â‚¬12.00,,,
Yakuza Kiwami 2 ğŸŒŸâœ”,â‚¬19.99,â‚¬6.99,â‚¬13.00,,,
Yakuza 3 Remastered âœ”,â‚¬13.33,â‚¬8.00,â‚¬5.33,,,
Yakuza 4 Remastered âœ”,â‚¬13.33,â‚¬8.00,â‚¬5.33,,,
Yakuza 5 Remastered,â‚¬13.33,â‚¬7.99,â‚¬5.34,,,
Yakuza 6: The Song of Life âœ”,â‚¬19.99,â‚¬8.99,â‚¬11.00,,,
Yomawari: Midnight Shadows,â‚¬29.99,â‚¬14.99,â‚¬15.00,,,
Yooka-Laylee,â‚¬39.99,â‚¬11.99,â‚¬28.00,,,
Yooka-Laylee and the Impossible Lair ğŸğŸŒ²,â‚¬29.99,â‚¬0.00,â‚¬29.99,,,
Yu-Gi-Oh! Legacy of the Duelist,â‚¬35.94,â‚¬35.94,â‚¬0.00,PS3,,
ÅŒkami HD âœ”,â‚¬19.99,â‚¬13.99,â‚¬6.00,PS3,,
Accounting+ ğŸ’âœ”,â‚¬11.99,â‚¬4.79,â‚¬7.20,,,
Animal Force ğŸ’,â‚¬14.99,â‚¬4.99,â‚¬10.00,,,
Apex Construct ğŸ’,â‚¬19.99,â‚¬14.99,â‚¬5.00,,,
Apocalypse Rider ğŸ’âœ”,â‚¬5.99,â‚¬5.99,â‚¬0.00,,,
Arizona Sunshine ğŸ’,â‚¬44.99,â‚¬11.24,â‚¬33.75,,,
ASTRO BOT Rescue Mission ğŸ’âœ”,â‚¬39.99,â‚¬0.00,â‚¬39.99,,,
Batman: Arkham VR ğŸ’âœ”,â‚¬19.99,â‚¬9.99,â‚¬10.00,,,
Beat Saber ğŸ’,â‚¬29.99,â‚¬29.99,â‚¬0.00,,,
BoxVR ğŸ’,â‚¬29.99,â‚¬17.99,â‚¬12.00,,,
Carnival Games VR ğŸ’,â‚¬19.99,â‚¬4.99,â‚¬15.00,,,
Catch & Release ğŸ’,â‚¬19.99,â‚¬19.99,â‚¬0.00,,,
CoolpaintrVR ğŸ’,â‚¬19.99,â‚¬6.99,â‚¬13.00,,,
Creed: Rise To Glory ğŸ’,â‚¬24.99,â‚¬11.99,â‚¬13.00,,,
Discovery ğŸ’,â‚¬11.99,â‚¬4.99,â‚¬7.00,,,
DOOM VFR ğŸ’,â‚¬29.99,â‚¬0.00,â‚¬29.99,,,
Dream Match Tennis VR ğŸ’,â‚¬14.99,â‚¬14.99,â‚¬0.00,,,
DriveClub VR ğŸ’,â‚¬19.99,â‚¬19.99,â‚¬0.00,,,
Drunkn Bar Fight ğŸ’âœ”,â‚¬17.99,â‚¬7.99,â‚¬10.00,,,
Eagle Flight ğŸ’,â‚¬39.99,â‚¬12.99,â‚¬27.00,,,
EVE: Valkyrie ğŸ’,â‚¬29.99,â‚¬10.99,â‚¬19.00,,,
Everest VR ğŸ’,â‚¬9.99,â‚¬3.99,â‚¬6.00,,,
Everybodyâ€™s Golf VR ğŸ’,â‚¬29.99,â‚¬14.99,â‚¬15.00,,,
Floor Plan ğŸ’ğŸğŸ¥³âœ”,â‚¬5.99,â‚¬0.00,â‚¬5.99,,,
Fruit Ninja VR ğŸ’,â‚¬16.99,â‚¬16.99,â‚¬0.00,,,
Groundhog Day: Like Father Like Son ğŸ’,â‚¬19.99,â‚¬19.99,â‚¬0.00,,,
Gun Club VR ğŸ’,â‚¬24.99,â‚¬12.49,â‚¬12.50,,,
Headmaster ğŸ’âœ”,â‚¬28.98,â‚¬14.98,â‚¬14.00,,,
Homestar VR ğŸ’,â‚¬16.99,â‚¬7.99,â‚¬9.00,,,
Hotel R'n'R ğŸ’,â‚¬18.99,â‚¬11.39,â‚¬7.60,,,
Hustle Kings VR ğŸ’,â‚¬19.99,â‚¬9.99,â‚¬10.00,,,
I Expect You To Die ğŸ’,â‚¬24.99,â‚¬12.49,â‚¬12.50,,,
I Expect You to Die 2 ğŸ’ğŸ„ğŸ,â‚¬24.99,â‚¬0.00,â‚¬24.99,,,
Job Simulator VR ğŸ’ âœ”,â‚¬19.99,â‚¬19.99,â‚¬0.00,,,
Kingdom Hearts: VR Experience ğŸ’,â‚¬0.00,â‚¬0.00,â‚¬0.00,,,
Knockout League ğŸ’,â‚¬19.99,â‚¬14.99,â‚¬5.00,,,
Kona VR ğŸ’,â‚¬19.99,â‚¬3.99,â‚¬16.00,,,
Lethal VR ğŸ’,â‚¬19.99,â‚¬7.99,â‚¬12.00,,,
Marvel's Iron Man VR ğŸ’ğŸğŸ¥³,â‚¬39.99,â‚¬0.00,â‚¬39.99,,,
Mervils: A VR Adventure ğŸ’,â‚¬15.99,â‚¬4.99,â‚¬11.00,,,
Moss ğŸ’,â‚¬29.99,â‚¬17.99,â‚¬12.00,,,
"Penn & Teller VR: F U, U, U & U ğŸ’",â‚¬19.99,â‚¬19.99,â‚¬0.00,,,
Perfect VR ğŸ’,â‚¬9.99,â‚¬3.99,â‚¬6.00,,,
PlayStation VR Worlds ğŸ’,â‚¬29.99,â‚¬0.00,â‚¬29.99,,,
Psychonauts In The Rhombus Of Ruin VR ğŸ’âœ”,â‚¬18.99,â‚¬6.49,â‚¬12.50,,,
Rez Infinite VR ğŸ’,â‚¬29.99,â‚¬14.99,â‚¬15.00,,,
Rick & Morty: Virtual Rick-ality ğŸ’,â‚¬29.99,â‚¬29.99,â‚¬0.00,,,
RIGS: Mechanized Combat League VR ğŸ’,â‚¬19.99,â‚¬9.99,â‚¬10.00,,,
Sam and Max: This Time It's Virtual! ğŸ’,â‚¬19.99,â‚¬13.99,â‚¬6.00,,,
Shooty Fruity ğŸ’âœ”,â‚¬19.99,â‚¬11.99,â‚¬8.00,,,
Skyrim VR ğŸ’,â‚¬69.99,â‚¬0.00,â‚¬69.99,,,
Sniper Elite VR ğŸ’ğŸŒŸ ,â‚¬29.99,â‚¬13.49,â‚¬16.50,,,
Space Pirate Trainer VR ğŸ’,â‚¬14.49,â‚¬11.59,â‚¬2.90,,,
Sprint Vector ğŸ’,â‚¬24.99,â‚¬7.99,â‚¬17.00,,,
Star Trek: Bridge Crew VR ğŸ’,â‚¬24.99,â‚¬19.99,â‚¬5.00,,,
Superhot VR ğŸ’,â‚¬24.99,â‚¬14.99,â‚¬10.00,,,
Tetris Effect: Connected ğŸ’âœ”,â‚¬39.99,â‚¬39.99,â‚¬0.00,,,
The American Dream ğŸ’,â‚¬19.99,â‚¬7.99,â‚¬12.00,,,
The Guy VR ğŸŒŸğŸ’âœ”,â‚¬9.99,â‚¬6.99,â‚¬3.00,,,
The Playroom VR ğŸ’,â‚¬0.00,â‚¬0.00,â‚¬0.00,,,
The Walking Dead: Saints and Sinners ğŸŒŸğŸ’,â‚¬39.99,â‚¬0.00,â‚¬39.99,,,
Tiny Trax ğŸ’,â‚¬15.99,â‚¬15.99,â‚¬0.00,,,
Track Lab ğŸ’,â‚¬19.99,â‚¬8.99,â‚¬11.00,,,
Trackmania Turbo ğŸ’,â‚¬29.99,â‚¬11.99,â‚¬18.00,,,
Traffic Jams ğŸŒŸğŸ’,â‚¬19.99,â‚¬12.99,â‚¬7.00,,,
Tumble VR ğŸ’,â‚¬9.99,â‚¬3.99,â‚¬6.00,,,
Ultrawings ğŸ’,â‚¬21.99,â‚¬6.99,â‚¬15.00,,,
Until Dawn: Rush Of Blood VR ğŸ’,â‚¬19.99,â‚¬9.99,â‚¬10.00,,,
Until You Fall ğŸŒŸğŸ’,â‚¬24.99,â‚¬0.00,â‚¬24.99,,,
VR Karts ğŸ’,â‚¬24.99,â‚¬9.99,â‚¬15.00,,,
VR Ping Pong ğŸ’,â‚¬14.99,â‚¬2.99,â‚¬12.00,,,
VR The Diner Duo ğŸ’,â‚¬14.99,â‚¬5.99,â‚¬9.00,,,
Wanderer ğŸ’,â‚¬39.99,â‚¬19.99,â‚¬20.00,,,
You Are Being Followed ğŸ’,â‚¬0.00,â‚¬0.00,â‚¬0.00,,,
Alice: Madness Returns (+1),â‚¬19.99,â‚¬19.99,â‚¬0.00,,,
Angry Birds Trilogy (+2) âœ”,â‚¬29.99,â‚¬29.99,â‚¬0.00,,,
Army of Two ğŸ“€,â‚¬2.00,â‚¬2.00,â‚¬0.00,,,
Bang Bang Racing âœ”,â‚¬9.99,â‚¬9.99,â‚¬0.00,,,
Battlefield 3,â‚¬19.99,â‚¬0.00,â‚¬19.99,,,
Bayonetta ğŸ“€,â‚¬14.99,â‚¬4.00,â‚¬10.99,,,
Beat Hazard Ultra âœ”,â‚¬6.99,â‚¬6.99,â‚¬0.00,,,
Bentley's Hackpack,â‚¬1.99,â‚¬1.99,â‚¬0.00,,,
Beyond Good and Evil HD,â‚¬9.99,â‚¬9.99,â‚¬0.00,,,
Blur ğŸ“€âœ”,â‚¬18.00,â‚¬18.00,â‚¬0.00,,,
Brink ğŸ“€âœ”,â‚¬0.50,â‚¬0.50,â‚¬0.00,,,
Buzz! Quiz World ğŸ“€âœ”,â‚¬42.00,â‚¬42.00,â‚¬0.00,,,
Call of Duty: Modern Warfare 2 ğŸ“€âœ”,â‚¬29.99,â‚¬4.00,â‚¬25.99,,,
Crazy Machines Elements âœ”,â‚¬4.99,â‚¬4.99,â‚¬0.00,,,
Daytona USA,â‚¬7.99,â‚¬7.99,â‚¬0.00,,,
Dead Rising 2 ğŸ“€,â‚¬14.99,â‚¬3.50,â‚¬11.49,,,
Dead Space ğŸ“€,â‚¬12.99,â‚¬4.00,â‚¬8.99,,,
Deus Ex: Human Revolution ğŸ“€,â‚¬12.99,â‚¬6.00,â‚¬6.99,,,
Dishonored ğŸ“€,â‚¬9.99,â‚¬3.00,â‚¬6.99,,,
DJ Hero ğŸ“€,â‚¬2.50,â‚¬2.50,â‚¬0.00,,,
DJ Hero 2 ğŸ“€,â‚¬2.50,â‚¬2.50,â‚¬0.00,,,
Duke Nukem Forever ğŸ“€,â‚¬12.99,â‚¬3.50,â‚¬9.49,,,
Earthworm Jim HD âœ”,â‚¬9.99,â‚¬9.99,â‚¬0.00,,,
F1 Race Stars âœ”,â‚¬9.99,â‚¬9.99,â‚¬0.00,,,
Family Guy: Back to the Multiverse ğŸ“€âœ”,â‚¬8.00,â‚¬8.00,â‚¬0.00,,,
Far Cry Classic,â‚¬9.99,â‚¬9.99,â‚¬0.00,,,
Far Cry 2 ğŸ“€âœ”,â‚¬9.99,â‚¬2.00,â‚¬7.99,,,
Fat Princess âœ”,â‚¬9.99,â‚¬9.99,â‚¬0.00,,,
F.E.A.R ğŸ“€,â‚¬12.00,â‚¬12.00,â‚¬0.00,,,
FIFA Street ğŸ“€,â‚¬4.00,â‚¬4.00,â‚¬0.00,,,
Fight Night Champion ğŸ“€âœ”,â‚¬19.99,â‚¬15.00,â‚¬4.99,,,
Final Exam,â‚¬9.99,â‚¬9.99,â‚¬0.00,,,
Final Fantasy XIII ğŸ“€,â‚¬4.00,â‚¬4.00,â‚¬0.00,,,
Girl Fight ğŸŒŸ,â‚¬0.00,â‚¬0.00,â‚¬0.00,,,
God of War,â‚¬12.99,â‚¬4.99,â‚¬8.00,VITA,,
God of War II,â‚¬12.00,â‚¬3.00,â‚¬9.00,VITA,,
Gran Turismo 5 ğŸ“€,â‚¬5.00,â‚¬5.00,â‚¬0.00,,,
Grand Theft Auto IV: The Complete Collection ğŸ“€,â‚¬49.97,â‚¬22.00,â‚¬27.97,,,
Hitman: Absolution ğŸ“€,â‚¬14.99,â‚¬5.00,â‚¬9.99,,,
ICO Classics HD,â‚¬10.00,â‚¬10.00,â‚¬0.00,,,
inFamous âœ”,â‚¬8.99,â‚¬8.99,â‚¬0.00,,,
inFamous 2 âœ”,â‚¬8.00,â‚¬8.00,â‚¬0.00,,,
inFamous: Festival of Blood âœ”,â‚¬8.00,â‚¬8.00,â‚¬0.00,,,
Jet Car Stunts,â‚¬6.99,â‚¬6.99,â‚¬0.00,VITA,,
Joe Danger 2: The Movie âœ”,â‚¬12.99,â‚¬12.99,â‚¬0.00,,,
Kane and Lynch: Dead Men ğŸ“€,â‚¬9.99,â‚¬2.00,â‚¬7.99,,,
Kane and Lynch 2: Dog Days ğŸ“€,â‚¬9.99,â‚¬2.00,â‚¬7.99,,,
Killer is Dead ğŸ“€,â‚¬19.99,â‚¬18.00,â‚¬1.99,,,
Killzone,â‚¬12.99,â‚¬12.99,â‚¬0.00,,,
LA Noire âœ”,â‚¬29.99,â‚¬29.99,â‚¬0.00,,,
Lemmings,â‚¬12.98,â‚¬12.98,â‚¬0.00,,,
LittleBigPlanet ğŸ“€âœ”,â‚¬10.50,â‚¬10.50,â‚¬0.00,VITA,,
LittleBigPlanet 2 âœ”,â‚¬29.98,â‚¬19.49,â‚¬10.49,,,
LittleBigPlanet Karting âœ”,â‚¬14.99,â‚¬14.99,â‚¬0.00,,,
Lollipop Chainsaw ğŸ“€,â‚¬12.00,â‚¬12.00,â‚¬0.00,,,
Lone Survivor: The Director's Cut,â‚¬9.99,â‚¬9.99,â‚¬0.00,VITA,,
Mafia II ğŸ“€âœ”,â‚¬29.99,â‚¬10.00,â‚¬19.99,,,
Malicious,â‚¬7.99,â‚¬7.99,â‚¬0.00,,,
Mass Effect 3,â‚¬19.99,â‚¬19.99,â‚¬0.00,,,
Mensa Academy,â‚¬9.99,â‚¬9.99,â‚¬0.00,,,
Metal Gear Solid 2: Sons of Liberty,â‚¬23.99,â‚¬23.99,â‚¬0.00,VITA,,
Metal Gear Solid 3: Snake Eater,â‚¬22.99,â‚¬22.99,â‚¬0.00,VITA,,
Metal Gear Solid: Peace Walker,â‚¬8.00,â‚¬8.00,â‚¬0.00,,,
Metal Gear Solid 4: Guns of the Patriots,â‚¬14.99,â‚¬14.99,â‚¬0.00,,,
Modnation Racers ğŸ“€âœ”,â‚¬6.00,â‚¬6.00,â‚¬0.00,,,
Mortal Kombat âœ”,â‚¬19.99,â‚¬19.99,â‚¬0.00,,,
Mortal Kombat Arcade Kollection (+2) âœ”,â‚¬9.99,â‚¬9.99,â‚¬0.00,,,
Motorstorm: Apocalypse âœ”,â‚¬14.99,â‚¬14.99,â‚¬0.00,,,
Motorstorm: Pacific Rift ğŸ“€âœ”,â‚¬5.00,â‚¬5.00,â‚¬0.00,,,
Motorstorm RC,â‚¬8.99,â‚¬3.99,â‚¬5.00,VITA,,
Naughty Bear ğŸ“€,â‚¬5.00,â‚¬5.00,â‚¬0.00,,,
Need for Speed: Most Wanted ğŸŒŸâœ”,â‚¬14.99,â‚¬0.00,â‚¬14.99,,,
Need for Speed: Shift ğŸ“€âœ”,â‚¬4.00,â‚¬4.00,â‚¬0.00,,,
Need for Speed: The Run ğŸ“€âœ”,â‚¬19.99,â‚¬4.00,â‚¬15.99,,,
Oddworld: Munch's Oddysee âœ”,â‚¬8.99,â‚¬8.99,â‚¬0.00,VITA,,
Oddworld: Stranger's Wrath,â‚¬12.99,â‚¬12.99,â‚¬0.00,VITA,,
PAYDAY: The Heist âœ”,â‚¬12.99,â‚¬12.99,â‚¬0.00,,,
PlayStation All Stars Battle Royale âœ”,â‚¬14.99,â‚¬14.99,â‚¬0.00,VITA,,
PlayStation Move Heroes ğŸ“€,â‚¬12.49,â‚¬7.50,â‚¬4.99,,,
Prince of Persia: The Sands of Time,â‚¬5.00,â‚¬5.00,â‚¬0.00,,,
Prince of Persia: Warrior Within,â‚¬5.00,â‚¬5.00,â‚¬0.00,,,
Prince of Persia: The Two Thrones,â‚¬4.99,â‚¬4.99,â‚¬0.00,,,
Pro Evolution Soccer 2010 ğŸ“€âœ”,â‚¬0.50,â‚¬0.50,â‚¬0.00,,,
Quantum Conundrum,â‚¬10.99,â‚¬10.99,â‚¬0.00,,,
Ratchet & Clank,â‚¬8.99,â‚¬3.99,â‚¬5.00,VITA,,
Ratchet & Clank 2 âœ”,â‚¬8.00,â‚¬3.00,â‚¬5.00,VITA,,
Ratchet & Clank 3 âœ”,â‚¬8.00,â‚¬3.00,â‚¬5.00,VITA,,
Ratchet & Clank: A Crack in Time ğŸ“€âœ”,â‚¬14.99,â‚¬10.00,â‚¬4.99,,,
Ratchet: Gladiator âœ”,â‚¬14.99,â‚¬14.99,â‚¬0.00,,,
Ratchet & Clank: Nexus âœ”,â‚¬14.99,â‚¬14.99,â‚¬0.00,,,
Ratchet & Clank: QForce,â‚¬14.99,â‚¬4.99,â‚¬10.00,,,
Ratchet & Clank: Quest for Booty âœ”,â‚¬9.99,â‚¬9.99,â‚¬0.00,,,
Ratchet & Clank: Tools of Destruction ğŸ“€âœ”,â‚¬14.99,â‚¬10.00,â‚¬4.99,,,
Rayman 3 HD,â‚¬9.99,â‚¬9.99,â‚¬0.00,,,
Rayman Origins ğŸ“€,â‚¬29.98,â‚¬26.99,â‚¬2.99,VITA,,
Red Dead Redemption ğŸ“€âœ”,â‚¬44.98,â‚¬18.00,â‚¬26.98,,,
Resistance ğŸ“€,â‚¬2.00,â‚¬2.00,â‚¬0.00,VITA,,
Shadow of the Colossus Classics HD,â‚¬9.99,â‚¬9.99,â‚¬0.00,,,
Silent Hill HD Collection (+1) ğŸ“€,â‚¬22.00,â‚¬22.00,â‚¬0.00,,,
Siren Blood Curse,â‚¬12.99,â‚¬12.99,â‚¬0.00,,,
Skate 2 ğŸ“€âœ”,â‚¬12.00,â‚¬12.00,â‚¬0.00,,,
Sly Cooper and the Thievius Raccoonus âœ”,â‚¬8.99,â‚¬1.99,â‚¬7.00,VITA,,
Sly 2: Band of Thieves âœ”,â‚¬8.00,â‚¬3.00,â‚¬5.00,VITA,,
Sly 3: Honour Among Thieves âœ”,â‚¬8.00,â‚¬3.00,â‚¬5.00,VITA,,
Sonic CD âœ”,â‚¬0.00,â‚¬0.00,â‚¬0.00,,,
Sonic Generations,â‚¬14.99,â‚¬14.99,â‚¬0.00,,,
Spec Ops: The Line,â‚¬19.99,â‚¬19.99,â‚¬0.00,,,
Streets of Rage 2 âœ”,â‚¬4.49,â‚¬4.49,â‚¬0.00,,,
Super Rub 'a' Dub,â‚¬4.99,â‚¬4.99,â‚¬0.00,,,
Superfrog HD âœ”,â‚¬9.99,â‚¬9.99,â‚¬0.00,VITA,,
Syndicate ğŸ“€âœ”,â‚¬1.00,â‚¬1.00,â‚¬0.00,,,
Tales of Grace f,â‚¬15.00,â‚¬15.00,â‚¬0.00,,,
Tales of Xillia,â‚¬14.99,â‚¬14.99,â‚¬0.00,,,
Tekken 5: Dark Resurrection âœ”,â‚¬19.99,â‚¬19.99,â‚¬0.00,,,
Tekken Revolution ğŸŒŸâœ”,â‚¬0.00,â‚¬0.00,â‚¬0.00,,,
The Amazing Spider-Man ğŸ“€,â‚¬15.00,â‚¬15.00,â‚¬0.00,,,
The Baconing,â‚¬12.99,â‚¬12.99,â‚¬0.00,,,
The Cave ğŸŒŸ,â‚¬0.00,â‚¬0.00,â‚¬0.00,,,
The Cube,â‚¬9.99,â‚¬9.99,â‚¬0.00,,,
The Darkness ğŸ“€,â‚¬3.00,â‚¬3.00,â‚¬0.00,,,
The Darkness 2 ğŸ“€,â‚¬2.50,â‚¬2.50,â‚¬0.00,,,
The House of the Dead: Overkill ğŸ“€âœ”,â‚¬5.00,â‚¬5.00,â‚¬0.00,,,
The Secret of Monkey Island: Special Edition,â‚¬4.99,â‚¬4.99,â‚¬0.00,,,
The Simpsons Arcade Game âœ”,â‚¬9.99,â‚¬9.99,â‚¬0.00,,,
The Simpsons Game ğŸ“€,â‚¬28.00,â‚¬28.00,â‚¬0.00,,,
The Sims 3 ğŸ“€,â‚¬18.00,â‚¬18.00,â‚¬0.00,,,
The Sims 3: Pets ğŸ“€,â‚¬18.00,â‚¬18.00,â‚¬0.00,,,
Tiger Woods PGA Tour 11 ğŸ“€âœ”,â‚¬1.00,â‚¬1.00,â‚¬0.00,,,
ToeJam and Earl,â‚¬2.75,â‚¬2.75,â‚¬0.00,,,
ToeJam and Earl: Panic on Funkotron,â‚¬2.74,â‚¬2.74,â‚¬0.00,,,
Tokyo Jungle âœ”,â‚¬12.99,â‚¬12.99,â‚¬0.00,,,
Tony Hawk's Pro Skater HD âœ”,â‚¬9.99,â‚¬9.99,â‚¬0.00,,,
Twisted Metal ğŸ“€,â‚¬12.99,â‚¬5.00,â‚¬7.99,,,
UFC 2009 Undisputed ğŸ“€,â‚¬2.00,â‚¬2.00,â‚¬0.00,,,
Velocity Ultra,â‚¬7.99,â‚¬7.99,â‚¬0.00,VITA,,
When Vikings Attack,â‚¬4.99,â‚¬4.99,â‚¬0.00,,,
XCOM Enemy Unknown âœ”,â‚¬39.98,â‚¬25.98,â‚¬14.00,VITA,,
Zombie Tycoon II: Brainhov's Revenge,â‚¬6.19,â‚¬6.19,â‚¬0.00,VITA,,
007: Agent Under Fire ğŸ“€,â‚¬5.00,â‚¬5.00,â‚¬0.00,,,
Deus Ex,â‚¬9.99,â‚¬9.99,â‚¬0.00,,,
Dog's Life ğŸ“€,â‚¬10.00,â‚¬10.00,â‚¬0.00,,,
FIFA Street 2 ğŸ“€ ,â‚¬3.50,â‚¬3.50,â‚¬0.00,,,
Freedom Fighters ğŸ“€,â‚¬4.99,â‚¬0.00,â‚¬4.99,,,
Gun ğŸ“€,â‚¬9.99,â‚¬0.00,â‚¬9.99,,,
Harry Potter & The Chamber of Secrets ğŸ“€,â‚¬18.00,â‚¬18.00,â‚¬0.00,,,
Need for Speed Underground 2 ğŸ“€,â‚¬18.00,â‚¬18.00,â‚¬0.00,,,
Sonic Heroes,â‚¬9.99,â‚¬9.99,â‚¬0.00,,,
Stuntman: Ignition,â‚¬9.99,â‚¬9.99,â‚¬0.00,,,
The Lord of the Rings: The Return of the King ğŸ“€,â‚¬9.99,â‚¬0.00,â‚¬9.99,,,
The Mark of Kri ğŸ“€,â‚¬3.99,â‚¬0.00,â‚¬3.99,,,
The Sims ğŸ“€,â‚¬14.99,â‚¬14.99,â‚¬0.00,,,
The Sims 2 ğŸ“€,â‚¬14.99,â‚¬14.99,â‚¬0.00,,,
Urbz: Sims in the City ğŸ“€,â‚¬3.00,â‚¬3.00,â‚¬0.00,,,
WWE Smackdown vs RAW 2007 ğŸ“€,â‚¬14.99,â‚¬0.00,â‚¬14.99,,,
A Bug's Life,â‚¬1.49,â‚¬1.49,â‚¬0.00,,,
Beyblade ğŸ“€,â‚¬4.99,â‚¬0.00,â‚¬4.99,,,
Bishi Bashi Special,â‚¬4.99,â‚¬4.99,â‚¬0.00,,,
Buzz Lightyear of Star Command,â‚¬1.99,â‚¬1.99,â‚¬0.00,,,
Cho Aniki,â‚¬4.99,â‚¬4.99,â‚¬0.00,,,
Colin McRae Rally ğŸ“€,â‚¬9.99,â‚¬9.99,â‚¬0.00,,,
Crash Bandicoot,â‚¬4.99,â‚¬4.99,â‚¬0.00,,,
Crash Bandicoot 2,â‚¬4.99,â‚¬4.99,â‚¬0.00,,,
Crash Bandicoot 3,â‚¬4.99,â‚¬4.99,â‚¬0.00,,,
Crash Team Racing,â‚¬4.99,â‚¬4.99,â‚¬0.00,,,
Crash Bash ğŸ“€,â‚¬9.99,â‚¬9.99,â‚¬0.00,,,
Destruction Derby,â‚¬4.99,â‚¬2.99,â‚¬2.00,,,
Driver,â‚¬2.49,â‚¬2.49,â‚¬0.00,,,
Fear Effect,â‚¬6.99,â‚¬6.99,â‚¬0.00,,,
Fear Effect 2: Retro Helix,â‚¬6.99,â‚¬6.99,â‚¬0.00,,,
Final Fantasy V,â‚¬9.99,â‚¬4.99,â‚¬5.00,,,
Final Fantasy VI,â‚¬9.99,â‚¬4.99,â‚¬5.00,,,
Final Fantasy VII,â‚¬9.99,â‚¬4.99,â‚¬5.00,,,
Final Fantasy VIII,â‚¬9.99,â‚¬4.99,â‚¬5.00,,,
Final Fantasy IX,â‚¬9.99,â‚¬4.99,â‚¬5.00,,,
Gex,â‚¬4.99,â‚¬2.50,â‚¬2.49,,,
Gex 3D: Enter the Gecko,â‚¬5.99,â‚¬3.00,â‚¬2.99,,,
Gex: Deep Cover Gecko,â‚¬5.99,â‚¬3.00,â‚¬2.99,,,
Hercules,â‚¬1.99,â‚¬1.99,â‚¬0.00,,,
Hogs of War ğŸ“€,â‚¬9.99,â‚¬9.99,â‚¬0.00,,,
Jumping Flash,â‚¬4.99,â‚¬4.99,â‚¬0.00,,,
Klonoa: Door to Phantomile,â‚¬4.99,â‚¬2.50,â‚¬2.49,,,
Kula World,â‚¬4.99,â‚¬4.99,â‚¬0.00,,,
Medievil,â‚¬4.99,â‚¬4.99,â‚¬0.00,,,
Metal Gear Solid,â‚¬9.99,â‚¬4.99,â‚¬5.00,,,
Monsters Inc Scare Island,â‚¬1.49,â‚¬1.49,â‚¬0.00,,,
Motor Toon Grand Prix 2,â‚¬4.99,â‚¬2.49,â‚¬2.50,,,
Oddworld: Abe's Exoddus,â‚¬4.99,â‚¬4.99,â‚¬0.00,,,
Oddworld: Abe's Oddysee,â‚¬4.99,â‚¬4.99,â‚¬0.00,,,
PONG,â‚¬4.99,â‚¬4.99,â‚¬0.00,,,
Rally Cross,â‚¬4.99,â‚¬1.99,â‚¬3.00,,,
Rayman,â‚¬4.99,â‚¬4.99,â‚¬0.00,,,
Rayman 2,â‚¬4.99,â‚¬4.99,â‚¬0.00,,,
Resident Evil: Director's Cut,â‚¬9.99,â‚¬3.99,â‚¬6.00,,,
Resident Evil 2,â‚¬9.99,â‚¬3.99,â‚¬6.00,,,
Resident Evil 3: Nemesis,â‚¬9.99,â‚¬3.99,â‚¬6.00,,,
"Sheep, Dog n Wolf ğŸ“€",â‚¬9.99,â‚¬9.99,â‚¬0.00,,,
Silent Hill,â‚¬6.99,â‚¬2.99,â‚¬4.00,,,
Spyro the Dragon,â‚¬3.99,â‚¬3.99,â‚¬0.00,,,
Spyro 2: Gateway to Glimmer,â‚¬3.00,â‚¬3.00,â‚¬0.00,,,
Spyro 3: Year of the Dragon,â‚¬3.00,â‚¬3.00,â‚¬0.00,,,
Suikoden,â‚¬4.99,â‚¬4.99,â‚¬0.00,,,
Suikoden II,â‚¬4.99,â‚¬4.99,â‚¬0.00,,,
Syphon Filter,â‚¬4.99,â‚¬2.49,â‚¬2.50,,,
Tekken,â‚¬4.99,â‚¬4.99,â‚¬0.00,,,
Tekken 2,â‚¬4.99,â‚¬4.99,â‚¬0.00,,,
Theme Hospital,â‚¬4.99,â‚¬4.99,â‚¬0.00,,,
Tomb Raider,â‚¬5.99,â‚¬1.99,â‚¬4.00,,,
Tomb Raider II,â‚¬5.99,â‚¬1.99,â‚¬4.00,,,
Tomb Raider III,â‚¬5.99,â‚¬1.99,â‚¬4.00,,,
Tomb Raider: The Last Revelation,â‚¬5.99,â‚¬1.99,â‚¬4.00,,,
Tomb Raider: Chronicles,â‚¬5.99,â‚¬1.99,â‚¬4.00,,,
Tomba,â‚¬7.99,â‚¬4.99,â‚¬3.00,,,
Tomba 2!: The Evil Swine Return,â‚¬7.99,â‚¬7.99,â‚¬0.00,,,
Toy Story 2,â‚¬1.99,â‚¬1.99,â‚¬0.00,,,
Toy Story Racer,â‚¬1.99,â‚¬1.99,â‚¬0.00,,,
Twisted Metal,â‚¬4.99,â‚¬1.99,â‚¬3.00,,,
UmJammer Lammy,â‚¬4.99,â‚¬4.99,â‚¬0.00,,,
Vib-Ribbon,â‚¬4.99,â‚¬1.99,â‚¬3.00,,,
Wipeout,â‚¬9.99,â‚¬1.99,â‚¬8.00,,,
WWF! Smackdown 2: Know Your Role ğŸ“€,â‚¬9.99,â‚¬9.99,â‚¬0.00,,,
Crazy Market ğŸŒŸ,â‚¬0.00,â‚¬0.00,â‚¬0.00,,,
Deathmatch Village ğŸŒŸ,â‚¬0.00,â‚¬0.00,â‚¬0.00,,,
Fat Princess: Piece of Cake ğŸŒŸ,â‚¬0.00,â‚¬0.00,â‚¬0.00,,,
Flame Over,â‚¬9.99,â‚¬9.99,â‚¬0.00,,,
Football Manager Classic 2014 ğŸ–¥âŒ,â‚¬39.99,â‚¬39.99,â‚¬0.00,,,
Get Off My Lawn! ğŸŒŸ,â‚¬0.00,â‚¬0.00,â‚¬0.00,,,
Gunslugs,â‚¬2.49,â‚¬2.49,â‚¬0.00,,,
Jet Set Radio,â‚¬7.99,â‚¬7.99,â‚¬0.00,,,
LEGO Batman 2: DC Super Heroes ğŸŒŸ,â‚¬19.99,â‚¬0.00,â‚¬19.99,,,
ModNation Racers: Road Trip,â‚¬14.99,â‚¬14.99,â‚¬0.00,,,
No Heroes Allowed: No Puzzles Either! ğŸŒŸ,â‚¬0.00,â‚¬0.00,â‚¬0.00,,,
Paint Park ğŸŒŸ,â‚¬0.00,â‚¬0.00,â‚¬0.00,,,
Paint Park Plus ğŸŒŸ,â‚¬0.00,â‚¬0.00,â‚¬0.00,,,
PlayStation Vita Pets ğŸ–¥âŒ,â‚¬24.99,â‚¬9.99,â‚¬15.00,,,
Quell Memento,â‚¬3.59,â‚¬3.59,â‚¬0.00,,,
Rocketbirds: Hardboiled Chicken ğŸ–¥âŒ,â‚¬7.99,â‚¬7.99,â‚¬0.00,,,
Silent Hill: Book of Memories ğŸ–¥âŒ,â‚¬14.99,â‚¬6.99,â‚¬8.00,,,
Skeleton Rider,â‚¬3.99,â‚¬3.99,â‚¬0.00,,,
Sly Cooper: Thieves in Time,â‚¬14.99,â‚¬4.99,â‚¬10.00,,,
Spy Hunter ğŸ–¥âŒ,â‚¬19.99,â‚¬19.99,â‚¬0.00,,,
Street Fighter X Tekken ğŸ–¥âŒ,â‚¬24.99,â‚¬4.99,â‚¬20.00,,,
SunFlowers ğŸ–¥âŒ,â‚¬2.99,â‚¬2.99,â‚¬0.00,,,
Surge Deluxe ğŸ–¥âŒ,â‚¬4.99,â‚¬4.99,â‚¬0.00,,,
Table Football ğŸŒŸ,â‚¬0.00,â‚¬0.00,â‚¬0.00,,,
Table Top Racing,â‚¬2.99,â‚¬2.99,â‚¬0.00,,,
TxK,â‚¬6.99,â‚¬6.99,â‚¬0.00,,,
Uncharted: Fight for Fortune,â‚¬4.99,â‚¬4.99,â‚¬0.00,,,
Uncharted: Golden Abyss ğŸ–¥âŒ,â‚¬24.99,â‚¬6.99,â‚¬18.00,,,
Wanderjahr,â‚¬9.99,â‚¬9.99,â‚¬0.00,,,
Worms Revolution Extreme ğŸŒŸ,â‚¬14.99,â‚¬0.00,â‚¬14.99,,,
Yomawari: Night Alone,â‚¬19.99,â‚¬9.99,â‚¬10.00,,,
Zero Escape: Virtue's Last Reward,â‚¬19.99,â‚¬19.99,â‚¬0.00,,,
Ape Escape,â‚¬7.99,â‚¬7.99,â‚¬0.00,,,
Burnout Legends ğŸ–¥âŒ,â‚¬9.99,â‚¬9.99,â‚¬0.00,,,
Crazy Taxi: Fare Wars,â‚¬4.49,â‚¬4.49,â‚¬0.00,,,
Daxter,â‚¬7.99,â‚¬2.99,â‚¬5.00,,,
Dead or Alive Paradise,â‚¬14.99,â‚¬14.99,â‚¬0.00,,,
Everybody's Golf 2,â‚¬7.99,â‚¬2.99,â‚¬5.00,,,
Final Fantasy ğŸ–¥âŒ,â‚¬9.99,â‚¬4.99,â‚¬5.00,,,
Final Fantasy II ğŸ–¥âŒ,â‚¬9.99,â‚¬4.99,â‚¬5.00,,,
Final Fantasy III ğŸ–¥âŒ,â‚¬9.99,â‚¬4.99,â‚¬5.00,,,
Final Fantasy IV ğŸ–¥âŒ,â‚¬14.99,â‚¬7.49,â‚¬7.50,,,
Grand Theft Auto: Chinatown Wars,â‚¬11.66,â‚¬5.00,â‚¬6.66,,,
Grand Theft Auto: Vice City Stories,â‚¬11.66,â‚¬5.00,â‚¬6.66,,,
Grand Theft Auto: Liberty City Stories,â‚¬11.66,â‚¬4.99,â‚¬6.67,,,
Gravity Crash,â‚¬3.99,â‚¬3.99,â‚¬0.00,,,
Jak and Daxter: The Lost Frontier,â‚¬7.99,â‚¬3.99,â‚¬4.00,,,
LEGO Batman ğŸŒŸ,â‚¬9.99,â‚¬0.00,â‚¬9.99,,,
LEGO Indiana Jones ğŸŒŸ,â‚¬9.99,â‚¬0.00,â‚¬9.99,,,
LEGO Pirates of the Caribbean ğŸŒŸ,â‚¬4.99,â‚¬0.00,â‚¬4.99,,,
LEGO Star Wars III: The Clone Wars ğŸŒŸ,â‚¬4.99,â‚¬0.00,â‚¬4.99,,,
Prinny,â‚¬9.99,â‚¬9.99,â‚¬0.00,,,
Ratchet & Clank: Size Matters,â‚¬7.99,â‚¬4.00,â‚¬3.99,,,
Resistance: Retribution,â‚¬7.99,â‚¬2.99,â‚¬5.00,,,
Super Monkey Ball Adventure,â‚¬4.49,â‚¬4.49,â‚¬0.00,,,
Tomb Raider: Anniversary,â‚¬9.99,â‚¬3.99,â‚¬6.00,,,
Tomb Raider: Legend,â‚¬9.99,â‚¬3.99,â‚¬6.00,,,
Wipeout Pulse,â‚¬7.99,â‚¬7.99,â‚¬0.00,,,