Game,Price,Paid,Savings,Compatibility,
Art of Rally,€20.99,€13.64,€7.35,,
Biomutant,€59.99,€29.99,€30.00,,
Bugsnax,€21.99,€16.49,€5.50,,
Can't Drive This,€24.99,€16.24,€8.75,,
Chicory: A Colorful Tale,€19.99,€13.99,€6.00,,
ClusterTruck,€14.99,€4.49,€10.50,,
Enter The Gungeon,€14.99,€7.49,€7.50,,
Exit the Gungeon,€9.99,€6.99,€3.00,,
Final Fantasy VII Remake: Intergrade,€79.99,€45.59,€34.40,,
Ghostbusters,€29.99,€7.99,€22.00,,
Harvest Moon: A Wonderful Life,€14.99,€4.99,€10.00,,
Hotline Miami 2: Wrong Number,€14.99,€3.59,€11.40,PS3 and VITA,
Hue,€14.99,€4.99,€10.00,VITA,
Human Fall Flat,€14.99,€9.99,€5.00,,
Just Die Already,€13.99,€6.29,€7.70,,
Keep Talking and Nobody Explodes,€14.99,€7.49,€7.50,VR,
Little Nightmares,€19.99,€0.00,€19.99,,
Mass Effect: Legendary Edition,€69.99,€44.79,€25.20,,
Neon Chrome,€14.99,€4.49,€10.50,VITA,
Neon Drive,€9.99,€4.99,€5.00,,
Nickelodeon All-Star Brawl,€49.99,€0.00,€49.99,,
Please Don't Touch Anything,€9.99,€4.99,€5.00,,
Rustler,€29.99,€14.99,€15.00,,
Saban's Mighty Morphin Power Rangers: Mega Battle,€19.99,€3.99,€16.00,,
Scott Pilgrim vs The World: The Game,€14.99,€8.99,€6.00,,
Scribblenauts Mega Pack,€29.99,€9.99,€20.00,,
Shovel Knight: Treasure Trove,€24.99,€24.99,€0.00,PS3 and VITA,
Spelunky,€14.99,€0.00,€14.99,PS3 and VITA,
Stardew Valley,€14.99,€7.99,€7.00,VITA,
Subnautica: Below Zero,€29.99,€19.49,€10.50,,
Super Monkey Ball: Banana Blitz HD,€39.99,€19.99,€20.00,,
The Escapists,€17.99,€6.99,€11.00,,
The Pedestrian,€15.99,€10.39,€5.60,,
The Stanley Parable: Ultra Deluxe,€21.99,€14.73,€7.26,,
Think of the Children,€12.99,€2.59,€10.40,,
while true: learn( ),€14.99,€9.74,€5.25,,
101 Ways To Die,€9.99,€4.99,€5.00,,
[Prototype],€24.99,€7.99,€17.00,,
[Prototype 2],€24.99,€7.99,€17.00,,
A Boy And His Blob,€9.99,€3.99,€6.00,PS3 and VITA,
A Plague Tale: Innocence,€51.98,€16.98,€35.00,,
Absolute Drift: Zen Edition,€11.99,€7.99,€4.00,,
Abzû,€19.99,€0.00,€19.99,,
Active Soccer 2 DX,€9.99,€6.99,€3.00,VITA,
Amnesia: Collection,€28.49,€3.13,€25.36,,
Amplitude,€19.99,€9.99,€10.00,,
Another World,€7.99,€2.99,€5.00,PS3 and VITA,
Ape Escape 2,€9.99,€3.99,€6.00,,
Ark: Survival Evolved,€29.99,€0.00,€29.99,,
Armello,€19.99,€7.99,€12.00,,
Armikrog,€9.99,€1.99,€8.00,,
Art Of Balance,€8.99,€2.99,€6.00,,
Assassin's Creed Valhalla: Ultimate Edition,€119.99,€59.99,€60.00,,
Assault Android Cactus,€14.49,€3.99,€10.50,,
Astro's Playroom,€0.00,€0.00,€0.00,,
Aven Colony,€29.99,€14.99,€15.00,,
AWAY: The Survival Series,€29.99,€0.00,€29.99,,
Back To The Future TTG,€12.98,€12.98,€0.00,PS3,
Badland,€11.99,€4.99,€7.00,PS3 and VITA,
Batman Season 1 TTG,€19.99,€19.99,€0.00,,
Batman Season 2 TTG,€14.99,€14.99,€0.00,,
Batman: Arkham Asylum,€19.99,€7.99,€12.00,,
Batman: Arkham City,€19.99,€7.99,€12.00,,
Batman: Arkham Knight,€19.99,€7.99,€12.00,,
Battlefield 1: Revolution,€19.99,€0.00,€19.99,,
Bear With Me,€14.99,€7.49,€7.50,,
Beat Cop,€14.99,€1.49,€13.50,,
Beyond Eyes,€12.99,€3.99,€9.00,,
Beyond Two Souls,€19.99,€5.99,€14.00,,
BioShock 1 & 2: The Collection,€24.99,€9.99,€15.00,,
BioShock Infinite: The Collection,€24.99,€9.99,€15.00,,
BLACKSAD: Under the Skin,€39.99,€7.99,€32.00,,
Bloodborne,€34.99,€18.24,€16.75,,
Blood Bowl 2,€19.99,€7.49,€12.50,,
Bloodrayne: ReVamped,€19.99,€13.99,€6.00,,
Bloodrayne 2: ReVamped,€19.99,€13.99,€6.00,,
Borderlands: The Handsome Collection,€109.98,€62.98,€47.00,VR,
Borderlands: Game of the Year Edition,€29.99,€29.99,€0.00,,
Borderlands 3,€114.98,€114.98,€0.00,,
Bridge Constructor,€9.99,€3.99,€6.00,VITA,
Broforce,€14.99,€4.99,€10.00,,
Broken Age,€14.99,€6.99,€8.00,VITA,
Brothers: A Tale of Two Sons,€19.99,€4.99,€15.00,,
Bully,€23.98,€15.98,€8.00,PS3,
Burnout Paradise: Remastered,€39.98,€9.99,€29.99,PS3,
Call of Duty: Black Ops III,€69.99,€0.00,€69.99,,
Captain Tsubasa: Rise of New Champions,€59.99,€19.79,€40.20,,
Castle Crashers: Remastered,€30.98,€30.98,€0.00,PS3,
Castlevania Requiem: Symphony of the Night and Rondo of Blood,€29.98,€8.99,€20.99,PS3,
Catherine: Full Body,€79.98,€79.98,€0.00,PS3,
Cel Damage HD,€13.98,€7.98,€6.00,PS3,
Celeste,€19.99,€11.99,€8.00,,
Chicken Police: Paint It Red,€19.99,€13.99,€6.00,,
Child Of Light,€14.99,€4.99,€10.00,PS3,
Chime Sharp,€9.99,€2.99,€7.00,,
Cities: Skylines,€139.98,€84.98,€55.00,,
Claire,€16.99,€4.99,€12.00,VITA,
Cloudpunk,€24.99,€17.49,€7.50,,
Color Slayer,€1.99,€1.99,€0.00,VITA,
Concept Destruction,€4.99,€3.24,€1.75,,
Concrete Genie,€29.99,€23.99,€6.00,VR,
Cosmophony,€4.99,€1.99,€3.00,PS3 and VITA,
CounterSpy,€12.99,€3.99,€9.00,PS3 and VITA,
Crash Bandicoot N Sane Trilogy,€39.99,€39.99,€0.00,,
Crash Bandicoot 4: It's About Time,€69.99,€0.00,€69.99,,
Crash Team Racing: Nitro Fueled,€59.99,€59.99,€0.00,,
Croixleur Sigma,€13.99,€4.99,€9.00,VITA,
Curse of the Dead Gods,€19.99,€0.00,€19.99,,
Cyberpunk 2077,€49.99,€33.49,€16.50,,
Danger Zone,€10.99,€2.99,€8.00,,
Dangerous Driving,€29.99,€7.49,€22.50,,
Dangerous Golf,€7.99,€2.99,€5.00,,
Dark Chronicle,€14.99,€14.99,€0.00,,
Dark Cloud,€14.99,€8.99,€6.00,,
Dark Souls II: Scholar of the First Sin,€19.99,€9.99,€10.00,,
Dark Souls III,€49.99,€11.99,€38.00,,
Dark Souls Remastered,€39.99,€14.79,€25.20,,
Day Of The Tentacle Remastered,€14.99,€4.74,€10.25,VITA,
Days Gone,€69.99,€0.00,€69.99,,
Dead End Job,€14.99,€2.99,€12.00,,
Dead Island: Retro Revenge,€4.99,€2.99,€2.00,,
Dead or Alive 5: Last Round,€59.98,€33.98,€26.00,PS3 and VITA,
Dead Rising,€19.99,€4.99,€15.00,,
Deadpool,€39.99,€19.99,€20.00,,
Death Squared,€13.99,€6.99,€7.00,,
DEEEER Simulator,€16.99,€13.59,€3.40,,
Deep Rock Galactic,€29.99,€0.00,€29.99,,
Destiny 2,€0.00,€0.00,€0.00,,
Destroy All Humans!,€19.99,€7.99,€12.00,,
Destroy All Humans! Remake,€39.99,€31.99,€8.00,,
Destroy All Humans! 2,€19.99,€7.99,€12.00,,
Detroit: Become Human,€29.99,€0.00,€29.99,,
Devil May Cry Trilogy HD Collection,€21.99,€10.99,€11.00,,
Devil May Cry 4,€22.99,€10.99,€12.00,,
Devil May Cry 5,€49.99,€44.99,€5.00,,
Dex,€19.99,€9.99,€10.00,VITA,
DIRT 5,€69.99,€0.00,€69.99,,
Disney Classic Games: Aladdin & The Lion King,€34.99,€34.99,€0.00,,
Doki-Doki Universe,€7.49,€1.99,€5.50,PS3 and VITA,
Donut County,€12.99,€6.49,€6.50,,
Doom (1993),€4.99,€2.49,€2.50,,
Doom II,€4.99,€2.49,€2.50,,
Doom 64,€4.99,€2.49,€2.50,,
Downwell,€4.99,€1.99,€3.00,VITA,
DreamBall,€5.99,€5.99,€0.00,,
Dreams,€39.99,€29.99,€10.00,,
Duke Nukem 3D,€22.98,€8.98,€14.00,PS3 and VITA,
Entwined,€7.99,€1.99,€6.00,PS3 and VITA,
Escape Plan,€19.99,€19.99,€0.00,PS3 and VITA,
Everybody's Golf,€75.93,€55.93,€20.00,,
Evil Inside,€12.99,€9.09,€3.90,,
F1 2021,€69.99,€0.00,€69.99,,
Fahrenheit,€13.49,€5.39,€8.10,,
Fall Guys: Ultimate Knockout,€19.99,€0.00,€19.99,,
Fallout 4,€19.99,€12.99,€7.00,,
Far Cry 3,€29.99,€17.99,€12.00,,
Far Cry 4,€24.99,€7.99,€17.00,,
Far Cry 5,€99.98,€49.98,€50.00,,
Far Cry 6: Gold Edition,€99.99,€59.99,€40.00,,
Far Cry: New Dawn,€54.99,€27.49,€27.50,,
Far Cry: Primal,€24.99,€7.99,€17.00,,
Fat Princess Adventures,€19.99,€9.99,€10.00,,
Fez,€9.99,€1.99,€8.00,PS3 and VITA,
FIFA 18,€69.99,€69.99,€0.00,,
FIFA 19,€69.99,€39.89,€30.10,,
FIFA 20,€69.99,€27.99,€42.00,,
FIFA 21,€89.99,€24.29,€65.70,,
FIFA 22,€79.99,€0.00,€79.99,,
Final Fantasy X/X-2 HD Remaster,€29.99,€14.99,€15.00,,
Final Fantasy XV: Royal Edition,€34.99,€0.00,€34.99,,
First Class Trouble,€19.99,€0.00,€19.99,,
Five Dates,€11.66,€5.83,€5.83,,
Flashback,€19.99,€0.99,€19.00,,
Flockers,€24.99,€4.99,€20.00,,
flOw,€4.99,€1.99,€3.00,PS3 and VITA,
Flower,€7.99,€1.99,€6.00,PS3 and VITA,
forma.8,€9.99,€2.99,€7.00,VITA,
Formula Retro Racing,€5.99,€3.59,€2.40,,
Fortnite,€0.00,€0.00,€0.00,,
Futuridium,€9.99,€2.99,€7.00,VITA,
Game Of Thrones TTG,€14.99,€14.99,€0.00,,
Genshin Impact,€0.00,€0.00,€0.00,,
Geometry Wars 3: Dimensions Evolved,€14.99,€3.99,€11.00,,
Ghost Blade HD,€8.99,€3.99,€5.00,,
Ghost of Tsushima,€69.99,€49.69,€20.30,,
Ghostrunner,€29.99,€0.00,€29.99,,
Ghostwire: Tokyo,€69.99,€34.99,€35.00,,
Goat Simulator,€31.95,€18.55,€13.40,,
God of War,€19.99,€0.00,€19.99,,
God of War III Remastered,€19.99,€9.99,€10.00,,
Godfall,€14.99,€0.00,€14.99,,
Grand Ages: Medieval,€39.99,€3.99,€36.00,,
Grand Theft Auto III,€10.99,€5.99,€5.00,,
Grand Theft Auto V,€109.98,€34.98,€75.00,PS3,
Grand Theft Auto: San Andreas,€12.00,€7.00,€5.00,,
Grand Theft Auto: Vice City,€12.00,€7.00,€5.00,,
Grim Fandango Remastered,€14.99,€3.99,€11.00,VITA,
Hatoful Boyfriend,€9.99,€2.99,€7.00,VITA,
Heart&Slash,€19.99,€3.99,€16.00,,
Heavy Rain,€22.99,€8.99,€14.00,PS3,
Hell Let Loose,€39.99,€0.00,€39.99,,
Helldivers,€29.99,€29.99,€0.00,PS3 and VITA,
Hitman 2,€69.99,€0.00,€69.99,,
Hohokum,€12.99,€3.99,€9.00,PS3 and VITA,
Hollow Knight: Voidheart Edition,€14.49,€0.00,€14.49,,
Home,€4.99,€1.99,€3.00,VITA,
HoPiKo,€6.99,€1.99,€5.00,,
Horizon Zero Dawn,€34.98,€27.98,€7.00,,
Hotline Miami,€0.00,€0.00,€0.00,PS3 and VITA,
I am Bread,€12.99,€2.59,€10.40,,
inFamous First Light,€14.99,€7.99,€7.00,,
inFamous Second Son,€14.99,€6.99,€8.00,,
Infliction: Extended Cut,€17.99,€8.99,€9.00,,
Injustice: Gods Among Us,€59.99,€9.59,€50.40,,
In Rays of the Light,€7.99,€5.59,€2.40,,
It Takes Two,€39.99,€19.99,€20.00,,
Jak 3,€26.98,€26.98,€0.00,PS3 and VITA,
Jak and Daxter: The Precursor Legacy,€26.98,€26.98,€0.00,PS3 and VITA,
Jak II,€24.97,€24.97,€0.00,PS3 and VITA,
Jak X,€9.99,€9.99,€0.00,,
Jazzpunk: Director's Cut,€17.99,€4.99,€13.00,,
Jetpack Joyride,€5.58,€3.98,€1.60,VITA,
Journey,€14.99,€14.99,€0.00,PS3,
Kandagawa Jet Girls,€39.99,€14.79,€25.20,,
Katamari Damacy: Reroll,€49.98,€40.98,€9.00,VITA,
Kena: Bridge of Spirits,€39.99,€0.00,€39.99,,
Kerbal Space Program,€39.99,€19.99,€20.00,,
Kingdom Hearts HD 1.5 & 2.5,€36.99,€12.10,€24.89,,
Kingdom Hearts HD 2.8 Final Chapter Prologue,€36.99,€12.10,€24.89,,
Kingdom Hearts III,€35.99,€12.09,€23.90,,
Kingdoms of Amalur: Re-Reckoning,€39.99,€0.00,€39.99,,
Knack,€19.99,€7.99,€12.00,,
Knack 2,€39.99,€13.99,€26.00,,
Knockout City,€19.99,€0.00,€19.99,,
LA Cops,€13.99,€2.99,€11.00,,
LEGO City Undercover,€59.99,€16.99,€43.00,,
LEGO DC Super-Villains,€59.99,€0.00,€59.99,,
LEGO Harry Potter Collection,€39.99,€19.99,€20.00,VITA,
LEGO Marvel,€39.99,€9.99,€30.00,,
Leisure Suit Larry: Wet Dreams Don't Dry,€39.99,€7.99,€32.00,,
Leisure Suit Larry: Wet Dreams Dry Twice,€39.99,€11.99,€28.00,,
Lichtspeer,€9.99,€5.99,€4.00,VITA,
Life Is Strange,€16.99,€5.99,€11.00,PS3,
LittleBigPlanet 3,€19.99,€9.99,€10.00,,
LocoRoco,€14.99,€14.99,€0.00,,
Lovers In A Dangerous Spacetime,€14.99,€4.99,€10.00,,
LUMO,€17.99,€9.99,€8.00,VITA,
Mafia: Definitive Edition,€39.99,€29.99,€10.00,,
Mafia III,€39.99,€9.99,€30.00,,
Maneater,€39.99,€19.99,€20.00,,
Manhunt,€13.99,€5.99,€8.00,,
Manual Samuel,€9.99,€4.99,€5.00,,
Maquette,€17.99,€14.39,€3.60,,
Marvel's Guardians Of The Galaxy TTG,€14.99,€14.99,€0.00,,
Marvel's Spider-Man,€79.99,€0.00,€79.99,,
Max Payne,€13.99,€5.99,€8.00,,
MediEvil,€29.99,€29.99,€0.00,,
Mega Man Legacy Collection,€14.99,€7.99,€7.00,,
Mega Man Legacy Collection 2,€14.99,€7.99,€7.00,,
Mega Man X Legacy Collection,€19.99,€11.99,€8.00,,
Mega Man X Legacy Collection 2,€19.99,€11.99,€8.00,,
Metal Gear Solid V: The Phantom Pain,€29.99,€7.49,€22.50,,
Metro Exodus,€39.99,€9.99,€30.00,,
Metro Redux,€29.99,€4.49,€25.50,,
Micro Machines World Series,€39.99,€26.99,€13.00,,
Minutes,€4.49,€3.49,€1.00,VITA,
Monopoly Family Fun Pack,€29.99,€19.99,€10.00,,
Monster Hunter World: Iceborne,€19.99,€0.00,€19.99,,
Mortal Kombat X,€19.99,€0.00,€19.99,,
Mortal Shell,€29.99,€0.00,€29.99,,
Mother Russia Bleeds,€12.99,€4.49,€8.50,,
Night Book,€11.67,€5.83,€5.84,,
Ninja Senki DX,€5.99,€1.99,€4.00,VITA,
Nitroplus Blasterz: Heroines Infinite Duel,€19.99,€14.99,€5.00,,
No Man's Sky,€49.99,€24.99,€25.00,,
Octodad: Dadliest Catch,€13.99,€7.00,€6.99,VITA,
Oddworld: New 'n' Tasty,€23.58,€20.98,€2.60,PS3 and VITA,
Oddworld: Soulstorm,€49.99,€49.99,€0.00,,
OlliOlli: Epic Combo Edition,€24.99,€9.99,€15.00,VITA,
OlliOlli 2,€12.99,€6.49,€6.50,VITA,
One Escape,€4.99,€3.49,€1.50,,
One Piece Unlimited World Red,€79.98,€18.98,€61.00,VITA,
Outbreak: Epidemic,€14.99,€8.24,€6.75,,
Outlast,€18.99,€3.79,€15.20,,
Overcooked: All You Can Eat Edition,€128.44,€94.85,€33.59,,
Ovivo,€6.99,€2.79,€4.20,,
Oxenfree,€9.99,€4.99,€5.00,,
Pac-Man 256,€4.99,€4.99,€0.00,,
PaRappa The Rapper Remastered,€14.99,€14.99,€0.00,,
PaRappa The Rapper 2,€9.99,€5.99,€4.00,,
Party Hard,€12.99,€4.99,€8.00,,
Persona 5,€69.99,€34.99,€35.00,,
Persona 5 Strikers,€59.99,€0.00,€59.99,,
PGA Tour 2K21,€59.99,€0.00,€59.99,,
Pic-A-Pix Color,€7.99,€3.99,€4.00,VITA,
PixelJunk Shooter Ultimate,€11.99,€2.99,€9.00,VITA,
Planet Coaster,€44.99,€0.00,€44.99,,
Plants vs Zombies: Battle for Neighborville,€39.99,€24.99,€15.00,,
Poltergeist: A Pixelated Horror,€7.99,€2.99,€5.00,VITA,
Polybius,€16.99,€4.99,€12.00,VR,
PONG Quest,€17.99,€8.99,€9.00,,
Postal Redux,€9.99,€3.49,€6.50,,
Psychonauts,€10.99,€7.99,€3.00,,
Psychonauts 2,€59.99,€41.99,€18.00,,
Pumped BMX+,€9.99,€2.99,€7.00,PS3 and VITA,
Putty Squad,€24.99,€6.99,€18.00,,
Quake,€9.99,€4.99,€5.00,,
Quest Of Dungeons,€8.99,€3.99,€5.00,,
Rally Copters,€10.99,€10.99,€0.00,VITA,
Ratchet & Clank,€39.99,€16.49,€23.50,,
Ratchet & Clank: Rift Apart,€79.99,€0.00,€79.99,,
Rayman Legends,€39.98,€26.99,€12.99,PS3 and VITA,
Red Dead Redemption 2,€69.99,€34.99,€35.00,,
Red Dead Revolver,€13.99,€5.99,€8.00,,
Resident Evil: Re:Verse,€0.00,€0.00,€0.00,,
Resident Evil: Resistance,€0.00,€0.00,€0.00,,
Resident Evil 0,€19.99,€4.99,€15.00,,
Resident Evil,€19.99,€4.99,€15.00,,
Resident Evil 2 Remake,€59.99,€59.99,€0.00,,
Resident Evil 3 Remake,€59.99,€19.79,€40.20,,
Resident Evil 4,€19.99,€7.99,€12.00,,
Resident Evil 5,€19.99,€7.99,€12.00,,
Resident Evil 6,€19.99,€7.99,€12.00,,
Resident Evil 7,€49.98,€26.98,€23.00,VR,
Resident Evil Revelations,€19.99,€7.49,€12.50,,
Resident Evil Revelations 2,€19.99,€7.49,€12.50,,
Resident Evil Village,€69.99,€39.89,€30.10,,
RESOGUN,€12.99,€3.99,€9.00,PS3 and VITA,
Retro City Rampage DX,€9.99,€4.99,€5.00,PS3 and VITA,
Riptide GP: Renegade,€9.99,€3.99,€6.00,,
Rise Of The Tomb Raider,€29.99,€14.99,€15.00,VR,
Risk Of Rain,€8.99,€3.99,€5.00,VITA,
Road Redemption,€19.99,€7.99,€12.00,,
Rock Boshers DX: Director's Cut,€5.49,€5.49,€0.00,VITA,
Rocket League,€34.58,€26.58,€8.00,,
Rocketbirds 2: Evolution,€12.99,€12.99,€0.00,VITA,
Rogue Company,€0.00,€0.00,€0.00,,
Rogue Legacy,€12.99,€4.99,€8.00,PS3 and VITA,
Rollercoaster Dreams,€20.99,€9.99,€11.00,VR,
Saints Row The Third: Remastered,€49.98,€39.98,€10.00,PS3,
Saints Row IV: Re-Elected,€34.98,€7.49,€27.49,PS3,
Saints Row IV: Gat out of Hell,€19.99,€7.99,€12.00,,
Sekiro: Shadows Die Twice,€69.99,€45.49,€24.50,,
Shantae and The Pirate's Curse,€19.99,€19.99,€0.00,PS5 TBC,
Shing,€19.99,€4.99,€15.00,,
ShredIt,€8.99,€5.49,€3.50,,
Sir Lovelot,€9.99,€6.99,€3.00,,
Slain,€14.99,€4.99,€10.00,VITA,
Slay the Spire,€24.99,€0.00,€24.99,,
Sleeping Dogs,€29.99,€4.49,€25.50,,
Slender: The Arrival,€9.99,€1.49,€8.50,,
Sniper Elite V2 Remastered,€34.99,€3.49,€31.50,,
Sonic Mania,€24.98,€24.98,€0.00,,
SoulCalibur VI,€99.99,€99.99,€0.00,,
Sound Shapes,€14.99,€3.99,€11.00,PS3 and VITA,
South Park: The Fractured But Whole,€96.94,€57.94,€39.00,,
South Park: The Stick of Truth,€0.00,€0.00,€0.00,,
Spacebase Startopia,€49.99,€29.99,€20.00,,
Spirit of the North: Enhanced Edition,€24.99,€12.49,€12.50,,
SpongeBob Squarepants: Battle for Bikini Bottom - Rehydrated,€29.99,€17.99,€12.00,,
Spy Chameleon,€4.99,€1.99,€3.00,VITA,
Spyro Reignited Trilogy,€39.99,€39.99,€0.00,,
Star Wars Episode I: Racer,€14.99,€9.74,€5.25,,
Star Wars Jedi: Fallen Order,€49.99,€17.49,€32.50,,
Stealth Inc: A Clone In The Dark,€8.49,€2.49,€6.00,PS3 and VITA,
Stealth Inc 2: A Game Of Clones,€8.49,€2.49,€6.00,PS3 and VITA,
SteamWorld Dig,€8.99,€1.99,€7.00,VITA,
SteamWorld Dig 2,€19.99,€4.99,€15.00,,
SteamWorld Heist,€14.99,€9.99,€5.00,VITA,
Stikbold! A Dodgeball Adventure,€9.99,€4.49,€5.50,,
Stranded Deep,€19.99,€0.00,€19.99,,
Street Fighter 30th Anniversary Collection,€39.99,€14.79,€25.20,,
Subnautica,€29.99,€0.00,€29.99,,
Sumatra: Fate of Yandi,€5.99,€4.19,€1.80,,
Super Kickers League Ultimate,€19.99,€5.99,€14.00,,
Super Meat Boy!,€15.99,€5.59,€10.40,VITA,
Super Stardust Ultra,€32.98,€17.98,€15.00,VR,
Superbeat: Xonic EX,€49.98,€12.98,€37.00,VITA,
Supermarket Shriek,€19.99,€11.99,€8.00,,
Surgeon Simulator,€30.98,€24.98,€6.00,VR,
Switch Galaxy Ultra,€10.99,€3.99,€7.00,VITA,
Syrup and the Ultimate Sweet,€4.99,€4.99,€0.00,VITA,
Table Top Racing: World Tour,€12.98,€12.98,€0.00,,
Tales From The Borderlands TTG,€29.98,€29.98,€0.00,PS3,
Team Sonic Racing,€39.99,€0.00,€39.99,,
Tearaway Unfolded,€19.99,€11.99,€8.00,,
Tekken 7,€74.98,€29.98,€45.00,VR,
Tembo The Badass Elephant,€12.99,€3.49,€9.50,,
Tennis in the Face,€9.98,€9.98,€0.00,PS3 and VITA,
Tennis World Tour 2,€49.99,€0.00,€49.99,,
Terminator: Resistance Enhanced,€44.99,€26.99,€18.00,,
Terraria,€33.98,€15.49,€18.49,,
Tethered,€28.49,€28.49,€0.00,VR,
Tetris Ultimate,€39.99,€5.99,€34.00,,
That's You,€0.00,€0.00,€0.00,,
The Binding of Isaac: Rebirth,€14.99,€0.00,€14.99,VITA,
The Bug Butcher,€9.99,€4.99,€5.00,,
The Complex,€11.66,€5.83,€5.83,,
The Crew,€24.99,€11.99,€13.00,,
The Darkside Detective,€12.99,€9.74,€3.25,,
The Disney Afternoon Collection,€19.99,€4.99,€15.00,,
The Evil Within,€19.99,€5.99,€14.00,,
The Flame in the Flood,€14.99,€4.49,€10.50,,
The Last Guardian,€34.99,€0.00,€34.99,,
The Last Of Us: Left Behind Remastered,€9.99,€4.99,€5.00,,
The Last Of Us Remastered,€39.99,€39.99,€0.00,,
The Last of Us Part II,€69.99,€0.00,€69.99,,
The Sims 4,€869.61,€682.41,€187.20,,
The Sinking City,€64.99,€45.49,€19.50,,
The Swapper,€14.99,€3.99,€11.00,PS3 and VITA,
The Unfinished Swan,€12.99,€2.99,€10.00,PS3 and VITA,
The Walking Dead Season 1 TTG,€14.99,€5.99,€9.00,VITA,
The Walking Dead Season 2 TTG,€14.99,€14.99,€0.00,,
The Walking Dead Season 3 TTG,€29.99,€29.99,€0.00,,
The Walking Dead Final Season TTG,€23.99,€23.99,€0.00,,
The Warriors,€13.99,€5.99,€8.00,,
The Witcher 3: Wild Hunt,€74.98,€24.98,€50.00,PS5 TBC,
The Witness,€36.99,€8.44,€28.55,,
The Wolf Among Us TTG,€14.99,€14.99,€0.00,,
This Is The Police,€19.99,€2.99,€17.00,,
Thomas Was Alone,€7.99,€0.00,€7.99,PS3 and VITA,
Tiny Tina's Assault on Dragon Keep: A Wonderlands One-Shot Adventure,€9.99,€0.00,€9.99,,
Titan Attacks,€9.99,€9.99,€0.00,PS3 and VITA,
ToeJam & Earl: Back In The Groove,€18.89,€18.89,€0.00,,
Tony Hawk's Pro Skater 1 + 2 Remake,€54.99,€38.49,€16.50,,
Touhou Double Focus,€19.99,€4.99,€15.00,,
Trials Fusion: The Awesome MAX Edition,€39.99,€9.99,€30.00,,
Tribes of Midgard,€19.99,€0.00,€19.99,,
Tricky Towers,€14.99,€5.99,€9.00,,
Trine Enchanted Edition,€9.99,€2.99,€7.00,,
Trine 2: Complete Story,€9.99,€2.99,€7.00,,
Trine 3: The Artifacts Of Power,€9.99,€1.99,€8.00,,
Tropico 5,€24.99,€9.99,€15.00,,
Trover Saves The Universe,€29.99,€0.00,€29.99,VR,
Twin Robots: Ultimate Edition,€7.99,€5.99,€2.00,,
Twisted Metal: Black,€9.99,€4.99,€5.00,,
Two Point Hospital,€56.98,€37.58,€19.40,,
Typoman,€9.99,€6.99,€3.00,,
UFC 4,€69.99,€0.00,€69.99,,
Ultratron,€9.99,€9.99,€0.00,PS3 and VITA,
Unbox: Newbie's Adventure,€24.99,€4.99,€20.00,,
Uncanny Valley,€14.49,€3.62,€10.87,,
Uncharted 3: Drake's Deception,€22.16,€15.16,€7.00,,
Uncharted 2: Among Thieves,€22.15,€15.15,€7.00,,
Uncharted 4: A Thief's End,€69.99,€22.99,€47.00,,
Uncharted: Drake's Fortune,€22.15,€15.15,€7.00,,
Uncharted: The Lost Legacy,€19.99,€17.99,€2.00,,
Undertale,€14.99,€8.99,€6.00,VITA,
UNO,€19.99,€7.99,€12.00,,
Unravel,€19.99,€7.99,€12.00,,
Until Dawn,€34.99,€34.99,€0.00,,
Untitled Goose Game,€19.99,€14.99,€5.00,,
Velocity 2X,€15.99,€6.40,€9.59,VITA,
Viking Squad,€14.99,€5.99,€9.00,,
Virtua Fighter 5: Ultimate Showdown,€29.99,€0.00,€29.99,,
Volume,€17.99,€4.99,€13.00,VITA and VR,
Warframe,€0.00,€0.00,€0.00,,
Watch_Dogs,€19.99,€7.99,€12.00,,
Watch_Dogs 2,€69.99,€14.99,€55.00,,
Watch Dogs: Legion,€69.99,€34.99,€35.00,,
Wipeout Omega Collection,€44.98,€9.99,€34.99,PS3 and VR,
Worms Battlegrounds,€17.49,€8.99,€8.50,,
Worms Rumble,€14.99,€9.74,€5.25,,
Worms WMD,€17.49,€8.99,€8.50,,
WRC 6,€19.99,€12.99,€7.00,,
Wreckfest,€29.99,€0.00,€29.99,,
WWE 2K Battlegrounds,€39.99,€0.00,€39.99,,
XCOM 2,€49.99,€12.49,€37.50,,
Xenoraid,€9.99,€3.99,€6.00,VITA,
Yakuza 0,€19.99,€8.99,€11.00,,
Yakuza Kiwami,€19.99,€7.99,€12.00,,
Yakuza Kiwami 2,€19.99,€6.99,€13.00,,
Yakuza 3 Remastered,€13.33,€8.00,€5.33,,
Yakuza 4 Remastered,€13.33,€8.00,€5.33,,
Yakuza 5 Remastered,€13.33,€7.99,€5.34,,
Yakuza 6: The Song of Life,€19.99,€8.99,€11.00,,
Yakuza 7: Like a Dragon,€89.99,€53.99,€36.00,,
Yomawari: Midnight Shadows,€29.99,€14.99,€15.00,,
Yooka-Laylee,€39.99,€11.99,€28.00,,
Yooka-Laylee and the Impossible Lair,€29.99,€0.00,€29.99,,
Yu-Gi-Oh! Legacy of the Duelist,€35.94,€35.94,€0.00,PS3,
Accounting+,€11.99,€4.79,€7.20,,
Apex Construct,€19.99,€14.99,€5.00,,
Arizona Sunshine,€44.99,€11.24,€33.75,,
BoxVR,€29.99,€17.99,€12.00,,
Carnival Games VR,€19.99,€4.99,€15.00,,
Catch & Release,€19.99,€19.99,€0.00,,
CoolpaintrVR,€19.99,€6.99,€13.00,,
Creed: Rise To Glory,€24.99,€11.99,€13.00,,
Discovery,€11.99,€4.99,€7.00,,
DOOM VFR,€29.99,€0.00,€29.99,,
Floor Plan,€5.99,€0.00,€5.99,,
Fruit Ninja VR,€16.99,€16.99,€0.00,,
Gun Club VR,€24.99,€12.49,€12.50,,
Headmaster,€28.98,€14.98,€14.00,,
I Expect You To Die,€24.99,€12.49,€12.50,,
I Expect You to Die 2,€24.99,€0.00,€24.99,,
Knockout League,€19.99,€14.99,€5.00,,
Lethal VR,€19.99,€7.99,€12.00,,
Marvel's Iron Man VR,€39.99,€0.00,€39.99,,
Mervils: A VR Adventure,€15.99,€4.99,€11.00,,
Moss,€29.99,€17.99,€12.00,,
Rick & Morty: Virtual Rick-ality,€29.99,€29.99,€0.00,,
Sam and Max: This Time It's Virtual,€19.99,€13.99,€6.00,,
Shooty Fruity,€19.99,€11.99,€8.00,,
Star Trek: Bridge Crew VR,€24.99,€19.99,€5.00,,
The American Dream,€19.99,€7.99,€12.00,,
The Playroom VR,€0.00,€0.00,€0.00,,
The Walking Dead: Saints and Sinners,€39.99,€0.00,€39.99,,
Tiny Trax,€15.99,€15.99,€0.00,,
Traffic Jams,€19.99,€12.99,€7.00,,
Tumble VR,€9.99,€3.99,€6.00,,
VR Karts,€24.99,€9.99,€15.00,,
Wanderer,€39.99,€19.99,€20.00,,
You Are Being Followed,€0.00,€0.00,€0.00,,
Animal Force,€14.99,€4.99,€10.00,,
Apocalypse Rider,€5.99,€5.99,€0.00,,
ASTRO BOT Rescue Mission,€39.99,€0.00,€39.99,,
Batman: Arkham VR,€19.99,€9.99,€10.00,,
Beat Saber,€29.99,€29.99,€0.00,,
Dream Match Tennis VR,€14.99,€14.99,€0.00,,
DriveClub VR,€19.99,€19.99,€0.00,,
Drunkn Bar Fight,€17.99,€7.99,€10.00,,
Eagle Flight,€39.99,€12.99,€27.00,,
EVE: Valkyrie,€29.99,€10.99,€19.00,,
Everest VR,€9.99,€3.99,€6.00,,
Everybody’s Golf VR,€29.99,€14.99,€15.00,,
Groundhog Day: Like Father Like Son,€19.99,€19.99,€0.00,,
Homestar VR,€16.99,€7.99,€9.00,,
Hotel R'n'R,€18.99,€11.39,€7.60,,
Hustle Kings VR,€19.99,€9.99,€10.00,,
Job Simulator VR,€19.99,€19.99,€0.00,,
Kingdom Hearts: VR Experience,€0.00,€0.00,€0.00,,
Kona VR,€19.99,€3.99,€16.00,,
"Penn & Teller VR: F U U U & U",€19.99,€19.99,€0.00,,
Perfect VR,€9.99,€3.99,€6.00,,
PlayStation VR Worlds,€29.99,€0.00,€29.99,,
Psychonauts In The Rhombus Of Ruin VR,€18.99,€6.49,€12.50,,
Rez Infinite VR,€29.99,€14.99,€15.00,,
RIGS: Mechanized Combat League VR,€19.99,€9.99,€10.00,,
Skyrim VR,€69.99,€0.00,€69.99,,
Sniper Elite VR,€29.99,€13.49,€16.50,,
Space Pirate Trainer VR,€14.49,€11.59,€2.90,,
Sprint Vector,€24.99,€7.99,€17.00,,
Superhot VR,€24.99,€14.99,€10.00,,
Tetris Effect: Connected,€39.99,€39.99,€0.00,,
The Guy VR,€9.99,€6.99,€3.00,,
The Persistence,€29.99,€0.00,€29.99,,
Track Lab,€19.99,€8.99,€11.00,,
Trackmania Turbo,€29.99,€11.99,€18.00,,
Ultrawings,€21.99,€6.99,€15.00,,
Until Dawn: Rush Of Blood VR,€19.99,€9.99,€10.00,,
Until You Fall,€24.99,€0.00,€24.99,,
VR Ping Pong,€14.99,€2.99,€12.00,,
VR The Diner Duo,€14.99,€5.99,€9.00,,
Alice: Madness Returns,€19.99,€19.99,€0.00,,
Angry Birds Trilogy,€29.99,€29.99,€0.00,,
Army of Two,€2.00,€2.00,€0.00,,
Battlefield 3,€19.99,€0.00,€19.99,,
Bayonetta,€14.99,€4.00,€10.99,,
Beat Hazard Ultra,€6.99,€6.99,€0.00,,
Bentley's Hackpack,€1.99,€1.99,€0.00,,
Beyond Good and Evil HD,€9.99,€9.99,€0.00,,
Blur,€18.00,€18.00,€0.00,,
Brink,€0.50,€0.50,€0.00,,
Buzz Quiz World,€42.00,€42.00,€0.00,,
Call of Duty: Modern Warfare 2,€29.99,€4.00,€25.99,,
Daytona USA,€7.99,€7.99,€0.00,,
Dead Rising 2,€14.99,€3.50,€11.49,,
Dead Space,€12.99,€4.00,€8.99,,
Deus Ex: Human Revolution,€12.99,€6.00,€6.99,,
Dishonored,€9.99,€3.00,€6.99,,
DJ Hero,€2.50,€2.50,€0.00,,
DJ Hero 2,€2.50,€2.50,€0.00,,
Duke Nukem Forever,€12.99,€3.50,€9.49,,
Earthworm Jim HD,€9.99,€9.99,€0.00,,
Family Guy: Back to the Multiverse,€8.00,€8.00,€0.00,,
Far Cry Classic,€9.99,€9.99,€0.00,,
Far Cry 2,€9.99,€2.00,€7.99,,
FEAR,€12.00,€12.00,€0.00,,
FIFA Street,€4.00,€4.00,€0.00,,
Fight Night Champion,€19.99,€15.00,€4.99,,
Final Exam,€9.99,€9.99,€0.00,,
Final Fantasy XIII,€4.00,€4.00,€0.00,,
Girl Fight,€0.00,€0.00,€0.00,,
God of War,€12.99,€4.99,€8.00,VITA,
God of War II,€12.00,€3.00,€9.00,VITA,
Gran Turismo 5,€5.00,€5.00,€0.00,,
Grand Theft Auto IV: The Complete Collection,€49.97,€22.00,€27.97,,
Hitman: Absolution,€14.99,€5.00,€9.99,,
ICO Classics HD,€10.00,€10.00,€0.00,,
Jet Car Stunts,€6.99,€6.99,€0.00,VITA,
Kane and Lynch: Dead Men,€9.99,€2.00,€7.99,,
Kane and Lynch 2: Dog Days,€9.99,€2.00,€7.99,,
Killer is Dead,€19.99,€18.00,€1.99,,
Killzone,€12.99,€12.99,€0.00,,
LA Noire,€29.99,€29.99,€0.00,,
Lemmings,€12.98,€12.98,€0.00,,
LittleBigPlanet,€10.50,€10.50,€0.00,VITA,
LittleBigPlanet 2,€29.98,€19.49,€10.49,,
LittleBigPlanet Karting,€14.99,€14.99,€0.00,,
Lollipop Chainsaw,€12.00,€12.00,€0.00,,
Lone Survivor: The Director's Cut,€9.99,€9.99,€0.00,VITA,
Mafia II,€29.99,€10.00,€19.99,,
Malicious,€7.99,€7.99,€0.00,,
Mass Effect 3,€19.99,€19.99,€0.00,,
Mensa Academy,€9.99,€9.99,€0.00,,
Metal Gear Solid 2: Sons of Liberty,€23.99,€23.99,€0.00,VITA,
Metal Gear Solid 3: Snake Eater,€22.99,€22.99,€0.00,VITA,
Metal Gear Solid: Peace Walker,€8.00,€8.00,€0.00,,
Metal Gear Solid 4: Guns of the Patriots,€14.99,€14.99,€0.00,,
Modnation Racers,€6.00,€6.00,€0.00,,
Mortal Kombat,€19.99,€19.99,€0.00,,
Mortal Kombat Arcade Kollection,€9.99,€9.99,€0.00,,
Motorstorm: Apocalypse,€14.99,€14.99,€0.00,,
Motorstorm: Pacific Rift,€5.00,€5.00,€0.00,,
Motorstorm RC,€8.99,€3.99,€5.00,VITA,
Naughty Bear,€5.00,€5.00,€0.00,,
Need for Speed: Most Wanted,€14.99,€0.00,€14.99,,
Need for Speed: Shift,€4.00,€4.00,€0.00,,
Need for Speed: The Run,€19.99,€4.00,€15.99,,
Oddworld: Munch's Oddysee,€8.99,€8.99,€0.00,VITA,
Oddworld: Stranger's Wrath,€12.99,€12.99,€0.00,VITA,
PAYDAY: The Heist,€12.99,€12.99,€0.00,,
PlayStation All Stars Battle Royale,€14.99,€14.99,€0.00,VITA,
PlayStation Move Heroes,€12.49,€7.50,€4.99,,
Prince of Persia: The Sands of Time,€5.00,€5.00,€0.00,,
Prince of Persia: Warrior Within,€5.00,€5.00,€0.00,,
Prince of Persia: The Two Thrones,€4.99,€4.99,€0.00,,
Pro Evolution Soccer 2010,€0.50,€0.50,€0.00,,
Quantum Conundrum,€10.99,€10.99,€0.00,,
Ratchet & Clank,€8.99,€3.99,€5.00,VITA,
Ratchet & Clank: Tools of Destruction,€14.99,€10.00,€4.99,,
Ratchet & Clank: A Crack in Time,€14.99,€10.00,€4.99,,
Rayman 3 HD,€9.99,€9.99,€0.00,,
Rayman Origins,€29.98,€26.99,€2.99,VITA,
Red Dead Redemption,€44.98,€18.00,€26.98,,
Resistance,€2.00,€2.00,€0.00,VITA,
Shadow of the Colossus Classics HD,€9.99,€9.99,€0.00,,
Silent Hill HD Collection,€22.00,€22.00,€0.00,,
Siren Blood Curse,€12.99,€12.99,€0.00,,
Skate 2,€12.00,€12.00,€0.00,,
Sonic Generations,€14.99,€14.99,€0.00,,
Spec Ops: The Line,€19.99,€19.99,€0.00,,
Superfrog HD,€9.99,€9.99,€0.00,VITA,
Super Rub a Dub,€4.99,€4.99,€0.00,,
Syndicate,€1.00,€1.00,€0.00,,
Tales of Grace f,€15.00,€15.00,€0.00,,
Tales of Xillia,€14.99,€14.99,€0.00,,
Tekken Revolution,€0.00,€0.00,€0.00,,
The Amazing Spider-Man,€15.00,€15.00,€0.00,,
The Baconing,€12.99,€12.99,€0.00,,
The Cave,€0.00,€0.00,€0.00,,
The Cube,€9.99,€9.99,€0.00,,
The Darkness,€3.00,€3.00,€0.00,,
The Darkness 2,€2.50,€2.50,€0.00,,
The House of the Dead: Overkill,€5.00,€5.00,€0.00,,
The Secret of Monkey Island: Special Edition,€4.99,€4.99,€0.00,,
The Simpsons Arcade Game,€9.99,€9.99,€0.00,,
The Simpsons Game,€28.00,€28.00,€0.00,,
The Sims 3,€18.00,€18.00,€0.00,,
The Sims 3: Pets,€18.00,€18.00,€0.00,,
Tiger Woods PGA Tour 11,€1.00,€1.00,€0.00,,
ToeJam and Earl,€2.75,€2.75,€0.00,,
ToeJam and Earl: Panic on Funkotron,€2.74,€2.74,€0.00,,
Tokyo Jungle,€12.99,€12.99,€0.00,,
Tony Hawk's Pro Skater HD,€9.99,€9.99,€0.00,,
Twisted Metal,€12.99,€5.00,€7.99,,
UFC 2009 Undisputed,€2.00,€2.00,€0.00,,
Velocity Ultra,€7.99,€7.99,€0.00,VITA,
When Vikings Attack,€4.99,€4.99,€0.00,,
XCOM Enemy Unknown,€39.98,€25.98,€14.00,VITA,
Zombie Tycoon II: Brainhov's Revenge,€6.19,€6.19,€0.00,VITA,
Okami HD,€19.99,€13.99,€6.00,PS4,
Bang Bang Racing,€9.99,€9.99,€0.00,,
Crazy Machines Elements,€4.99,€4.99,€0.00,,
F1 Race Stars,€9.99,€9.99,€0.00,,
Fat Princess,€9.99,€9.99,€0.00,,
inFamous,€8.99,€8.99,€0.00,,
inFamous 2,€8.00,€8.00,€0.00,,
inFamous: Festival of Blood,€8.00,€8.00,€0.00,,
Joe Danger 2: The Movie,€12.99,€12.99,€0.00,,
Ratchet & Clank 2,€8.00,€3.00,€5.00,VITA,
Ratchet & Clank 3,€8.00,€3.00,€5.00,VITA,
Ratchet: Gladiator,€14.99,€14.99,€0.00,,
Ratchet & Clank: Nexus,€14.99,€14.99,€0.00,,
Ratchet & Clank: Quest for Booty,€9.99,€9.99,€0.00,,
Sly Cooper and the Thievius Raccoonus,€8.99,€1.99,€7.00,VITA,
Sly 2: Band of Thieves,€8.00,€3.00,€5.00,VITA,
Sly 3: Honour Among Thieves,€8.00,€3.00,€5.00,VITA,
Sonic CD,€0.00,€0.00,€0.00,,
Streets of Rage 2,€4.49,€4.49,€0.00,,
Tekken 5: Dark Resurrection,€19.99,€19.99,€0.00,,
007: Agent Under Fire,€5.00,€5.00,€0.00,,
Deus Ex,€9.99,€9.99,€0.00,,
Dog's Life,€10.00,€10.00,€0.00,,
FIFA Street 2,€3.50,€3.50,€0.00,,
Freedom Fighters,€4.99,€0.00,€4.99,,
Gun,€9.99,€0.00,€9.99,,
Harry Potter & The Chamber of Secrets,€18.00,€18.00,€0.00,,
Need for Speed Underground 2,€18.00,€18.00,€0.00,,
Sonic Heroes,€9.99,€9.99,€0.00,,
Stuntman: Ignition,€9.99,€9.99,€0.00,,
The Lord of the Rings: The Return of the King,€9.99,€0.00,€9.99,,
The Mark of Kri,€3.99,€0.00,€3.99,,
The Sims,€14.99,€14.99,€0.00,,
The Sims 2,€14.99,€14.99,€0.00,,
Urbz: Sims in the City,€3.00,€3.00,€0.00,,
WWE Smackdown vs RAW 2007,€14.99,€0.00,€14.99,,
A Bug's Life,€1.49,€1.49,€0.00,,
Beyblade,€4.99,€0.00,€4.99,,
Bishi Bashi Special,€4.99,€4.99,€0.00,,
Buzz Lightyear of Star Command,€1.99,€1.99,€0.00,,
Cho Aniki,€4.99,€4.99,€0.00,,
Colin McRae Rally,€9.99,€9.99,€0.00,,
Crash Bandicoot,€4.99,€4.99,€0.00,,
Crash Bandicoot 2,€4.99,€4.99,€0.00,,
Crash Bandicoot 3,€4.99,€4.99,€0.00,,
Crash Team Racing,€4.99,€4.99,€0.00,,
Crash Bash,€9.99,€9.99,€0.00,,
Destruction Derby,€4.99,€2.99,€2.00,,
Driver,€2.49,€2.49,€0.00,,
Fear Effect,€6.99,€6.99,€0.00,,
Fear Effect 2: Retro Helix,€6.99,€6.99,€0.00,,
Final Fantasy V,€9.99,€4.99,€5.00,,
Final Fantasy VI,€9.99,€4.99,€5.00,,
Final Fantasy VII,€9.99,€4.99,€5.00,,
Final Fantasy VIII,€9.99,€4.99,€5.00,,
Final Fantasy IX,€9.99,€4.99,€5.00,,
Gex,€4.99,€2.50,€2.49,,
Gex 3D: Enter the Gecko,€5.99,€3.00,€2.99,,
Gex: Deep Cover Gecko,€5.99,€3.00,€2.99,,
Hercules,€1.99,€1.99,€0.00,,
Hogs of War,€9.99,€9.99,€0.00,,
Jumping Flash,€4.99,€4.99,€0.00,,
Klonoa: Door to Phantomile,€4.99,€2.50,€2.49,,
Kula World,€4.99,€4.99,€0.00,,
Medievil,€4.99,€4.99,€0.00,,
Metal Gear Solid,€9.99,€4.99,€5.00,,
Monsters Inc Scare Island,€1.49,€1.49,€0.00,,
Motor Toon Grand Prix 2,€4.99,€2.49,€2.50,,
Oddworld: Abe's Exoddus,€4.99,€4.99,€0.00,,
Oddworld: Abe's Oddysee,€4.99,€4.99,€0.00,,
PONG,€4.99,€4.99,€0.00,,
Rally Cross,€4.99,€1.99,€3.00,,
Rayman,€4.99,€4.99,€0.00,,
Rayman 2,€4.99,€4.99,€0.00,,
Resident Evil: Director's Cut,€9.99,€3.99,€6.00,,
Resident Evil 2,€9.99,€3.99,€6.00,,
Resident Evil 3: Nemesis,€9.99,€3.99,€6.00,,
"Sheep Dog n Wolf",€9.99,€9.99,€0.00,,
Silent Hill,€6.99,€2.99,€4.00,,
Spyro the Dragon,€3.99,€3.99,€0.00,,
Spyro 2: Gateway to Glimmer,€3.00,€3.00,€0.00,,
Spyro 3: Year of the Dragon,€3.00,€3.00,€0.00,,
Suikoden,€4.99,€4.99,€0.00,,
Suikoden II,€4.99,€4.99,€0.00,,
Syphon Filter,€4.99,€2.49,€2.50,,
Tekken,€4.99,€4.99,€0.00,,
Tekken 2,€4.99,€4.99,€0.00,,
Theme Hospital,€4.99,€4.99,€0.00,,
Tomb Raider,€5.99,€1.99,€4.00,,
Tomb Raider II,€5.99,€1.99,€4.00,,
Tomb Raider III,€5.99,€1.99,€4.00,,
Tomb Raider: The Last Revelation,€5.99,€1.99,€4.00,,
Tomb Raider: Chronicles,€5.99,€1.99,€4.00,,
Tomba,€7.99,€4.99,€3.00,,
Tomba 2: The Evil Swine Return,€7.99,€7.99,€0.00,,
Toy Story 2,€1.99,€1.99,€0.00,,
Toy Story Racer,€1.99,€1.99,€0.00,,
Twisted Metal,€4.99,€1.99,€3.00,,
UmJammer Lammy,€4.99,€4.99,€0.00,,
Vib-Ribbon,€4.99,€1.99,€3.00,,
Wipeout,€9.99,€1.99,€8.00,,
WWF Smackdown 2: Know Your Role,€9.99,€9.99,€0.00,,
Table Top Racing,€2.99,€2.99,€0.00,,
Wanderjahr,€9.99,€9.99,€0.00,,
Zero Escape: Virtue's Last Reward,€19.99,€19.99,€0.00,,
Crazy Market,€0.00,€0.00,€0.00,,
Deathmatch Village,€0.00,€0.00,€0.00,,
Flame Over,€9.99,€9.99,€0.00,,
Get Off My Lawn!,€0.00,€0.00,€0.00,,
Fat Princess: Piece of Cake,€0.00,€0.00,€0.00,,
Football Manager Classic 2014,€39.99,€39.99,€0.00,,
Gunslugs,€2.49,€2.49,€0.00,,
Jet Set Radio,€7.99,€7.99,€0.00,,
LEGO Batman 2: DC Super Heroes,€19.99,€0.00,€19.99,,
ModNation Racers: Road Trip,€14.99,€14.99,€0.00,,
No Heroes Allowed: No Puzzles Either!,€0.00,€0.00,€0.00,,
Paint Park,€0.00,€0.00,€0.00,,
Paint Park Plus,€0.00,€0.00,€0.00,,
PlayStation Vita Pets,€24.99,€9.99,€15.00,,
Quell Memento,€3.59,€3.59,€0.00,,
Ratchet & Clank: QForce,€14.99,€4.99,€10.00,,
Rocketbirds: Hardboiled Chicken,€7.99,€7.99,€0.00,,
Silent Hill: Book of Memories,€14.99,€6.99,€8.00,,
Skeleton Rider,€3.99,€3.99,€0.00,,
Sly Cooper: Thieves in Time,€14.99,€4.99,€10.00,,
Spy Hunter,€19.99,€19.99,€0.00,,
Street Fighter X Tekken,€24.99,€4.99,€20.00,,
SunFlowers,€2.99,€2.99,€0.00,,
Surge Deluxe,€4.99,€4.99,€0.00,,
Table Football,€0.00,€0.00,€0.00,,
TxK,€6.99,€6.99,€0.00,,
Uncharted: Golden Abyss,€24.99,€6.99,€18.00,,
Uncharted: Fight for Fortune,€4.99,€4.99,€0.00,,
Worms Revolution Extreme,€14.99,€0.00,€14.99,,
Yomawari: Night Alone,€19.99,€9.99,€10.00,,
Ape Escape,€7.99,€7.99,€0.00,,
Burnout Legends,€9.99,€9.99,€0.00,,
Crazy Taxi: Fare Wars,€4.49,€4.49,€0.00,,
Daxter,€7.99,€2.99,€5.00,,
Dead or Alive Paradise,€14.99,€14.99,€0.00,,
Everybody's Golf 2,€7.99,€2.99,€5.00,,
Final Fantasy,€9.99,€4.99,€5.00,,
Final Fantasy II,€9.99,€4.99,€5.00,,
Final Fantasy III,€9.99,€4.99,€5.00,,
Final Fantasy IV,€14.99,€7.49,€7.50,,
Grand Theft Auto: Chinatown Wars,€11.66,€5.00,€6.66,,
Grand Theft Auto: Vice City Stories,€11.66,€5.00,€6.66,,
Grand Theft Auto: Liberty City Stories,€11.66,€4.99,€6.67,,
Gravity Crash,€3.99,€3.99,€0.00,,
Jak and Daxter: The Lost Frontier,€7.99,€3.99,€4.00,,
LEGO Batman,€9.99,€0.00,€9.99,,
LEGO Indiana Jones,€9.99,€0.00,€9.99,,
LEGO Pirates of the Caribbean,€4.99,€0.00,€4.99,,
LEGO Star Wars III: The Clone Wars,€4.99,€0.00,€4.99,,
Prinny,€9.99,€9.99,€0.00,,
Ratchet & Clank: Size Matters,€7.99,€4.00,€3.99,,
Resistance: Retribution,€7.99,€2.99,€5.00,,
Super Monkey Ball Adventure,€4.49,€4.49,€0.00,,
Tomb Raider: Anniversary,€9.99,€3.99,€6.00,,
Tomb Raider: Legend,€9.99,€3.99,€6.00,,
Wipeout Pulse,€7.99,€7.99,€0.00,,