Need for Speed: Shift,4,4,0,PS3,2009-11-23
LittleBigPlanet,10.5,10.5,0,PS3,2009-12-31
Pro Evolution Soccer 2010,0.5,0.5,0,PS3,2010-01-14
Motorstorm: Pacific Rift,5,5,0,PS3,2010-05-04
Modnation Racers,6,6,0,PS3,2010-06-06
Ratchet & Clank: A Crack in Time,14.99,10,4.99,PS3,2010-06-09
Skate 2,12,12,0,PS3,2010-06-09
Tiger Woods PGA Tour 11,1,1,0,PS3,2010-08-15
The Sims 3,18,18,0,PS3,2010-11-07
The Sims 3: Pets,18,18,0,PS3,2010-11-07
Gran Turismo 5,5,5,0,PS3,2010-12-25
Earthworm Jim HD,9.99,9.99,0,PS3,2010-12-26
Colin McRae Rally,9.99,9.99,0,PS1,2010-12-26
Crash Bash,9.99,9.99,0,PS1,2010-12-26
Oddworld: Abe`s Oddysee (1997),4.99,4.99,0,PS1,2010-12-26
Hogs of War,9.99,9.99,0,PS1,2010-12-26
Sheep Dog n Wolf,9.99,9.99,0,PS1,2010-12-26
WWF! Smackdown 2: Know Your Role,9.99,9.99,0,PS1,2010-12-26
Crash Bandicoot (1996),4.99,4.99,0,PS1,2011-01-14
Crash Bandicoot 2 (1997),4.99,4.99,0,PS1,2011-02-05
Crash Bandicoot 3 (1998),4.99,4.99,0,PS1,2011-02-09
Crash Team Racing (1999),4.99,4.99,0,PS1,2011-02-09
Oddworld: Abe`s Exoddus (1998),4.99,4.99,0,PS1,2011-06-02
Theme Hospital,4.99,4.99,0,PS1,2011-06-02
inFamous,8.99,8.99,0,PS3,2011-06-12
Streets of Rage 2,4.49,4.49,0,PS3,2011-06-25
Fight Night Champion,19.99,15,4.99,PS3,2011-07-08
Kula World,4.99,4.99,0,PS1,2011-09-08
Crazy Machines Elements,4.99,4.99,0,PS3,2011-11-20
Need for Speed: The Run,19.99,4,15.99,PS3,2011-12-08
LittleBigPlanet 2,29.98,19.49,10.49,PS3,2011-12-18
Oddworld: Stranger`s Wrath,12.99,12.99,0,PS3,2012-01-21
Beat Hazard Ultra,6.99,6.99,0,PS3,2012-02-05
Jak 3,26.98,26.98,0,PS4,2012-11-27
Jak and Daxter: The Precursor Legacy,26.98,26.98,0,PS4,2012-11-27
Jak II: Renegade,24.97,24.97,0,PS4,2012-11-27
Metal Gear Solid,9.99,4.99,5,PS1,2012-12-18
Tekken 2,4.99,4.99,0,PS1,2012-12-18
Tekken,4.99,4.99,0,PS1,2012-12-19
Oddworld: Munch`s Oddysee,8.99,8.99,0,PS3,2013-01-31
Joe Danger 2: The Movie,12.99,12.99,0,PS3,2013-04-09
inFamous 2,8,8,0,PS3,2013-04-09
F1 Race Stars,9.99,9.99,0,PS3,2013-04-10
Mortal Kombat (2011),19.99,19.99,0,PS3,2013-04-25
Motorstorm Apocalypse,14.99,14.99,0,PS3,2013-04-28
Fat Princess,9.99,9.99,0,PS3,2013-05-10
Final Fantasy XIII,4,4,0,PS3,2013-06-02
XCOM Enemy Unknown,39.98,25.98,14,PS3,2013-06-24
LittleBigPlanet Karting,14.99,14.99,0,PS3,2013-07-03
PAYDAY: The Heist,12.99,12.99,0,PS3,2013-07-06
PlayStation All Stars Battle Royale,14.99,14.99,0,PS3,2013-07-25
Tekken Revolution,0,0,0,PS3,2013-08-05
Need for Speed: Most Wanted (2012),14.99,0,14.99,PS3,2013-08-07
Mafia II,29.99,10,19.99,PS3,2013-08-09
Medievil (1998),4.99,4.99,0,PS1,2013-10-04
Superfrog HD,9.99,9.99,0,PS3,2013-10-11
LA Noire,29.99,29.99,0,PS3,2013-10-12
PONG,4.99,4.99,0,PS1,2013-10-21
Tomba!,7.99,4.99,3,PS1,2013-10-21
Final Fantasy VII (1997),9.99,4.99,5,PS1,2013-10-25
The Sims,14.99,14.99,0,PS2,2013-10-31
The Sims 2,14.99,14.99,0,PS2,2013-10-31
Sonic Heroes,9.99,9.99,0,PS2,2013-10-31
Tokyo Jungle,12.99,12.99,0,PS3,2013-11-21
The Simpsons Arcade Game,9.99,9.99,0,PS3,2013-11-29
Lollipop Chainsaw,12,12,0,PS3,2013-12-20
Spyro the Dragon (1998),3.99,3.99,0,PS1,2014-02-14
Spyro 2: Gateway to Glimmer (1999),3,3,0,PS1,2014-02-14
Spyro 3: Year of the Dragon (2000),3,3,0,PS1,2014-02-14
Syndicate,1,1,0,PS3,2014-02-23
Tony Hawk`s Pro Skater HD,9.99,9.99,0,PS3,2014-02-24
Rayman,4.99,4.99,0,PS1,2014-05-04
Rayman 2,4.99,4.99,0,PS1,2014-05-04
Football Manager Classic 2014,39.99,39.99,0,PSVITA,2014-06-01
Ratchet & Clank (2002),8.99,3.99,5,PS3,2014-12-06
Ratchet & Clank 2,8,3,5,PS3,2014-12-06
Ratchet & Clank 3,8,3,5,PS3,2014-12-06
inFamous: Festival of Blood,8,8,0,PS3,2014-12-26
Angry Birds Trilogy,29.99,29.99,0,PS3,2014-12-26
Ratchet: Gladiator,14.99,14.99,0,PS3,2015-01-07
Tales of Grace f,15,15,0,PS3,2015-01-17
Tales of Xillia,14.99,14.99,0,PS3,2015-01-17
Fat Princess: Piece of Cake,0,0,0,PSVITA,2015-02-01
Get Off My Lawn!,0,0,0,PSVITA,2015-02-10
Tales From The Borderlands,29.98,29.98,0,PS4,2015-04-01
Oddworld: New n Tasty,23.58,20.98,2.6,PS4,2015-04-29
Killer is Dead,19.99,18,1.99,PS3,2015-06-05
No Heroes Allowed: No Puzzles Either!,5.99,5.99,0,PSVITA,2015-07-02
Paint Park,0,0,0,PSVITA,2015-07-02
Paint Park Plus,0,0,0,PSVITA,2015-07-02
Deathmatch Village,0,0,0,PSVITA,2015-07-02
Crazy Market,0,0,0,PSVITA,2015-07-02
Table Football,0,0,0,PSVITA,2015-07-02
Zero Escape: Virtue`s Last Reward,19.99,19.99,0,PSVITA,2015-07-02
Worms Revolution Extreme,14.99,0,14.99,PSVITA,2015-07-16
Uncharted: Golden Abyss,24.99,6.99,18,PSVITA,2015-08-02
Driver,2.49,2.49,0,PS1,2015-08-02
PlayStation Vita Pets,24.99,9.99,15,PSVITA,2015-08-02
Velocity Ultra,7.99,7.99,0,PS3,2015-08-08
Hotline Miami,9.99,9.99,0,PS4,2015-08-18
Gravity Crash,3.99,3.99,0,PSP,2015-08-20
LEGO Batman,9.99,0,9.99,PSP,2015-08-20
LEGO Batman 2: DC Super Heroes,19.99,0,19.99,PSVITA,2015-08-20
LEGO Indiana Jones,9.99,0,9.99,PSP,2015-08-20
LEGO Pirates of the Caribbean,4.99,0,4.99,PSP,2015-08-20
LEGO Star Wars III: The Clone Wars,4.99,0,4.99,PSP,2015-08-20
Uncharted: Fight for Fortune,4.99,4.99,0,PSVITA,2015-08-30
Rayman Legends,39.98,26.99,12.99,PS4,2015-09-06
Octodad: Dadliest Catch,13.99,7,6.99,PS4,2015-09-06
Yu-Gi-Oh! Legacy of the Duelist,35.94,35.94,0,PS4,2015-09-10
Metal Gear Solid 2: Sons of Liberty,23.99,23.99,0,PS3,2015-09-12
Metal Gear Solid 3: Snake Eater,22.99,22.99,0,PS3,2015-09-12
Ratchet & Clank: Size Matters,7.99,4,3.99,PSP,2015-10-02
Resistance: Retribution,7.99,2.99,5,PSP,2015-10-02
Klonoa: Door to Phantomile (1997),4.99,2.5,2.49,PS1,2015-10-02
Gex,4.99,2.5,2.49,PS1,2015-10-02
Gex 3D: Enter the Gecko,5.99,3,2.99,PS1,2015-10-02
Gex: Deep Cover Gecko,5.99,3,2.99,PS1,2015-10-02
Castlevania Requiem: Symphony of the Night and Rondo of Blood,29.98,8.99,20.99,PS4,2015-10-02
Rayman Origins,29.98,26.99,2.99,PS3,2015-10-22
Dead or Alive Paradise,14.99,14.99,0,PSP,2015-11-13
ModNation Racers: Road Trip,14.99,14.99,0,PSVITA,2015-11-18
Velocity 2X,15.99,6.4,9.59,PS4,2015-11-18
Terraria,33.98,15.49,18.49,PS4,2015-11-22
Rocketbirds: Hardboiled Chicken,7.99,7.99,0,PSVITA,2015-11-28
Twisted Metal: Black,9.99,4.99,5,PS4,2015-12-05
TxK,6.99,6.99,0,PSVITA,2015-12-25
The Walking Dead Season 1,14.99,5.99,9,PS4,2015-12-25
Switch Galaxy Ultra,10.99,3.99,7,PS4,2015-12-25
Duke Nukem 3D,22.98,8.98,14,PS4,2015-12-25
Dark Cloud,14.99,8.99,6,PS4,2016-09-06
PaRappa The Rapper 2,9.99,5.99,4,PS4,2016-09-06
Mega Man Legacy Collection,14.99,7.99,7,PS4,2016-09-06
Grand Theft Auto: San Andreas (2004),12,7,5,PS4,2016-09-06
Grand Theft Auto: Vice City (2002),12,7,5,PS4,2016-09-06
Grand Theft Auto III (2001),10.99,5.99,5,PS4,2016-09-06
Rocketbirds 2: Evolution,12.99,12.99,0,PS4,2016-09-06
Retro City Rampage DX,9.99,4.99,5,PS4,2016-09-10
Psychonauts,10.99,7.99,3,PS4,2016-09-10
The Last Of Us: Left Behind Remastered,9.99,4.99,5,PS4,2016-09-11
Tetris Ultimate,39.99,5.99,34,PS4,2016-09-22
Monopoly Family Fun Pack,29.99,19.99,10,PS4,2016-09-22
Child Of Light,14.99,4.99,10,PS4,2016-09-22
Viking Squad,14.99,5.99,9,PS4,2016-10-05
Dark Chronicle,14.99,14.99,0,PS4,2016-10-07
Goat Simulator,31.95,18.55,13.4,PS4,2016-10-07
Fat Princess Adventures,19.99,9.99,10,PS4,2016-10-07
PAC-MAN 256,4.99,4.99,0,PS4,2016-10-07
Toy Story 2,1.99,1.99,0,PS1,2016-10-10
Hercules,1.99,1.99,0,PS1,2016-10-12
The Walking Dead Season 2,14.99,14.99,0,PS4,2016-10-21
Silent Hill: Book of Memories,14.99,6.99,8,PSVITA,2016-10-22
Resident Evil: Director`s Cut (1997),9.99,3.99,6,PS1,2016-10-22
Resident Evil 3: Nemesis (1999),9.99,3.99,6,PS1,2016-10-22
Home,4.99,1.99,3,PS4,2016-10-23
Grand Theft Auto: Chinatown Wars,11.66,5,6.66,PSP,2016-11-26
Grand Theft Auto: Liberty City Stories,11.66,4.99,6.67,PSP,2016-11-26
Grand Theft Auto: Vice City Stories,11.66,5,6.66,PSP,2016-11-26
inFamous First Light,14.99,7.99,7,PS4,2016-11-26
inFamous Second Son,14.99,6.99,8,PS4,2016-11-26
Life Is Strange,16.99,5.99,11,PS4,2016-11-26
Batman Season 1 TTG,19.99,19.99,0,PS4,2016-11-26
Sly 2: Band of Thieves,8,3,5,PS3,2016-11-26
Sly 3: Honour Among Thieves,8,3,5,PS3,2016-11-26
Sly Cooper and the Thievius Raccoonus,8.99,1.99,7,PS3,2016-11-26
Tethered,28.49,28.49,0,PS4,2016-12-06
Rollercoaster Dreams,20.99,9.99,11,PS4,2016-12-20
Rogue Legacy,12.99,4.99,8,PS4,2017-01-15
SteamWorld Dig,8.99,1.99,7,PS4,2017-01-15
Broforce,14.99,4.99,10,PS4,2017-01-15
Dead Island: Retro Revenge,4.99,2.99,2,PS4,2017-01-15
Hotline Miami 2: Wrong Number,14.99,3.59,11.4,PS4,2017-01-15
LUMO,17.99,9.99,8,PS4,2017-01-19
Nitroplus Blasterz: Heroines Infinite Duel,19.99,14.99,5,PS4,2017-01-19
Enter The Gungeon,14.99,7.49,7.5,PS4,2017-01-19
Amplitude,19.99,9.99,10,PS4,2017-01-19
SteamWorld Heist,14.99,9.99,5,PS4,2017-01-19
Super Stardust Ultra,32.98,17.98,15,PS4,2017-01-19
Rocket League,34.58,26.58,8,PS4,2017-01-19
The Escapists,17.99,6.99,11,PS4,2017-01-19
Tricky Towers,14.99,5.99,9,PS4,2017-01-19
Unravel,19.99,7.99,12,PS4,2017-01-19
Street Fighter X Tekken,24.99,4.99,20,PSVITA,2017-01-31
Active Soccer 2 DX,9.99,6.99,3,PS4,2017-01-31
Absolute Drift: Zen Edition,11.99,7.99,4,PS4,2017-01-31
Downwell,4.99,1.99,3,PS4,2017-01-31
Deadpool,39.99,19.99,20,PS4,2017-01-31
Jetpack Joyride,5.58,3.98,1.6,PS4,2017-01-31
Grim Fandango Remastered,14.99,3.99,11,PS4,2017-02-12
Ape Escape,7.99,7.99,0,PSP,2017-02-12
Final Fantasy,9.99,4.99,5,PSP,2017-02-18
Final Fantasy II,9.99,4.99,5,PSP,2017-02-18
Final Fantasy III,9.99,4.99,5,PSP,2017-02-18
Final Fantasy IV,14.99,7.49,7.5,PSP,2017-02-18
Final Fantasy IX,9.99,4.99,5,PS1,2017-02-18
Final Fantasy V,9.99,4.99,5,PS1,2017-02-18
Final Fantasy VI,9.99,4.99,5,PS1,2017-02-18
Final Fantasy VIII,9.99,4.99,5,PS1,2017-02-18
OlliOlli 2,12.99,6.49,6.5,PS4,2017-02-25
OlliOlli: Epic Combo Edition,24.99,9.99,15,PS4,2017-02-25
Super Meat Boy!,15.99,5.59,10.4,PS4,2017-02-25
The Crew,24.99,11.99,13,PS4,2017-02-25
Tomb Raider (1996),5.99,1.99,4,PS1,2017-03-12
Tomb Raider II,5.99,1.99,4,PS1,2017-03-12
Tomb Raider III,5.99,1.99,4,PS1,2017-03-12
Tomb Raider: Anniversary,9.99,3.99,6,PSP,2017-03-12
Tomb Raider: Chronicles,5.99,1.99,4,PS1,2017-03-12
Tomb Raider: Legend,9.99,3.99,6,PSP,2017-03-12
Tomb Raider: The Last Revelation,5.99,1.99,4,PS1,2017-03-12
The Wolf Among Us Season 1,14.99,14.99,0,PS4,2017-03-16
Titan Attacks!,9.99,9.99,0,PS4,2017-03-17
Ultratron,9.99,9.99,0,PS4,2017-03-17
Tembo The Badass Elephant,12.99,3.49,9.5,PS4,2017-03-17
Stealth Inc 2: A Game Of Clones,8.49,2.49,6,PS4,2017-03-17
Stealth Inc: A Clone In The Dark,8.49,2.49,6,PS4,2017-03-17
Neon Chrome,14.99,4.49,10.5,PS4,2017-03-17
PixelJunk Shooter Ultimate,11.99,2.99,9,PS4,2017-03-17
Hue,14.99,4.99,10,PS4,2017-03-17
LA Cops,13.99,2.99,11,PS4,2017-03-17
Flockers,24.99,4.99,20,PS4,2017-03-17
Day Of The Tentacle Remastered,14.99,4.74,10.25,PS4,2017-03-17
Silent Hill,6.99,2.99,4,PS1,2017-03-18
Thomas Was Alone,7.99,0,7.99,PS4,2017-04-03
Skeleton Rider,3.99,3.99,0,PSVITA,2017-04-07
Spy Chameleon,4.99,1.99,3,PS4,2017-04-07
Rock Boshers DX: Director`s Cut,5.49,5.49,0,PS4,2017-04-07
Tennis in the Face,9.98,9.98,0,PS4,2017-04-07
Claire,16.99,4.99,12,PS4,2017-04-07
Destroy All Humans! (2005),19.99,7.99,12,PS4,2017-04-07
Destroy All Humans! 2 (2006),19.99,7.99,12,PS4,2017-04-07
LEGO Harry Potter Collection,39.99,19.99,20,PS4,2017-04-07
Gunslugs,2.49,2.49,0,PSVITA,2017-04-07
Minutes,4.49,3.49,1,PS4,2017-04-07
Ninja Senki DX,5.99,1.99,4,PS4,2017-04-07
Game Of Thrones TTG,14.99,14.99,0,PS4,2017-04-09
Quell Memento,3.59,3.59,0,PSVITA,2017-04-15
Yomawari: Night Alone,19.99,9.99,10,PSVITA,2017-04-15
Dex,19.99,9.99,10,PS4,2017-04-19
Dead or Alive 5: Last Round,59.98,33.98,26,PS4,2017-05-04
Quest Of Dungeons,8.99,3.99,5,PS4,2017-05-04
HoPiKo,6.99,1.99,5,PS4,2017-05-04
The Bug Butcher,9.99,4.99,5,PS4,2017-05-04
Typoman,9.99,6.99,3,PS4,2017-05-04
The Swapper,14.99,3.99,11,PS4,2017-05-20
Superbeat: Xonic EX,49.98,12.98,37,PS4,2017-05-20
Hatoful Boyfriend,9.99,2.99,7,PS4,2017-05-20
Lovers In A Dangerous Spacetime,14.99,4.99,10,PS4,2017-05-20
Resident Evil 2 (1998),9.99,3.99,6,PS1,2017-05-20
Cel Damage HD,13.98,7.98,6,PS4,2017-05-20
Buzz Lightyear of Star Command,1.99,1.99,0,PS1,2017-05-22
A Bug`s Life,1.49,1.49,0,PS1,2017-05-22
Monsters Inc Scare Island,1.49,1.49,0,PS1,2017-05-22
Toy Story Racer,1.99,1.99,0,PS1,2017-05-22
Slain: Back from Hell,14.99,4.99,10,PS4,2017-06-01
Poltergeist: A Pixelated Horror,7.99,2.99,5,PS4,2017-06-01
Back To The Future TTG,12.98,12.98,0,PS4,2017-06-01
Geometry Wars 3: Dimensions Evolved,14.99,3.99,11,PS4,2017-06-01
Micro Machines World Series,39.99,26.99,13,PS4,2017-06-22
Crash Bandicoot: N Sane Trilogy (2017),39.99,39.99,0,PS4,2017-06-29
That`s You!,0,0,0,PS4,2017-07-04
Sound Shapes,14.99,3.99,11,PS4,2017-07-09
The Unfinished Swan,12.99,2.99,10,PS4,2017-07-09
CounterSpy,12.99,3.99,9,PS4,2017-07-09
flOw,4.99,1.99,3,PS4,2017-07-09
Flower,7.99,1.99,6,PS4,2017-07-09
Doki-Doki Universe,7.49,1.99,5.5,PS4,2017-07-09
Entwined,7.99,1.99,6,PS4,2017-07-09
RESOGUN,12.99,3.99,9,PS4,2017-07-09
Heart&Slash,19.99,3.99,16,PS4,2017-07-09
Hohokum,12.99,3.99,9,PS4,2017-07-09
Journey,14.99,14.99,0,PS4,2017-07-09
PaRappa The Rapper Remastered,14.99,14.99,0,PS4,2017-07-11
Escape Plan,19.99,19.99,0,PS4,2017-07-13
101 Ways To Die,9.99,4.99,5,PS4,2017-07-16
Beyond Eyes,12.99,3.99,9,PS4,2017-07-23
Chime Sharp,9.99,2.99,7,PS4,2017-07-23
Fez,9.99,1.99,8,PS4,2017-07-23
Pumped BMX+,9.99,2.99,7,PS4,2017-07-23
LocoRoco,14.99,14.99,0,PS4,2017-07-29
Lichtspeer,9.99,5.99,4,PS4,2017-08-03
Manhunt,13.99,5.99,8,PS4,2017-08-03
Red Dead Revolver,13.99,5.99,8,PS4,2017-08-03
Max Payne,13.99,5.99,8,PS4,2017-08-03
Canis Canem Edit (Bully),23.98,15.98,8,PS4,2017-08-03
Broken Age,14.99,6.99,8,PS4,2017-08-03
Cosmophony,4.99,1.99,3,PS4,2017-08-03
A Boy And His Blob,9.99,3.99,6,PS4,2017-08-03
The Warriors,13.99,5.99,8,PS4,2017-08-03
Uncharted 2: Among Thieves,22.15,15.15,7,PS4,2017-08-03
Uncharted 3: Drake`s Deception,22.16,15.16,7,PS4,2017-08-03
Uncharted: Drake`s Fortune,22.15,15.15,7,PS4,2017-08-03
Volume,17.99,4.99,13,PS4,2017-08-03
Risk Of Rain,8.99,3.99,5,PS4,2017-08-03
Stardew Valley,14.99,7.99,7,PS4,2017-08-03
Xenoraid,9.99,3.99,6,PS4,2017-08-03
Riptide GP: Renegade,9.99,3.99,6,PS4,2017-08-04
ShredIt,8.99,5.49,3.5,PS4,2017-08-04
Trine 2: Complete Story,9.99,2.99,7,PS4,2017-08-04
Trine 3: The Artifacts Of Power,9.99,1.99,8,PS4,2017-08-04
Trine: Enchanted Edition,9.99,2.99,7,PS4,2017-08-04
The Witness,36.99,8.44,28.55,PS4,2017-08-04
Armello,19.99,7.99,12,PS4,2017-08-04
Ghost Blade HD,8.99,3.99,5,PS4,2017-08-04
Mother Russia Bleeds,12.99,4.49,8.5,PS4,2017-08-04
Party Hard,12.99,4.99,8,PS4,2017-08-04
Manual Samuel,9.99,4.99,5,PS4,2017-08-04
Jazzpunk: Director`s Cut,17.99,4.99,13,PS4,2017-08-04
Oxenfree,9.99,4.99,5,PS4,2017-08-07
Art Of Balance,8.99,2.99,6,PS4,2017-08-07
Tearaway Unfolded,19.99,11.99,8,PS4,2017-08-07
Sonic Mania,24.98,24.98,0,PS4,2017-08-14
Tropico 5,24.99,9.99,15,PS4,2017-08-22
Worms Battlegrounds,17.49,8.99,8.5,PS4,2017-08-22
Worms WMD,17.49,8.99,8.5,PS4,2017-08-22
[Prototype 2],24.99,7.99,17,PS4,2017-08-22
[Prototype],24.99,7.99,17,PS4,2017-08-22
BioShock 1 & 2: The Collection,24.99,9.99,15,PS4,2017-08-22
BioShock Infinite: The Collection,24.99,9.99,15,PS4,2017-08-22
Borderlands: The Handsome Collection,109.98,62.98,47,PS4,2017-08-22
Marvel`s Guardians Of The Galaxy TTG,14.99,14.99,0,PS4,2017-08-22
FIFA 18,69.99,69.99,0,PS4,2017-09-29
God of War (2005),12.99,4.99,8,PS3,2017-10-06
God of War II (2007),12,3,9,PS3,2017-10-06
God of War III Remastered,19.99,9.99,10,PS4,2017-10-06
Everybody`s Golf 2,7.99,2.99,5,PSP,2017-10-06
Destruction Derby,4.99,2.99,2,PS1,2017-10-06
Daxter,7.99,2.99,5,PSP,2017-10-06
LittleBigPlanet 3,19.99,9.99,10,PS4,2017-10-06
Jak and Daxter: The Lost Frontier,7.99,3.99,4,PSP,2017-10-06
Rally Cross,4.99,1.99,3,PS1,2017-10-06
Motor Toon Grand Prix 2,4.99,2.49,2.5,PS1,2017-10-06
Motorstorm RC,8.99,3.99,5,PS3,2017-10-06
Wipeout (1995),9.99,1.99,8,PS1,2017-10-06
Wipeout Pulse,7.99,7.99,0,PSP,2017-10-06
Vib-Ribbon,4.99,1.99,3,PS1,2017-10-06
Twisted Metal (1995),4.99,1.99,3,PS1,2017-10-06
UmJammer Lammy,4.99,4.99,0,PS1,2017-10-06
Sly Cooper: Thieves in Time,14.99,4.99,10,PSVITA,2017-10-06
Syphon Filter,4.99,2.49,2.5,PS1,2017-10-06
Helldivers,29.99,29.99,0,PS4,2017-10-08
Croixleur Sigma,13.99,4.99,9,PS4,2017-11-30
The Evil Within,19.99,5.99,14,PS4,2017-12-04
The Sims 4,869.61,682.41,187.2,PS4,2017-12-08
Jak X: Combat Racing,9.99,9.99,0,PS4,2017-12-09
Death Squared,13.99,6.99,7,PS4,2017-12-10
South Park: The Fractured But Whole,96.94,57.94,39,PS4,2017-12-12
South Park: The Stick of Truth,0,0,0,PS4,2017-12-12
Uncharted 4: A Thief`s End,69.99,22.99,47,PS4,2017-12-22
Undertale,14.99,8.99,6,PS4,2017-12-22
Mega Man Legacy Collection 2,14.99,7.99,7,PS4,2017-12-22
Ratchet & Clank (2016),39.99,16.49,23.5,PS4,2017-12-22
Persona 5,69.99,34.99,35,PS4,2017-12-22
The Last Of Us Remastered,39.99,39.99,0,PS4,2017-12-26
One Piece Unlimited World Red,79.98,18.98,61,PS4,2017-12-31
Ratchet & Clank: QForce,14.99,4.99,10,PS3,2018-01-15
Ape Escape 2,9.99,3.99,6,PS4,2018-01-15
Everybody`s Golf (2017),75.93,55.93,20,PS4,2018-01-24
Polybius,16.99,4.99,12,PS4,2018-02-24
Street Fighter 30th Anniversary Collection,39.99,14.79,25.2,PS4,2018-05-29
Assault Android Cactus,14.49,3.99,10.5,PS4,2018-06-17
Ghostbusters,29.99,7.99,22,PS4,2018-06-24
Okami HD,19.99,13.99,6,PS4,2018-06-24
Harvest Moon: A Wonderful Life,14.99,4.99,10,PS4,2018-06-24
Rise Of The Tomb Raider,29.99,14.99,15,PS4,2018-06-24
This Is The Police,19.99,2.99,17,PS4,2018-06-24
WRC 6,19.99,12.99,7,PS4,2018-06-24
Jet Car Stunts,6.99,6.99,0,PS3,2018-07-14
Rally Copters,10.99,10.99,0,PS4,2018-07-14
Celeste,19.99,11.99,8,PS4,2018-08-23
Shovel Knight: Treasure Trove,24.99,24.99,0,PS4,2018-08-29
Zombie Tycoon II: Brainhov`s Revenge,6.19,6.19,0,PS3,2018-09-02
Marvel`s Spider-Man,79.99,0,79.99,PS4,2018-09-07
Far Cry 5,99.98,49.98,50,PS4,2018-09-29
Flame Over,9.99,9.99,0,PSVITA,2018-09-30
Cho Aniki,4.99,4.99,0,PS1,2018-09-30
Burnout Legends,9.99,9.99,0,PSP,2018-09-30
Crazy Taxi: Fare Wars,4.49,4.49,0,PSP,2018-09-30
Bishi Bashi Special,4.99,4.99,0,PS1,2018-09-30
Lemmings (2007),12.98,12.98,0,PS3,2018-09-30
Lone Survivor: The Director`s Cut,9.99,9.99,0,PS3,2018-09-30
Katamari Damacy: Reroll,49.98,40.98,9,PS4,2018-09-30
Jet Set Radio,7.99,7.99,0,PSVITA,2018-09-30
Jumping Flash,4.99,4.99,0,PS1,2018-09-30
Prinny,9.99,9.99,0,PSP,2018-09-30
Spy Hunter (2012),19.99,19.99,0,PSVITA,2018-09-30
Super Monkey Ball Adventure,4.49,4.49,0,PSP,2018-09-30
SunFlowers,2.99,2.99,0,PSVITA,2018-09-30
Surge Deluxe,4.99,4.99,0,PSVITA,2018-09-30
Wanderjahr,9.99,9.99,0,PSVITA,2018-09-30
Tomba 2!: The Evil Swine Return,7.99,7.99,0,PS1,2018-09-30
The Walking Dead Season 3,29.99,29.99,0,PS4,2018-10-04
Uncharted: The Lost Legacy,19.99,17.99,2,PS4,2018-10-04
Until Dawn,34.99,34.99,0,PS4,2018-10-04
Final Fantasy X/X-2 HD Remaster,29.99,14.99,15,PS4,2018-10-04
SoulCalibur VI,99.99,99.99,0,PS4,2018-10-19
Tekken 7,74.98,29.98,45,PS4,2018-11-06
Pic-A-Pix Color,7.99,3.99,4,PS4,2018-11-10
Spyro Reignited Trilogy (2018),39.99,39.99,0,PS4,2018-11-13
Batman Season 2 TTG,14.99,14.99,0,PS4,2018-11-17
FIFA 19,69.99,39.89,30.1,PS4,2018-11-26
Putty Squad,24.99,6.99,18,PS4,2018-11-29
PlayStation VR Worlds,29.99,0,29.99,PSVR,2018-12-29
Wipeout Omega Collection,44.98,9.99,34.99,PS4,2018-12-29
VR Ping Pong,14.99,2.99,12,PSVR,2019-01-01
VR The Diner Duo,14.99,5.99,9,PSVR,2019-01-01
Tumble VR,9.99,3.99,6,PSVR,2019-01-01
RIGS: Mechanized Combat League VR,19.99,9.99,10,PSVR,2019-01-01
Mervils: A VR Adventure,15.99,4.99,11,PSVR,2019-01-01
Headmaster,28.98,14.98,14,PSVR,2019-01-01
Eagle Flight,39.99,12.99,27,PSVR,2019-01-01
Everest VR,9.99,3.99,6,PSVR,2019-01-01
DOOM VFR,29.99,0,29.99,PSVR,2019-01-03
Carnival Games VR,19.99,4.99,15,PSVR,2019-01-03
Homestar VR,16.99,7.99,9,PSVR,2019-01-03
Hustle Kings VR,19.99,9.99,10,PSVR,2019-01-03
I Expect You To Die,24.99,12.49,12.5,PSVR,2019-01-03
Knockout League,19.99,14.99,5,PSVR,2019-01-03
Moss,29.99,17.99,12,PSVR,2019-01-03
Sprint Vector,24.99,7.99,17,PSVR,2019-01-03
Space Pirate Trainer VR,14.49,11.59,2.9,PSVR,2019-01-03
Shooty Fruity,19.99,11.99,8,PSVR,2019-01-03
Until Dawn: Rush Of Blood,19.99,9.99,10,PSVR,2019-01-03
The Playroom VR,0,0,0,PSVR,2019-01-04
Skyrim VR,69.99,0,69.99,PSVR,2019-01-04
Star Trek: Bridge Crew VR,24.99,19.99,5,PSVR,2019-01-07
Superhot VR,24.99,14.99,10,PSVR,2019-01-07
Psychonauts in the Rhombus Of Ruin VR,18.99,6.49,12.5,PSVR,2019-01-07
CoolpaintrVR,19.99,6.99,13,PSVR,2019-01-07
Batman: Arkham VR,19.99,9.99,10,PSVR,2019-01-07
Apex Construct,19.99,14.99,5,PSVR,2019-01-07
EVE: Valkyrie,29.99,10.99,19,PSVR,2019-01-07
Discovery,11.99,4.99,7,PSVR,2019-01-07
DriveClub VR,19.99,19.99,0,PSVR,2019-01-10
Dream Match Tennis VR,14.99,14.99,0,PSVR,2019-01-10
Fruit Ninja VR,16.99,16.99,0,PSVR,2019-01-10
Beat Saber,29.99,29.99,0,PSVR,2019-01-10
Catch & Release,19.99,19.99,0,PSVR,2019-01-10
Job Simulator VR,19.99,19.99,0,PSVR,2019-01-10
Tetris Effect: Connected,39.99,39.99,0,PSVR,2019-01-10
Rick & Morty: Virtual Rick-ality,29.99,29.99,0,PSVR,2019-01-10
Tiny Trax,15.99,15.99,0,PSVR,2019-01-10
ASTRO BOT Rescue Mission,39.99,4.79,7.2,PSVR,2019-01-12
Badland,11.99,4.99,7,PS4,2019-02-23
Danger Zone,10.99,2.99,8,PS4,2019-02-23
Dangerous Golf,7.99,2.99,5,PS4,2019-02-23
Far Cry: Primal,24.99,7.99,17,PS4,2019-02-23
Far Cry 3,29.99,17.99,12,PS4,2019-02-23
Far Cry 4,24.99,7.99,17,PS4,2019-02-23
LEGO City Undercover,59.99,16.99,43,PS4,2019-02-23
Saban`s Mighty Morphin Power Rangers: Mega Battle,19.99,3.99,16,PS4,2019-02-23
Yooka-Laylee,39.99,11.99,28,PS4,2019-02-23
ToeJam & Earl: Back In The Groove (2019),18.89,18.89,0,PS4,2019-03-01
Rez Infinite VR,29.99,14.99,15,PSVR,2019-03-19
Far Cry: New Dawn,54.99,27.49,27.5,PS4,2019-03-24
Creed: Rise To Glory,24.99,11.99,13,PSVR,2019-03-24
Bridge Constructor,9.99,3.99,6,PS4,2019-03-24
Borderlands: Game of the Year Edition,29.99,29.99,0,PS4,2019-04-03
Drunkn Bar Fight,17.99,7.99,10,PSVR,2019-04-09
The American Dream,19.99,7.99,12,PSVR,2019-04-09
Burnout Paradise: Remastered,39.98,9.99,29.99,PS4,2019-05-06
VR Karts,24.99,9.99,15,PSVR,2019-05-30
Bloodborne,34.99,18.24,16.75,PS4,2019-06-07
Horizon Zero Dawn,34.98,27.98,7,PS4,2019-06-07
Trackmania Turbo,29.99,11.99,18,PSVR,2019-06-09
Dark Souls III,49.99,11.99,38,PS4,2019-06-17
Crash Team Racing: Nitro Fueled (2019),59.99,59.99,0,PS4,2019-06-21
Resident Evil Revelations,19.99,7.49,12.5,PS4,2019-06-22
Resident Evil Revelations 2,19.99,7.49,12.5,PS4,2019-06-22
Sleeping Dogs: Definitive Edition,29.99,4.49,25.5,PS4,2019-07-06
Touhou Double Focus,19.99,4.99,15,PS4,2019-07-22
Watch Dogs 2,69.99,14.99,55,PS4,2019-07-22
Mega Man X Legacy Collection,19.99,11.99,8,PS4,2019-07-22
Mega Man X Legacy Collection 2,19.99,11.99,8,PS4,2019-07-22
Fallout 4,19.99,12.99,7,PS4,2019-07-22
Devil May Cry 4,22.99,10.99,12,PS4,2019-08-08
Devil May Cry 5,49.99,44.99,5,PS4,2019-08-08
Devil May Cry Trilogy HD Collection,21.99,10.99,11,PS4,2019-08-08
Penn & Teller VR,19.99,19.99,0,PSVR,2019-08-22
Gun Club VR,24.99,12.49,12.5,PSVR,2019-09-09
Catherine: Full Body,79.98,79.98,0,PS4,2019-09-09
Borderlands 3,114.98,114.98,0,PS5,2019-09-13
Another World,7.99,2.99,5,PS4,2019-09-19
Castle Crashers: Remastered,30.98,30.98,0,PS4,2019-09-19
Resident Evil (2002),19.99,4.99,15,PS4,2019-09-19
Resident Evil 0,19.99,4.99,15,PS4,2019-09-19
Resident Evil 4 (2005),19.99,7.99,12,PS4,2019-09-19
Red Dead Redemption 2,69.99,34.99,35,PS4,2019-10-11
Table Top Racing,2.99,2.99,0,PSVITA,2019-10-11
Table Top Racing: World Tour,12.98,12.98,0,PS4,2019-10-11
Dark Souls II: Scholar of the First Sin,19.99,9.99,10,PS4,2019-10-17
MediEvil (2019),29.99,29.99,0,PS4,2019-10-25
Kingdom Hearts HD 1.5 & 2.5 Remix,36.99,12.1,24.89,PS4,2019-11-17
Kingdom Hearts HD 2.8 Final Chapter Prologue,36.99,12.1,24.89,PS4,2019-11-17
Kingdom Hearts III,35.99,12.09,23.9,PS4,2019-11-17
Kona VR,19.99,3.99,16,PSVR,2019-12-05
Lethal VR,19.99,7.99,12,PSVR,2019-12-05
Groundhog Day: Like Father Like Son,19.99,19.99,0,PSVR,2019-12-05
Surgeon Simulator,30.98,24.98,6,PS4,2019-12-05
Track Lab,19.99,8.99,11,PSVR,2019-12-05
Untitled Goose Game,19.99,14.99,5,PS4,2019-12-17
The Walking Dead: The Final Season,23.99,23.99,0,PS4,2019-12-25
Sekiro: Shadows Die Twice,69.99,45.49,24.5,PS4,2019-12-25
Yooka-Laylee and the Impossible Lair,29.99,0,29.99,PS4,2019-12-25
Dark Souls Remastered,39.99,14.79,25.2,PS4,2019-12-25
BoxVR,29.99,17.99,12,PSVR,2019-12-25
Blood Bowl 2,19.99,7.49,12.5,PS4,2019-12-25
Disney Classic Games: Aladdin & The Lion King,34.99,34.99,0,PS4,2019-12-25
DreamBall,5.99,5.99,0,PS4,2019-12-25
Donut County,12.99,6.49,6.5,PS4,2020-01-26
Bear With Me,14.99,7.49,7.5,PS4,2020-02-06
Watch Dogs,19.99,7.99,12,PS4,2020-02-06
Syrup and the Ultimate Sweet,4.99,4.99,0,PS4,2020-03-04
Aven Colony,29.99,14.99,15,PS4,2020-03-13
Apocalypse Rider,5.99,5.99,0,PSVR,2020-03-13
Concrete Genie,29.99,23.99,6,PS4,2020-03-13
Dreams,39.99,29.99,10,PS4,2020-03-17
Dead Rising,19.99,4.99,15,PS4,2020-03-17
Everybody`s Golf VR,29.99,14.99,15,PSVR,2020-03-22
Color Slayer,1.99,1.99,0,PS4,2020-03-22
Animal Force,14.99,4.99,10,PSVR,2020-03-22
Scribblenauts Mega Pack,29.99,9.99,20,PS4,2020-03-22
Ultrawings,21.99,6.99,15,PSVR,2020-03-22
Trials Fusion: The Awesome MAX Edition,39.99,9.99,30,PS4,2020-03-22
Batman: Arkham Asylum,19.99,7.99,12,PS4,2020-04-01
Batman: Arkham City,19.99,7.99,12,PS4,2020-04-01
Batman: Arkham Knight,19.99,7.99,12,PS4,2020-04-01
FIFA 20,69.99,27.99,42,PS4,2020-04-01
Grand Ages: Medieval,39.99,3.99,36,PS4,2020-04-01
Futuridium,9.99,2.99,7,PS4,2020-04-16
Mafia III,39.99,9.99,30,PS4,2020-04-16
forma.8,9.99,2.99,7,PS4,2020-04-21
Plants vs Zombies: Battle for Neighborville,39.99,24.99,15,PS4,2020-05-13
The Flame in the Flood,14.99,4.49,10.5,PS4,2020-05-13
Stikbold! A Dodgeball Adventure,9.99,4.49,5.5,PS4,2020-05-13
Yomawari: Midnight Shadows,29.99,14.99,15,PS4,2020-06-10
Two Point Hospital,56.98,37.58,19.4,PS4,2020-06-24
XCOM 2,49.99,12.49,37.5,PS4,2020-08-20
ClusterTruck,14.99,4.49,10.5,PS4,2020-08-24
Destroy All Humans! (2020),39.99,31.99,8,PS4,2020-08-28
Perfect VR,9.99,3.99,6,PSVR,2020-08-28
Outlast,18.99,3.79,15.2,PS4,2020-08-28
Star Wars Episode I: Pod Racer,14.99,9.74,5.25,PS4,2020-08-28
The Last of Us Part II,69.99,0,69.99,PS4,2020-09-09
The Darkness,3,3,0,PS3,2020-09-17
The Darkness 2,2.5,2.5,0,PS3,2020-09-17
Saints Row IV: Gat out of Hell,19.99,7.99,12,PS4,2020-09-17
Saints Row IV: Re-Elected,34.98,7.49,27.49,PS4,2020-09-17
Resistance: Fall of Man,2,2,0,PS3,2020-09-17
PlayStation Move Heroes,12.49,7.5,4.99,PS3,2020-09-17
Ratchet & Clank: Quest for Booty,9.99,9.99,0,PS3,2020-09-17
Ratchet & Clank: Tools of Destruction,14.99,10,4.99,PS3,2020-09-17
Red Dead Redemption,44.98,18,26.98,PS3,2020-09-17
Marvel`s Iron Man VR,39.99,0,39.99,PSVR,2020-09-17
Kane and Lynch 2: Dog Days,9.99,2,7.99,PS3,2020-09-17
Kane and Lynch: Dead Men,9.99,2,7.99,PS3,2020-09-17
Grand Theft Auto IV: The Complete Collection,49.97,22,27.97,PS3,2020-09-17
Deus Ex: Human Revolution,12.99,6,6.99,PS3,2020-09-17
Dishonored,9.99,3,6.99,PS3,2020-09-17
Dead Rising 2,14.99,3.5,11.49,PS3,2020-09-17
Dead Space (2008),12.99,4,8.99,PS3,2020-09-17
F.E.A.R,12,12,0,PS3,2020-09-17
Duke Nukem Forever,12.99,3.5,9.49,PS3,2020-09-17
Family Guy: Back to the Multiverse,8,8,0,PS3,2020-09-17
Far Cry 2,9.99,2,7.99,PS3,2020-09-17
Call of Duty: Modern Warfare 2 (2009),29.99,4,25.99,PS3,2020-09-17
Bayonetta,14.99,4,10.99,PS3,2020-09-17
Army of Two,2,2,0,PS3,2020-09-17
Crash Bandicoot 4: It`s About Time,69.99,0,69.99,PS5,2020-10-01
Injustice: Gods Among Us,59.99,9.59,50.4,PS4,2020-10-01
Hitman: Absolution,14.99,5,9.99,PS3,2020-10-11
Heavy Rain,22.99,8.99,14,PS4,2020-10-11
Naughty Bear,5,5,0,PS3,2020-10-11
Buzz! Quiz World,42,42,0,PS3,2020-10-11
Brink,0.5,0.5,0,PS3,2020-10-11
Blur,18,18,0,PS3,2020-10-11
FIFA Street (2012),4,4,0,PS3,2020-10-11
DJ Hero,2.5,2.5,0,PS3,2020-10-11
DJ Hero 2,2.5,2.5,0,PS3,2020-10-11
Silent Hill HD Collection,22,22,0,PS3,2020-10-11
The Amazing Spider-Man,15,15,0,PS3,2020-10-11
The House of the Dead: Overkill,5,5,0,PS3,2020-10-11
The Simpsons Game,28,28,0,PS3,2020-10-11
Twisted Metal (2012),12.99,5,7.99,PS3,2020-10-11
UFC 2009 Undisputed,2,2,0,PS3,2020-10-11
Hollow Knight: Voidheart Edition,14.49,0,14.49,PS4,2020-11-03
Amnesia: Collection,28.49,3.13,25.36,PS4,2020-11-04
Slender: The Arrival,9.99,1.49,8.5,PS4,2020-11-04
Ghost of Tsushima,69.99,49.69,20.3,PS4,2020-11-22
Mafia: Definitive Edition (2020),39.99,29.99,10,PS4,2020-12-11
Armikrog,9.99,1.99,8,PS4,2020-12-15
Metal Gear Solid V: The Phantom Pain,29.99,7.49,22.5,PS4,2020-12-25
Spelunky,14.99,0,14.99,PS4,2020-12-25
The Binding of Isaac: Rebirth,14.99,0,14.99,PS4,2020-12-25
The Disney Afternoon Collection,19.99,4.99,15,PS4,2021-01-07
LEGO Marvel Super-Heroes,39.99,9.99,30,PS4,2021-01-07
A Plague Tale: Innocence,51.98,16.98,35,PS5,2021-01-17
Alice: Madness Returns,19.99,19.99,0,PS3,2021-02-10
Beyond Good and Evil HD,9.99,9.99,0,PS3,2021-02-10
Daytona USA,7.99,7.99,0,PS3,2021-02-10
Rayman 3 HD,9.99,9.99,0,PS3,2021-02-10
Ratchet & Clank: Nexus,14.99,14.99,0,PS3,2021-02-10
The Secret of Monkey Island: Special Edition,4.99,4.99,0,PS3,2021-02-10
ToeJam and Earl (1991),2.75,2.75,0,PS3,2021-02-10
ToeJam and Earl: Panic on Funkotron,2.74,2.74,0,PS3,2021-02-10
Hotel R n R,18.99,11.39,7.6,PSVR,2021-02-25
Prince of Persia: The Sands of Time,5,5,0,PS3,2021-03-30
Prince of Persia: The Two Thrones,4.99,4.99,0,PS3,2021-03-30
Prince of Persia: Warrior Within,5,5,0,PS3,2021-03-30
Metal Gear Solid 4: Guns of the Patriots,14.99,14.99,0,PS3,2021-03-30
Bang Bang Racing,9.99,9.99,0,PS3,2021-03-30
Bentley`s Hackpack,1.99,1.99,0,PS3,2021-03-30
Siren Blood Curse,12.99,12.99,0,PS3,2021-03-30
Sonic Generations,14.99,14.99,0,PS3,2021-03-30
The Baconing,12.99,12.99,0,PS3,2021-04-06
Far Cry Classic,9.99,9.99,0,PS3,2021-04-06
Final Exam,9.99,9.99,0,PS3,2021-04-06
Metal Gear Solid: Peace Walker,8,8,0,PS3,2021-04-06
Oddworld: Soulstorm (2021),49.99,49.99,0,PS5,2021-04-06
Killzone,12.99,12.99,0,PS3,2021-04-06
Girl Fight,7.99,7.99,0,PS3,2021-04-13
The Cube,9.99,9.99,0,PS3,2021-04-13
Super Rub a Dub,4.99,4.99,0,PS3,2021-04-13
Suikoden,4.99,4.99,0,PS1,2021-04-14
Suikoden II,4.99,4.99,0,PS1,2021-04-14
Stuntman: Ignition,9.99,9.99,0,PS2,2021-04-14
Fear Effect,6.99,6.99,0,PS1,2021-04-14
Fear Effect 2: Retro Helix,6.99,6.99,0,PS1,2021-04-14
Deus Ex (2002),9.99,9.99,0,PS2,2021-04-14
Brothers: A Tale of Two Sons,19.99,4.99,15,PS4,2021-04-28
Astro`s Playroom,0,0,0,PS5,2021-05-16
Battlefield 1: Revolution,19.99,0,19.99,PS4,2021-05-18
Days Gone,69.99,0,69.99,PS4,2021-05-18
Detroit: Become Human,29.99,0,29.99,PS4,2021-05-18
Final Fantasy XV: Royal Edition,34.99,0,34.99,PS4,2021-05-18
FIFA 21,89.99,24.29,65.7,PS5,2021-05-18
God of War (2018),19.99,0,19.99,PS4,2021-05-18
Genshin Impact,0,0,69.99,PS5,2021-05-18
Monster Hunter World: Iceborne,19.99,0,19.99,PS4,2021-05-18
Mortal Kombat X,19.99,0,19.99,PS4,2021-05-18
Subnautica,29.99,0,29.99,PS5,2021-05-18
Tony Hawk`s Pro Skater 1 + 2 (2021),54.99,38.49,16.5,PS5,2021-05-18
Wreckfest,29.99,0,29.99,PS5,2021-05-18
Warframe: The New War,0,0,0,PS5,2021-05-18
Worms Rumble,14.99,9.74,5.25,PS5,2021-05-19
Twin Robots: Ultimate Edition,7.99,5.99,2,PS5,2021-05-19
Sumatra: Fate of Yandi,5.99,4.19,1.8,PS5,2021-05-19
Stranded Deep,19.99,0,19.99,PS4,2021-05-19
Rogue Company,0,0,0,PS5,2021-05-19
Outbreak: Epidemic,14.99,8.24,6.75,PS4,2021-05-19
One Escape,4.99,3.49,1.5,PS5,2021-05-19
Maneater,39.99,19.99,20,PS5,2021-05-27
Bugsnax,21.99,16.49,5.5,PS5,2021-05-27
Spirit of the North: Enhanced Edition,24.99,12.49,12.5,PS5,2021-05-27
Watch Dogs: Legion,69.99,34.99,35,PS5,2021-06-02
The Pedestrian,15.99,10.39,5.6,PS5,2021-06-02
No Man`s Sky,49.99,24.99,25,PS5,2021-06-02
Ovivo,6.99,2.79,4.2,PS5,2021-06-04
Maquette,17.99,14.39,3.6,PS5,2021-06-04
In Rays of the Light,7.99,5.59,2.4,PS5,2021-06-04
Infliction: Extended Cut,17.99,8.99,9,PS5,2021-06-04
Concept Destruction,4.99,3.24,1.75,PS5,2021-06-04
Evil Inside,12.99,9.09,3.9,PS5,2021-06-04
Sir Lovelot,9.99,6.99,3,PS5,2021-06-04
Yakuza: Like a Dragon,89.99,53.99,36,PS5,2021-06-09
Super Monkey Ball: Banana Blitz HD,39.99,19.99,20,PS4,2021-06-30
Virtua Fighter 5: Ultimate Showdown,29.99,0,29.99,PS4,2021-07-01
WWE 2K Battlegrounds,39.99,0,39.99,PS4,2021-07-06
Saints Row The Third: Remastered,49.98,39.98,10,PS5,2021-07-06
You Are Being Followed,0,0,0,PSVR,2021-07-06
Human Fall Flat,14.99,9.99,5,PS5,2021-07-06
Super Kickers League Ultimate,19.99,5.99,14,PS4,2021-07-07
The Last Guardian,34.99,0,34.99,PS4,2021-07-12
The Darkside Detective,12.99,9.74,3.25,PS5,2021-07-21
The Sinking City,64.99,45.49,19.5,PS5,2021-07-21
Shing!,19.99,4.99,15,PS5,2021-07-21
Road Redemption,19.99,7.99,12,PS4,2021-07-21
Spacebase Startopia,49.99,29.99,20,PS5,2021-07-21
Metro Exodus,39.99,9.99,30,PS5,2021-07-28
Tennis World Tour 2,49.99,0,49.99,PS4,2021-08-03
Beyond Two Souls,19.99,5.99,14,PS4,2021-08-04
Battlefield 3,19.99,0,19.99,PS3,2021-08-14
Mortal Kombat Arcade Kollection,9.99,9.99,0,PS3,2021-08-14
Quantum Conundrum,10.99,10.99,0,PS3,2021-08-14
ICO Classics HD,10,10,0,PS3,2021-08-14
Mensa Academy,9.99,9.99,0,PS3,2021-08-14
Malicious,7.99,7.99,0,PS3,2021-08-14
The Cave,9.99,0,9.99,PS3,2021-08-14
Tekken 5: Dark Resurrection,19.99,19.99,0,PS3,2021-08-14
Spec Ops: The Line,19.99,19.99,0,PS3,2021-08-14
Shadow of the Colossus Classics HD,9.99,9.99,0,PS3,2021-08-14
When Vikings Attack,4.99,4.99,0,PS3,2021-08-14
Exit the Gungeon,9.99,6.99,3,PS4,2021-08-18
Dead End Job,14.99,2.99,12,PS4,2021-08-23
Beat Cop,14.99,1.49,13.5,PS4,2021-08-23
Dangerous Driving,29.99,7.49,22.5,PS4,2021-08-23
Please Don`t Touch Anything,9.99,4.99,5,PS4,2021-08-23
Metro Redux,29.99,4.49,25.5,PS4,2021-08-23
while true: learn( ),14.99,9.74,5.25,PS4,2021-08-23
Uncanny Valley,14.49,3.62,10.87,PS4,2021-08-23
Think of the Children,12.99,2.59,10.4,PS4,2021-08-23
Scott Pilgrim vs The World: The Game,14.99,8.99,6,PS4,2021-08-23
SpongeBob SquarePants: Battle for Bikini Bottom - Rehydrated,29.99,17.99,12,PS4,2021-08-23
Supermarket Shriek,19.99,11.99,8,PS4,2021-08-23
Abzu,19.99,0,19.99,PS4,2021-08-24
Accounting Plus,11.99,4.79,7.2,PSVR,2021-08-25
F1 2021,69.99,0,69.99,PS5,2021-09-07
Floor Plan,5.99,0,5.99,PSVR,2021-09-07
Trover Saves The Universe,29.99,0,29.99,PS4,2021-09-07
Terminator: Resistance Enhanced,44.99,26.99,18,PS5,2021-09-16
Hitman 2,69.99,0,69.99,PS4,2021-09-22
AWAY: The Survival Series,29.99,0,29.99,PS5,2021-09-28
Resident Evil: Resistance,0,0,0,PS4,2021-09-30
Subnautica: Below Zero,29.99,19.49,10.5,PS5,2021-09-30
Yakuza 0,19.99,8.99,11,PS4,2021-10-05
Yakuza 6: The Song of Life,19.99,8.99,11,PS4,2021-10-05
Yakuza Kiwami,19.99,7.99,12,PS4,2021-10-05
Yakuza Kiwami 2,19.99,6.99,13,PS4,2021-10-05
PGA Tour 2K21,59.99,0,59.99,PS4,2021-10-05
Hell Let Loose,39.99,0,39.99,PS5,2021-10-05
Yakuza 3 Remastered,13.33,8,5.33,PS4,2021-10-13
Yakuza 4 Remastered,13.33,8,5.33,PS4,2021-10-13
Yakuza 5 Remastered,13.33,7.99,5.34,PS4,2021-10-13
Resident Evil Village,69.99,39.89,30.1,PS5,2021-10-20
Resident Evil: Re:Verse,0,0,0,PS4,2021-10-20
Kingdom Hearts: VR Experience,0,0,0,PSVR,2021-11-02
Kingdoms of Amalur: Re-Reckoning,39.99,0,39.99,PS4,2021-11-02
Knockout City,19.99,0,19.99,PS5,2021-11-02
First Class Trouble,19.99,0,19.99,PS5,2021-11-02
Until You Fall,24.99,0,24.99,PSVR,2021-11-02
The Walking Dead: Saints and Sinners,39.99,0,39.99,PSVR,2021-11-02
Resident Evil 5,19.99,7.99,12,PS4,2021-11-10
Resident Evil 6,19.99,7.99,12,PS4,2021-11-10
Arizona Sunshine,44.99,11.24,33.75,PSVR,2021-11-16
Traffic Jams,19.99,12.99,7,PSVR,2021-11-17
Assassin`s Creed Valhalla: Ultimate Edition,119.99,59.99,60,PS5,2021-11-21
Psychonauts 2,59.99,41.99,18,PS4,2021-11-21
Mass Effect: Legendary Edition,69.99,44.79,25.2,PS4,2021-11-21
LEGO DC Super-Villains,59.99,0,59.99,PS4,2021-12-09
Mortal Shell,29.99,0,29.99,PS4,2021-12-09
Captain Tsubasa: Rise of New Champions,59.99,19.79,40.2,PS4,2021-12-09
Godfall,14.99,0,14.99,PS5,2021-12-09
UNO,19.99,7.99,12,PS4,2021-12-09
The Guy VR,9.99,6.99,3,PSVR,2021-12-25
Ratchet & Clank: Rift Apart,79.99,0,79.99,PS5,2021-12-25
Kena: Bridge of Spirits,39.99,0,39.99,PS5,2021-12-25
Kerbal Space Program: Enhanced Edition,39.99,19.99,20,PS5,2021-12-25
I Expect You to Die 2,24.99,0,24.99,PSVR,2021-12-25
Persona 5 Strikers,59.99,0,59.99,PS4,2022-01-04
Deep Rock Galactic,29.99,0,29.99,PS5,2022-01-04
DIRT 5,69.99,0,69.99,PS5,2022-01-04
It Takes Two,39.99,19.99,20,PS5,2022-01-06
SteamWorld Dig 2,19.99,4.99,15,PS4,2022-01-06
Fortnite,0,0,0,PS5,2022-01-13
Knack,19.99,7.99,12,PS4,2022-01-20
Knack 2,39.99,13.99,26,PS4,2022-01-20
Call of Duty: Black Ops III,69.99,0,69.99,PS4,2022-01-29
The Persistence,29.99,0,29.99,PS5,2022-01-29
Tiny Tina`s Assault on Dragon Keep: A Wonderlands One-Shot Adventure,9.99,0,9.99,PS4,2022-02-01
UFC 4,69.99,0,69.99,PS4,2022-02-01
Planet Coaster,44.99,0,44.99,PS5,2022-02-01
Far Cry 6: Gold Edition,99.99,59.99,40,PS5,2022-02-02
Star Wars Jedi: Fallen Order,49.99,17.49,32.5,PS5,2022-02-02
Cyberpunk 2077,49.99,33.49,16.5,PS5,2022-02-15
PONG Quest,17.99,8.99,9,PS4,2022-02-17
ARK: Survival Evolved,29.99,0,29.99,PS4,2022-03-01
Ghostrunner,29.99,0,29.99,PS5,2022-03-01
Team Sonic Racing,39.99,0,39.99,PS4,2022-03-01
DEEEER Simulator: Your Average Everyday Deer Game,16.99,13.59,3.4,PS4,2022-03-03
Art of Rally,20.99,13.64,7.35,PS5,2022-03-03
Keep Talking and Nobody Explodes,14.99,7.49,7.5,PS4,2022-03-03
Kandagawa Jet Girls,39.99,14.79,25.2,PS4,2022-03-03
Leisure Suit Larry: Wet Dreams Don`t Dry,39.99,7.99,32,PS4,2022-03-20
Leisure Suit Larry: Wet Dreams Dry Twice,39.99,11.99,28,PS4,2022-03-20
I am Bread,12.99,2.59,10.4,PS4,2022-03-20
Grand Theft Auto V,109.98,34.98,75,PS5,2022-03-20
Night Book,11.67,5.83,5.84,PS4,2022-03-20
BloodRayne 2: ReVamped,19.99,13.99,6,PS5,2022-03-20
BloodRayne: ReVamped,19.99,13.99,6,PS5,2022-03-20
Five Dates,11.66,5.83,5.83,PS4,2022-03-20
The Complex,11.66,5.83,5.83,PS4,2022-03-20
Slay the Spire,24.99,0,24.99,PS4,2022-04-05
Chicken Police: Paint It Red,19.99,13.99,6,PS5,2022-04-15
Just Die Already,13.99,6.29,7.7,PS4,2022-04-27
Wanderer,39.99,19.99,20,PSVR,2022-04-27
Tribes of Midgard,19.99,0,19.99,PS4,2022-05-03
Curse of the Dead Gods,19.99,0,19.99,PS4,2022-05-03
FIFA 22,79.99,0,79.99,PS5,2022-05-03
Ghostwire: Tokyo,69.99,34.99,35,PS5,2022-05-27
Flashback,19.99,0.99,19,PS4,2022-05-27
Formula Retro Racing,5.99,3.59,2.4,PS4,2022-05-27
Fahrenheit (Indigo Prophecy),13.49,5.39,8.1,PS4,2022-05-27
DOOM (1993),4.99,2.49,2.5,PS4,2022-05-27
DOOM 64,4.99,2.49,2.5,PS4,2022-05-27
DOOM II,4.99,2.49,2.5,PS4,2022-05-27
BLACKSAD: Under the Skin,39.99,7.99,32,PS4,2022-05-27
Neon Drive,9.99,4.99,5,PS4,2022-05-27
Postal Redux,9.99,3.49,6.5,PS4,2022-05-27
Quake,9.99,4.99,5,PS4,2022-05-27
Unbox: Newbie`s Adventure,24.99,4.99,20,PS4,2022-05-27
Sniper Elite V2 Remastered,34.99,3.49,31.5,PS4,2022-05-27
Sniper Elite VR,29.99,13.49,16.5,PSVR,2022-05-27
Sam & Max: This Time It`s Virtual!,19.99,13.99,6,PSVR,2022-05-27
Rustler,29.99,14.99,15,PS5,2022-05-27
Nickelodeon All Stars Brawl,49.99,0,49.99,PS5,2022-06-08
Can`t Drive This,24.99,16.24,8.75,PS5,2022-06-08
Chicory: A Colorful Tale,19.99,13.99,6,PS5,2022-07-03
Final Fantasy VII (2021),79.99,45.59,34.4,PS5,2022-08-03
Little Nightmares,19.99,0,19.99,PS4,2022-08-03
The Stanley Parable: Ultra Deluxe,21.99,14.73,7.26,PS5,2022-08-03
Cloudpunk,24.99,17.49,7.5,PS5,2022-08-23
Granblue Fantasy: Versus,19.99,0,19.99,PS4,2022-09-07
Destroy All Humans 2: Reprobed (2022),39.99,0,39.99,PS5,2022-09-07
Need for Speed Heat,69.99,0,69.99,PS4,2022-09-07
TOEM,19.99,0,19.99,PS5,2022-09-07
Biomutant,59.99,29.99,30,PS5,2022-09-09
Sonic Origins,44.99,0,44.99,PS5,2022-09-13
Resident Evil 7: Biohazard,49.98,26.98,23,PS5,2022-09-27
Resident Evil 2 (2019),59.99,59.99,0,PS5,2022-09-27
Resident Evil 3 (2020),59.99,19.79,40.2,PS5,2022-09-27
Sam and Max Season 3: The Devil`s Playhouse,24.99,24.99,0,PS3,2022-09-28
Sam and Max Season 1: Save The World,19.99,14.99,5,PS4,2022-10-02
Sam and Max Season 2: Beyond Time and Space,19.99,14.99,5,PS4,2022-10-02
Hot Wheels Unleashed,49.99,0,49.99,PS5,2022-10-05
Injustice 2,19.99,0,19.99,PS4,2022-10-05
The Darkside Detective: A Fumble in the Dark,12.99,12.99,0,PS5,2022-10-20
Shantae and The Pirate`s Curse,19.99,19.99,0,PS5,2022-10-30
Cult of the Lamb,29.99,23.99,6,PS5,2022-10-30
Heavenly Bodies,20.99,0,20.99,PS5,2022-11-02
Nioh 2,59.99,0,59.99,PS5,2022-11-02
Overcooked: All You Can Eat Edition,128.44,94.85,33.59,PS5,2022-11-04
Marvel`s Spider-Man: Miles Morales,59.99,29.99,30,PS5,2022-11-18
Klonoa Phantasy Reverie Series (2022),49.99,29.99,20,PS5,2022-11-18
Disney Dreamlight Valley,29.99,23.99,6,PS5,2022-11-18
Sackboy: A Big Adventure,69.99,29.39,40.6,PS5,2022-11-18
Returnal,79.99,39.99,40,PS5,2022-11-18
Stray,29.99,18.99,11,PS5,2022-11-24
The Witcher 3: Wild Hunt,74.98,24.98,50,PS5,2022-12-14
Fall Guys: Ultimate Knockout,19.99,0,19.99,PS5,2022-12-19
Apex Legends,0,0,0,PS5,2022-12-19
60 Seconds! Reatomized,9.99,0,9.99,PS4,2022-12-20
Shovel Knight: Pocket Dungeon,19.99,14.99,5,PS4,2022-12-20
Potion Permit,24.99,0,24.99,PS5,2022-12-26
F1 Manager,54.99,0,54.99,PS5,2022-12-27
Good Dog Bad Dog,16.99,0,16.99,PS4,2022-12-28
Onee Chanbara Origin,49.99,22.49,27.5,PS4,2022-12-28
OlliOlli World,29.99,9.89,20.1,PS5,2022-12-28
Horizon Forbidden West,79.99,49.59,30.4,PS5,2022-12-28
Axiom Verge 2,17.99,0,17.99,PS5,2023-01-03
Tiny Tina`s Wonderlands: Chaotic Great Edition,89.99,44.99,45,PS5,2023-02-03
The Outer Worlds,59.99,19.79,40.2,PS4,2023-02-03
Destiny 2,29.99,0,29.99,PS5,2023-02-07
Hogwarts Legacy,84.99,0,84.99,PS5,2023-02-07
Party Hard 2,19.99,4.99,15,PS4,2023-02-08
Empire of Sin: Deluxe Edition,49.99,12.49,37.5,PS4,2023-02-10
Saints Row 2,4.99,0,4.99,PS3,2023-02-14
Yakuza: Dead Souls,19.99,0,19.99,PS3,2023-02-14
Judgment,39.99,15.97,24.02,PS5,2023-02-26
Minecraft Dungeons,19.99,0,19.99,PS4,2023-03-07
Battlefield 2042,79.99,0,79.99,PS5,2023-03-07
Code Vein,69.99,0,69.99,PS4,2023-03-07
Postal 4: No Regerts,44.99,0,44.99,PS5,2023-03-29
Shadow of the Tomb Raider,39.99,6.98,33.01,PS4,2023-03-29
Tails of Iron,24.99,0,24.99,PS5,2023-04-04
Meet Your Maker,0,0,0,PS5,2023-04-04
Tomb Raider (2013),14.99,5,9.99,PS3,2023-04-20
Horror Bar VR,19.99,12.99,7,PSVR,2023-05-02
GRID Legends,69.99,0,69.99,PS5,2023-05-02
Action Henk,14.99,1.49,13.5,PS4,2023-05-02
Don`t Starve,13.99,3.49,10.5,PS4,2023-05-02
Descenders,21.99,0,21.99,PS4,2023-05-02
Godlike Burger,19.99,7.99,12,PS4,2023-05-02
Tunic,29.99,0,29.99,PS5,2023-05-04
Turnip Boy Commits Tax Evasion,14.99,11.24,3.75,PS4,2023-05-12
Wolfenstein II: The New Colossus,39.99,3.5,36.49,PS4,2023-05-12
Wolfenstein: The New Order,19.99,3.5,16.49,PS4,2023-05-12
Wolfenstein: The Old Blood,19.99,3.5,16.49,PS4,2023-05-12
Wolfenstein: Youngblood,19.99,3.49,16.5,PS4,2023-05-12
New Tales from the Borderlands,39.99,19.99,20,PS5,2023-05-12
FIFA 23,79.99,31.99,48,PS5,2023-05-24
Breaking Enigma,10.99,0.54,10.45,PS4,2023-05-24
Cities: Skylines,139.98,84.98,55,PS5,2023-05-25
Tchia,29.99,17.49,12.5,PS5,2023-06-03
Trek to Yomi,19.99,0,19.99,PS5,2023-06-06
NBA 2K23,39.99,0,39.99,PS5,2023-06-06
Jurassic World Evolution 2,59.99,0,59.99,PS5,2023-06-06
Call of Duty: Black Ops Cold War,74.99,0,74.99,PS5,2023-07-04
Alan Wake Remastered,29.99,0,29.99,PS5,2023-07-04
Endling: Extinction is Forever,29.99,0,29.99,PS5,2023-07-04
