1,A Bugs Life,PS1,2017-05-22,1.49,1.49,0.00,TT Games,England
2,Beyblade: Let It Rip!,PS1,2020-02-21,4.99,0.00,4.99,Crave,Japan
3,Bishi Bashi Special,PS1,2018-09-30,4.99,4.99,0.00,Konami,Japan
4,Buzz Lightyear of Star Command,PS1,2017-05-22,1.99,1.99,0.00,TT Games,England
5,Cho Aniki,PS1,2018-09-30,4.99,4.99,0.00,Masaya,Japan
6,Colin McRae Rally,PS1,2010-12-26,9.99,9.99,0.00,Codemasters,England
7,Crash Bandicoot (1996),PS1,2011-01-14,4.99,4.99,0.00,Naughty Dog,USA
8,Crash Bandicoot 2 (1997),PS1,2011-02-05,4.99,4.99,0.00,Naughty Dog,USA
9,Crash Bandicoot 3 (1998),PS1,2011-02-09,4.99,4.99,0.00,Naughty Dog,USA
10,Crash Team Racing (1999),PS1,2011-02-09,4.99,4.99,0.00,Naughty Dog,USA
11,Crash Bash,PS1,2010-12-26,9.99,9.99,0.00,Eurocom Entertainment Software,England
12,Destruction Derby,PS1,2017-10-06,4.99,2.99,2.00,Reflections Interactive,England
13,Driver,PS1,2015-08-02,2.49,2.49,0.00,Reflections Interactive,England
14,Fear Effect,PS1,2021-04-14,6.99,6.99,0.00,Kronos Digital Entertainment,USA
15,Fear Effect 2: Retro Helix,PS1,2021-04-14,6.99,6.99,0.00,Kronos Digital Entertainment,USA
16,Final Fantasy V,PS1,2017-02-18,9.99,4.99,5.00,Square Enix,Japan
17,Final Fantasy VI,PS1,2017-02-18,9.99,4.99,5.00,Square Enix,Japan
18,Final Fantasy VII (1997),PS1,2013-10-25,9.99,4.99,5.00,Square Enix,Japan
19,Final Fantasy VIII,PS1,2017-02-18,9.99,4.99,5.00,Square Enix,Japan
20,Final Fantasy IX,PS1,2017-02-18,9.99,4.99,5.00,Square Enix,Japan
21,Gex,PS1,2015-10-02,4.99,2.50,2.49,Crystal Dynamics,USA
22,Gex 3D: Enter the Gecko,PS1,2015-10-02,5.99,3.00,2.99,Crystal Dynamics,USA
23,Gex: Deep Cover Gecko,PS1,2015-10-02,5.99,3.00,2.99,Crystal Dynamics,USA
24,Hercules,PS1,2016-10-12,1.99,1.99,0.00,Eurocom Entertainment Software,England
25,Hogs of War,PS1,2010-12-26,9.99,9.99,0.00,Infogrames Sheffield,England
26,Jumping Flash,PS1,2018-09-30,4.99,4.99,0.00,Team Asobi (Japan Studio),Japan
27,Klonoa: Door to Phantomile (1997),PS1,2015-10-02,4.99,2.50,2.49,Bandai Namco Studios,Japan
28,Kula World,PS1,2011-09-08,4.99,4.99,0.00,Game Design Sweden AB,Sweden
29,Medievil (1998),PS1,2013-10-04,4.99,4.99,0.00,Guerrilla Cambridge,England
30,Metal Gear Solid,PS1,2012-12-18,9.99,4.99,5.00,Kojima Productions,Japan
31,Monsters Inc Scare Island,PS1,2017-05-22,1.49,1.49,0.00,Artificial Mind and Movement,Canada
32,Motor Toon Grand Prix 2,PS1,2017-10-06,4.99,2.49,2.50,Polyphony Digital,Japan
33,Oddworld: Abes Oddysee (1997),PS1,2010-12-26,4.99,4.99,0.00,Oddworld Inhabitants,USA
34,Oddworld: Abes Exoddus (1998),PS1,2011-06-02,4.99,4.99,0.00,Oddworld Inhabitants,USA
35,PONG,PS1,2013-10-21,4.99,4.99,0.00,Supersonic Software,England
36,Rally Cross,PS1,2017-10-06,4.99,1.99,3.00,989 Studios,USA
37,Rayman,PS1,2014-05-04,4.99,4.99,0.00,Ubisoft Montpellier,France
38,Rayman 2,PS1,2014-05-04,4.99,4.99,0.00,Ubisoft Shanghai,China
39,Resident Evil: Directors Cut (1997),PS1,2016-10-22,9.99,3.99,6.00,Capcom,Japan
40,Resident Evil 2 (1998),PS1,2017-05-20,9.99,3.99,6.00,Capcom,Japan
41,Resident Evil 3: Nemesis (1999),PS1,2016-10-22,9.99,3.99,6.00,Capcom,Japan
42,Sheep Dog n Wolf,PS1,2010-12-26,9.99,9.99,0.00,Infogrames Lyon House,France
43,Silent Hill,PS1,2017-03-18,6.99,2.99,4.00,Konami,Japan
44,Spyro the Dragon (1998),PS1,2014-02-14,3.99,3.99,0.00,Insomniac Games,USA
45,Spyro 2: Gateway to Glimmer (1999),PS1,2014-02-14,3.00,3.00,0.00,Insomniac Games,USA
46,Spyro 3: Year of the Dragon (2000),PS1,2014-02-14,3.00,3.00,0.00,Insomniac Games,USA
47,Suikoden,PS1,2021-04-14,4.99,4.99,0.00,Konami,Japan
48,Suikoden II,PS1,2021-04-14,4.99,4.99,0.00,Konami,Japan
49,Syphon Filter,PS1,2017-10-06,4.99,2.49,2.50,Bend Studio,USA
50,Tekken,PS1,2012-12-19,4.99,4.99,0.00,Bandai Namco Studios,Japan
51,Tekken 2,PS1,2012-12-18,4.99,4.99,0.00,Bandai Namco Studios,Japan
52,Theme Hospital,PS1,2011-06-02,4.99,4.99,0.00,Krisalis Software,England
53,Tomb Raider (1996),PS1,2017-03-12,5.99,1.99,4.00,Core Design,England
54,Tomb Raider II,PS1,2017-03-12,5.99,1.99,4.00,Core Design,England
55,Tomb Raider III,PS1,2017-03-12,5.99,1.99,4.00,Core Design,England
56,Tomb Raider: Chronicles,PS1,2017-03-12,5.99,1.99,4.00,Core Design,England
57,Tomb Raider: The Last Revelation,PS1,2017-03-12,5.99,1.99,4.00,Core Design,England
58,Tombi!,PS1,2013-10-21,7.99,4.99,3.00,Whoopee Camp,Japan
59,Tombi 2!: The Evil Swine Return,PS1,2018-09-30,7.99,7.99,0.00,Whoopee Camp,Japan
60,Toy Story 2,PS1,2016-10-10,1.99,1.99,0.00,TT Games,England
61,Toy Story Racer,PS1,2017-05-22,1.99,1.99,0.00,TT Games,England
62,Twisted Metal (1995),PS1,2017-10-06,4.99,1.99,3.00,SingleTrac,USA
63,UmJammer Lammy,PS1,2017-10-06,4.99,4.99,0.00,NanaOn-Sha,Japan
64,Vib-Ribbon,PS1,2017-10-06,4.99,1.99,3.00,NanaOn-Sha,Japan
65,Wipeout (1995),PS1,2017-10-06,9.99,1.99,8.00,Psygnosis,England
66,WWF! Smackdown 2: Know Your Role,PS1,2010-12-26,9.99,9.99,0.00,Yuke`s,Japan
67,Deus Ex (2002),PS2,2021-04-14,9.99,9.99,0.00,Ion Storm,USA
68,Sonic Heroes,PS2,2013-10-31,9.99,9.99,0.00,SEGA,Japan
69,Stuntman: Ignition,PS2,2021-04-14,9.99,9.99,0.00,Paradigm Entertainment,USA
70,The Sims,PS2,2013-10-31,14.99,14.99,0.00,Maxis,USA
71,The Sims 2,PS2,2013-10-31,14.99,14.99,0.00,Maxis,USA
72,Ape Escape,PSP,2017-02-12,7.99,7.99,0.00,Team Asobi (Japan Studio),Japan
73,Burnout Legends,PSP,2018-09-30,9.99,9.99,0.00,Criterion Games,England
74,Crazy Taxi: Fare Wars,PSP,2018-09-30,4.49,4.49,0.00,Sniper Studios,USA
75,Daxter,PSP,2017-10-06,7.99,2.99,5.00,Ready At Dawn,USA
76,Dead or Alive Paradise,PSP,2015-11-13,14.99,14.99,0.00,Project Venus,Japan
77,Everybody`s Golf 2,PSP,2017-10-06,7.99,2.99,5.00,Clap Hanz,Japan
78,Final Fantasy,PSP,2017-02-18,9.99,4.99,5.00,Square Enix,Japan
79,Final Fantasy II,PSP,2017-02-18,9.99,4.99,5.00,Square Enix,Japan
80,Final Fantasy III,PSP,2017-02-18,9.99,4.99,5.00,Square Enix,Japan
81,Final Fantasy IV,PSP,2017-02-18,14.99,7.49,7.50,Square Enix,Japan
82,Grand Theft Auto: Liberty City Stories,PSP,2016-11-26,11.66,4.99,6.67,Rockstar Leeds,England
83,Grand Theft Auto: Vice City Stories,PSP,2016-11-26,11.66,5.00,6.66,Rockstar Leeds,England
84,Grand Theft Auto: Chinatown Wars,PSP,2016-11-26,11.66,5.00,6.66,Rockstar Leeds,England
85,Gravity Crash,PSP,2015-08-20,3.99,3.99,0.00,Just Add Water Ltd,England
86,Jak and Daxter: The Lost Frontier,PSP,2017-10-06,7.99,3.99,4.00,High Impact Games,USA
87,LEGO Indiana Jones,PSP,2015-08-20,9.99,0.00,9.99,TT Games,England
88,LEGO Batman,PSP,2015-08-20,9.99,0.00,9.99,TT Games,England
89,LEGO Star Wars III: The Clone Wars,PSP,2015-08-20,4.99,0.00,4.99,TT Games,England
90,LEGO Pirates of the Caribbean,PSP,2015-08-20,4.99,0.00,4.99,TT Games,England
91,Prinny,PSP,2018-09-30,9.99,9.99,0.00,Nippon Ichi Software,Japan
92,Ratchet & Clank: Size Matters,PSP,2015-10-02,7.99,4.00,3.99,High Impact Games,USA
93,Resistance: Retribution,PSP,2015-10-02,7.99,2.99,5.00,Bend Studio,USA
94,Super Monkey Ball Adventure,PSP,2018-09-30,4.49,4.49,0.00,TT Games,England
95,Tomb Raider: Legend,PSP,2017-03-12,9.99,3.99,6.00,Crystal Dynamics,USA
96,Tomb Raider: Anniversary,PSP,2017-03-12,9.99,3.99,6.00,Crystal Dynamics,USA
97,Wipeout Pulse,PSP,2017-10-06,7.99,7.99,0.00,Psygnosis,England
98,Alice: Madness Returns,PS3,2021-02-10,19.99,19.99,0.00,Spicy Horse,China
99,Angry Birds Trilogy,PS3,2014-12-26,29.99,29.99,0.00,Rovio Entertainment,Finland
100,Army of Two,PS3,2020-09-17,2.00,2.00,0.00,EA Montreal,Canada
101,Bang Bang Racing,PS3,2021-03-30,9.99,9.99,0.00,Playbox,Hungary
102,Battlefield 3,PS3,2021-08-14,19.99,0.00,19.99,EA DICE,Sweden
103,Bayonetta,PS3,2020-09-17,14.99,4.00,10.99,PlatinumGames,Japan
104,Beat Hazard Ultra,PS3,2012-02-05,6.99,6.99,0.00,Cold Beam Games,England
105,Bentley`s Hackpack,PS3,2021-03-30,1.99,1.99,0.00,Sanzaru Games,USA
106,Beyond Good and Evil HD,PS3,2021-02-10,9.99,9.99,0.00,Ubisoft Montpellier,France
107,Blur,PS3,2020-10-11,18.00,18.00,0.00,Bizarre Creations,England
108,Brink,PS3,2020-10-11,0.50,0.50,0.00,Splash Damage,England
109,Buzz! Quiz World,PS3,2020-10-11,42.00,42.00,0.00,Relentless Software,England
110,Call of Duty: Modern Warfare 2 (2009),PS3,2020-09-17,29.99,4.00,25.99,Infinity Ward,USA
111,Crazy Machines Elements,PS3,2011-11-20,4.99,4.99,0.00,FAKT Software,Germany
112,Daytona USA,PS3,2021-02-10,7.99,7.99,0.00,SEGA,Japan
113,Dead Rising 2,PS3,2020-09-17,14.99,3.50,11.49,Capcom Vancouver,Canada
114,Dead Space (2008),PS3,2020-09-17,12.99,4.00,8.99,EA Redwood Shores,USA
115,DeathSpank: The Baconing,PS3,2021-04-06,12.99,12.99,0.00,Hothead Games,Canada
116,Deus Ex: Human Revolution,PS3,2020-09-17,12.99,6.00,6.99,Eidos Montreal,Canada
117,Dishonored,PS3,2020-09-17,9.99,3.00,6.99,Arkane Studios,France
118,DJ Hero,PS3,2020-10-11,2.50,2.50,0.00,Ubisoft Leamington,England
119,DJ Hero 2,PS3,2020-10-11,2.50,2.50,0.00,Ubisoft Leamington,England
120,Duke Nukem Forever,PS3,2020-09-17,12.99,3.50,9.49,3D Realms,Denmark
121,Earthworm Jim HD,PS3,2010-12-26,9.99,9.99,0.00,Gameloft,France
122,F.E.A.R,PS3,2020-09-17,12.00,12.00,0.00,Monolith Productions,USA
123,F1 Race Stars,PS3,2013-04-10,9.99,9.99,0.00,Codemasters,England
124,Family Guy: Back to the Multiverse,PS3,2020-09-17,8.00,8.00,0.00,Heavy Iron Studios,USA
125,Far Cry Classic,PS3,2021-04-06,9.99,9.99,0.00,Crytek,Germany
126,Far Cry 2,PS3,2020-09-17,9.99,2.00,7.99,Ubisoft Montreal,Canada
127,Fat Princess,PS3,2013-05-10,9.99,9.99,0.00,Titan Studios,USA
128,FIFA Street (2012),PS3,2020-10-11,4.00,4.00,0.00,EA Vancouver,Canada
129,Fight Night Champion,PS3,2011-07-08,19.99,15.00,4.99,EA Vancouver,Canada
130,Final Exam,PS3,2021-04-06,9.99,9.99,0.00,Mighty Rocket Studio,France
131,Final Fantasy XIII,PS3,2013-06-02,4.00,4.00,0.00,Square Enix,Japan
132,Girl Fight,PS3,2021-04-13,7.99,7.99,0.00,Kung Fu Factory,USA
133,God of War (2005),PS3,2017-10-06,12.99,4.99,8.00,Santa Monica Studio,USA
134,God of War II (2007),PS3,2017-10-06,12.00,3.00,9.00,Santa Monica Studio,USA
135,Gran Turismo 5,PS3,2010-12-25,5.00,5.00,0.00,Polyphony Digital,Japan
136,Grand Theft Auto IV: The Complete Collection,PS3,2020-09-17,49.97,22.00,27.97,Rockstar North,Scotland
137,Hitman: Absolution,PS3,2020-10-11,14.99,5.00,9.99,IO Interactive,Denmark
138,ICO Classics HD,PS3,2021-08-14,10.00,10.00,0.00,Team Asobi (Japan Studio),Japan
139,inFamous,PS3,2011-06-12,8.99,8.99,0.00,Sucker Punch Productions,USA
140,inFamous 2,PS3,2013-04-09,8.00,8.00,0.00,Sucker Punch Productions,USA
141,inFamous: Festival of Blood,PS3,2014-12-26,8.00,8.00,0.00,Sucker Punch Productions,USA
142,Jet Car Stunts,PS3,2018-07-14,6.99,6.99,0.00,Grip Games,Czech Republic
143,Joe Danger 2: The Movie,PS3,2013-04-09,12.99,12.99,0.00,Hello Games,England
144,Kane and Lynch: Dead Men,PS3,2020-09-17,9.99,2.00,7.99,IO Interactive,Denmark
145,Kane and Lynch 2: Dog Days,PS3,2020-09-17,9.99,2.00,7.99,IO Interactive,Denmark
146,Killer is Dead,PS3,2015-06-05,19.99,18.00,1.99,Grasshopper Manufacture,Japan
147,Killzone,PS3,2021-04-06,12.99,12.99,0.00,Guerrilla Games,Netherlands
148,LA Noire,PS3,2013-10-12,29.99,29.99,0.00,Team Bondi,Australia
149,Lemmings (2007),PS3,2018-09-30,12.98,12.98,0.00,Team17,England
150,LittleBigPlanet,PS3,2009-12-31,10.50,10.50,0.00,Media Molecule,England
151,LittleBigPlanet 2,PS3,2011-12-18,29.98,19.49,10.49,Media Molecule,England
152,LittleBigPlanet Karting,PS3,2013-07-03,14.99,14.99,0.00,United Front Games,Canada
153,Lollipop Chainsaw,PS3,2013-12-20,12.00,12.00,0.00,Grasshopper Manufacture,Japan
154,Lone Survivor: The Director`s Cut,PS3,2018-09-30,9.99,9.99,0.00,Superflat Games,England
155,Mafia II,PS3,2013-08-09,29.99,10.00,19.99,2K Czech,Czech Republic
156,Malicious,PS3,2021-08-14,7.99,7.99,0.00,Alvion,Japan
157,Mensa Academy,PS3,2021-08-14,9.99,9.99,0.00,Silverball Studios,England
158,Metal Gear Solid 2: Sons of Liberty,PS3,2015-09-12,23.99,23.99,0.00,Kojima Productions,Japan
159,Metal Gear Solid 3: Snake Eater,PS3,2015-09-12,22.99,22.99,0.00,Kojima Productions,Japan
160,Metal Gear Solid 4: Guns of the Patriots,PS3,2021-03-30,14.99,14.99,0.00,Kojima Productions,Japan
161,Metal Gear Solid: Peace Walker,PS3,2021-04-06,8.00,8.00,0.00,Kojima Productions,Japan
162,Modnation Racers,PS3,2010-06-06,6.00,6.00,0.00,United Front Games,Canada
163,Mortal Kombat Arcade Kollection,PS3,2021-08-14,9.99,9.99,0.00,NetherRealm Studios,USA
164,Mortal Kombat (2011),PS3,2013-04-25,19.99,19.99,0.00,NetherRealm Studios,USA
165,Motorstorm: Pacific Rift,PS3,2010-05-04,5.00,5.00,0.00,Evolution Studios,England
166,Motorstorm Apocalypse,PS3,2013-04-28,14.99,14.99,0.00,Evolution Studios,England
167,Motorstorm RC,PS3,2017-10-06,8.99,3.99,5.00,Evolution Studios,England
168,Naughty Bear,PS3,2020-10-11,5.00,5.00,0.00,Artificial Mind and Movement,Canada
169,Need for Speed: Shift,PS3,2009-11-23,4.00,4.00,0.00,Slightly Mad Studios,England
170,Need for Speed: The Run,PS3,2011-12-08,19.99,4.00,15.99,EA Black Box,Canada
171,Need for Speed: Most Wanted (2012),PS3,2013-08-07,14.99,0.00,14.99,Criterion Games,England
172,Oddworld: Munch`s Oddysee,PS3,2013-01-31,8.99,8.99,0.00,Oddworld Inhabitants,USA
173,Oddworld: Stranger`s Wrath,PS3,2012-01-21,12.99,12.99,0.00,Oddworld Inhabitants,USA
174,PAYDAY: The Heist,PS3,2013-07-06,12.99,12.99,0.00,Overkill Software,Sweden
175,PlayStation All-Stars Battle Royale,PS3,2013-07-25,14.99,14.99,0.00,Superbot Entertainment,USA
176,PlayStation Move Heroes,PS3,2020-09-17,12.49,7.50,4.99,Nihilistic Software,USA
177,Prince of Persia: The Sands of Time,PS3,2021-03-30,5.00,5.00,0.00,Ubisoft Montreal,Canada
178,Prince of Persia: The Two Thrones,PS3,2021-03-30,4.99,4.99,0.00,Ubisoft Montreal,Canada
179,Prince of Persia: Warrior Within,PS3,2021-03-30,5.00,5.00,0.00,Ubisoft Montreal,Canada
180,Pro Evolution Soccer 2010,PS3,2010-01-14,0.50,0.50,0.00,Konami,Japan
181,Quantum Conundrum,PS3,2021-08-14,10.99,10.99,0.00,Airtight Games,USA
182,Ratchet & Clank (2002),PS3,2014-12-06,8.99,3.99,5.00,Insomniac Games,USA
183,Ratchet & Clank 2,PS3,2014-12-06,8.00,3.00,5.00,Insomniac Games,USA
184,Ratchet & Clank 3,PS3,2014-12-06,8.00,3.00,5.00,Insomniac Games,USA
185,Ratchet: Gladiator,PS3,2015-01-07,14.99,14.99,0.00,Insomniac Games,USA
186,Ratchet & Clank Future: Tools of Destruction,PS3,2020-09-17,14.99,10.00,4.99,Insomniac Games,USA
187,Ratchet & Clank Future: Quest for Booty,PS3,2020-09-17,9.99,9.99,0.00,Insomniac Games,USA
188,Ratchet & Clank Future: A Crack in Time,PS3,2010-06-09,14.99,10.00,4.99,Insomniac Games,USA
189,Ratchet & Clank: QForce,PS3,2018-01-15,14.99,4.99,10.00,Insomniac Games,USA
190,Ratchet & Clank: Nexus,PS3,2021-02-10,14.99,14.99,0.00,Insomniac Games,USA
191,Rayman 3: Hoodlum Havoc HD,PS3,2021-02-10,9.99,9.99,0.00,Ubisoft Montpellier,France
192,Rayman Origins,PS3,2015-10-22,29.98,26.99,2.99,Ubisoft Montpellier,France
193,Red Dead Redemption,PS3,2020-09-17,44.98,18.00,26.98,Rockstar San Diego,USA
194,Resistance: Fall of Man,PS3,2020-09-17,2.00,2.00,0.00,Insomniac Games,USA
195,Saints Row 2,PS3,2023-02-14,4.99,0.00,4.99,Deep Silver Volition,USA
196,Sam and Max Season 3: The Devil`s Playhouse TTG,PS3,2022-09-28,24.99,24.99,0.00,Telltale Games,USA
197,Shadow of the Colossus Classics HD,PS3,2021-08-14,9.99,9.99,0.00,Team Asobi (Japan Studio),Japan
198,Silent Hill HD Collection,PS3,2020-10-11,22.00,22.00,0.00,Konami,Japan
199,Siren Blood Curse,PS3,2021-03-30,12.99,12.99,0.00,Team Asobi (Japan Studio),Japan
200,Skate 2,PS3,2010-06-09,12.00,12.00,0.00,EA Black Box,Canada
201,Sly Cooper and the Thievius Raccoonus,PS3,2016-11-26,8.99,1.99,7.00,Sucker Punch Productions,USA
202,Sly 2: Band of Thieves,PS3,2016-11-26,8.00,3.00,5.00,Sucker Punch Productions,USA
203,Sly 3: Honour Among Thieves,PS3,2016-11-26,8.00,3.00,5.00,Sucker Punch Productions,USA
204,Sonic Generations,PS3,2021-03-30,14.99,14.99,0.00,SEGA,Japan
205,Spec Ops: The Line,PS3,2021-08-14,19.99,19.99,0.00,Yager Development,Germany
206,Streets of Rage 2,PS3,2011-06-25,4.49,4.49,0.00,SEGA,Japan
207,Super Rub a Dub,PS3,2021-04-13,4.99,4.99,0.00,Sumo Digital,England
208,Superfrog HD,PS3,2013-10-11,9.99,9.99,0.00,Team17,England
209,Syndicate,PS3,2014-02-23,1.00,1.00,0.00,Starbreeze Studios,Sweden
210,Tales of Graces f,PS3,2015-01-17,15.00,15.00,0.00,Bandai Namco Studios,Japan
211,Tales of Xillia,PS3,2015-01-17,14.99,14.99,0.00,Bandai Namco Studios,Japan
212,Tekken 5: Dark Resurrection,PS3,2021-08-14,19.99,19.99,0.00,Bandai Namco Studios,Japan
213,Tekken Revolution,PS3,2013-08-05,0.00,0.00,0.00,Bandai Namco Studios,Japan
214,The Amazing Spider-Man,PS3,2020-10-11,15.00,15.00,0.00,Beenox,Canada
215,The Cave,PS3,2021-08-14,9.99,0.00,9.99,Double Fine Productions,USA
216,The Cube,PS3,2021-04-13,9.99,9.99,0.00,Funbox Media,England
217,The Darkness,PS3,2020-09-17,3.00,3.00,0.00,Starbreeze Studios,Sweden
218,The Darkness 2,PS3,2020-09-17,2.50,2.50,0.00,Digital Extremes,Canada
219,The House of the Dead: Overkill,PS3,2020-10-11,5.00,5.00,0.00,SEGA,Japan
220,The Secret of Monkey Island: Special Edition,PS3,2021-02-10,4.99,4.99,0.00,LucasArts,USA
221,The Simpsons Arcade Game,PS3,2013-11-29,9.99,9.99,0.00,Konami,Japan
222,The Simpsons Game,PS3,2020-10-11,28.00,28.00,0.00,EA Redwood Shores,USA
223,The Sims 3,PS3,2010-11-07,18.00,18.00,0.00,Maxis,USA
224,The Sims 3: Pets,PS3,2010-11-07,18.00,18.00,0.00,Maxis,USA
225,Tiger Woods PGA Tour 11,PS3,2010-08-15,1.00,1.00,0.00,EA Tiburon,USA
226,ToeJam and Earl (1991),PS3,2021-02-10,2.75,2.75,0.00,Johnson Voorsanger Productions,USA
227,ToeJam and Earl: Panic on Funkotron,PS3,2021-02-10,2.74,2.74,0.00,Johnson Voorsanger Productions,USA
228,Tokyo Jungle,PS3,2013-11-21,12.99,12.99,0.00,Team Asobi (Japan Studio),Japan
229,Tomb Raider (2013),PS3,2023-04-20,14.99,5.00,9.99,Crystal Dynamics,USA
230,Tony Hawk`s Pro Skater HD,PS3,2014-02-24,9.99,9.99,0.00,Robomodo,USA
231,Twisted Metal (2012),PS3,2020-10-11,12.99,5.00,7.99,Eat Sleep Play,USA
232,UFC 2009 Undisputed,PS3,2020-10-11,2.00,2.00,0.00,Yuke`s,Japan
233,Velocity Ultra,PS3,2015-08-08,7.99,7.99,0.00,FuturLab,England
234,When Vikings Attack,PS3,2021-08-14,4.99,4.99,0.00,Clever Beans,England
235,XCOM Enemy Unknown,PS3,2013-06-24,39.98,25.98,14.00,Firaxis Games,USA
236,Yakuza: Dead Souls,PS3,2023-02-14,19.99,0.00,19.99,Ryu Ga Gotoku,Japan
237,Zombie Tycoon II: Brainhov`s Revenge,PS3,2018-09-02,6.19,6.19,0.00,Frima Studio,Canada
238,Crazy Market,PSVITA,2015-07-02,0.00,0.00,0.00,The Game Atelier,France
239,Deathmatch Village,PSVITA,2015-07-02,0.00,0.00,0.00,Bloober Team,Poland
240,Fat Princess: Piece of Cake,PSVITA,2015-02-01,0.00,0.00,0.00,One Loop Games,USA
241,Flame Over,PSVITA,2018-09-30,9.99,9.99,0.00,Laughing Jackal Ltd,England
242,Football Manager Classic 2014,PSVITA,2014-06-01,39.99,39.99,0.00,Sports Interactive,England
243,Get Off My Lawn!,PSVITA,2015-02-10,0.00,0.00,0.00,Digital Leisure Inc,Canada
244,Gunslugs,PSVITA,2017-04-07,2.49,2.49,0.00,Abstraction Games,Netherlands
245,Jet Set Radio,PSVITA,2018-09-30,7.99,7.99,0.00,SEGA,Japan
246,LEGO Batman 2: DC Super Heroes,PSVITA,2015-08-20,19.99,0.00,19.99,TT Games,England
247,ModNation Racers: Road Trip,PSVITA,2015-11-18,14.99,14.99,0.00,San Diego Studio,USA
248,No Heroes Allowed: No Puzzles Either!,PSVITA,2015-07-02,5.99,5.99,0.00,ACQUIRE Corp,Japan
249,Paint Park Plus,PSVITA,2015-07-02,0.00,0.00,0.00,Sony Interactive Entertainment,Japan
250,PlayStation VITA Pets,PSVITA,2015-08-02,24.99,9.99,15.00,Spiral House,England
251,Quell Memento,PSVITA,2017-04-15,3.59,3.59,0.00,Fallen Tree Games,England
252,Rocketbirds: Hardboiled Chicken,PSVITA,2015-11-28,7.99,7.99,0.00,Ratloop,USA
253,Silent Hill: Book of Memories,PSVITA,2016-10-22,14.99,6.99,8.00,WayForward Technologies Inc,USA
254,Skeleton Rider,PSVITA,2017-04-07,3.99,3.99,0.00,iSquared Games,England
255,Sly Cooper: Thieves in Time,PSVITA,2017-10-06,14.99,4.99,10.00,Sanzaru Games,USA
256,Spy Hunter (2012),PSVITA,2018-09-30,19.99,19.99,0.00,TT Games,England
257,Street Fighter X Tekken,PSVITA,2017-01-31,24.99,4.99,20.00,Sucker Punch Productions,USA
258,SunFlowers,PSVITA,2018-09-30,2.99,2.99,0.00,The Game Atelier,France
259,Surge Deluxe,PSVITA,2018-09-30,4.99,4.99,0.00,FuturLab,England
260,Table Football,PSVITA,2015-07-02,0.00,0.00,0.00,Sony Interactive Entertainment,Japan
261,Table Top Racing,PSVITA,2019-10-11,2.99,2.99,0.00,Playrise Digital Ltd,England
262,TxK,PSVITA,2015-12-25,6.99,6.99,0.00,Llamasoft,England
263,Uncharted: Golden Abyss,PSVITA,2015-08-02,24.99,6.99,18.00,Bend Studio,USA
264,Uncharted: Fight for Fortune,PSVITA,2015-08-30,4.99,4.99,0.00,Bend Studio,USA
265,Wanderjahr,PSVITA,2018-09-30,9.99,9.99,0.00,Workyrie Game Studio,Japan
266,Worms Revolution Extreme,PSVITA,2015-07-16,14.99,0.00,14.99,Team17,England
267,Yomawari: Night Alone,PSVITA,2017-04-15,19.99,9.99,10.00,Nippon Ichi Software,Japan
268,Zero Escape: Virtue`s Last Reward,PSVITA,2015-07-02,19.99,19.99,0.00,Spike Chunsoft,Japan
269,[Prototype],PS4,2017-08-22,24.99,7.99,17.00,Radical Entertainment,Canada
270,[Prototype 2],PS4,2017-08-22,24.99,7.99,17.00,Radical Entertainment,Canada
271,101 Ways To Die,PS4,2017-07-16,9.99,4.99,5.00,Four Door Lemon,England
272,60 Seconds! Reatomized,PS4,2022-12-20,9.99,0.00,9.99,Robot Gentleman,Poland
273,A Boy And His Blob,PS4,2017-08-03,9.99,3.99,6.00,WayForward Technologies Inc,USA
274,Absolute Drift: Zen Edition,PS4,2017-01-31,11.99,7.99,4.00,FlippFly,USA
275,Abzu,PS4,2021-08-24,19.99,0.00,19.99,Giant Squid Studios,USA
276,Action Henk,PS4,2023-05-02,14.99,1.49,13.50,RageSquid,Netherlands
277,Active Soccer 2 DX,PS4,2017-01-31,9.99,6.99,3.00,The Fox Software,Italy
278,Amnesia: Collection,PS4,2020-11-04,28.49,3.13,25.36,Frictional Games,Sweden
279,Amplitude,PS4,2017-01-19,19.99,9.99,10.00,Harmonix Music Systems,USA
280,Another World,PS4,2019-09-19,7.99,2.99,5.00,Delphine Software International,France
281,Ape Escape 2,PS4,2018-01-15,9.99,3.99,6.00,Team Asobi (Japan Studio),Japan
282,ARK: Survival Evolved,PS4,2022-03-01,29.99,0.00,29.99,Studio Wildcard,USA
283,Armello,PS4,2017-08-04,19.99,7.99,12.00,League of Geeks,Australia
284,Armikrog,PS4,2020-12-15,9.99,1.99,8.00,Pencil Test Studios,USA
285,Art Of Balance,PS4,2017-08-07,8.99,2.99,6.00,Shin`en Multimedia,Germany
286,Assault Android Cactus,PS4,2018-06-17,14.49,3.99,10.50,Witch Beam,Australia
287,Aven Colony,PS4,2020-03-13,29.99,14.99,15.00,Mothership Entertainment,USA
288,Back To The Future TTG,PS4,2017-06-01,12.98,12.98,0.00,Telltale Games,USA
289,Badland,PS4,2019-02-23,11.99,4.99,7.00,Frogmind Games,Finland
290,Batman Season 1 TTG,PS4,2016-11-26,19.99,19.99,0.00,Telltale Games,USA
291,Batman Season 2 TTG,PS4,2018-11-17,14.99,14.99,0.00,Telltale Games,USA
292,Batman: Arkham Asylum,PS4,2020-04-01,19.99,7.99,12.00,Rocksteady Studios,England
293,Batman: Arkham City,PS4,2020-04-01,19.99,7.99,12.00,Rocksteady Studios,England
294,Batman: Arkham Knight,PS4,2020-04-01,19.99,7.99,12.00,Rocksteady Studios,England
295,Battlefield 1: Revolution,PS4,2021-05-18,19.99,0.00,19.99,EA DICE,Sweden
296,Bear With Me,PS4,2020-02-06,14.99,7.49,7.50,Exordium Games,Croatia
297,Beat Cop,PS4,2021-08-23,14.99,1.49,13.50,Pixel Crow,Poland
298,Beyond Eyes,PS4,2017-07-23,12.99,3.99,9.00,Tiger & Squid,Netherlands
299,Beyond Two Souls,PS4,2021-08-04,19.99,5.99,14.00,Quantic Dream,France
300,BioShock 1 & 2: The Collection,PS4,2017-08-22,24.99,9.99,15.00,Blind Squirrel Games,USA
301,BioShock Infinite: The Collection,PS4,2017-08-22,24.99,9.99,15.00,Blind Squirrel Games,USA
302,BLACKSAD: Under the Skin,PS4,2022-05-27,39.99,7.99,32.00,Pendulo Studios,Spain
303,Blood Bowl 2,PS4,2019-12-25,19.99,7.49,12.50,Cyanide,France
304,Bloodborne,PS4,2019-06-07,34.99,18.24,16.75,FromSoftware,Japan
305,Borderlands: Game of the Year Edition,PS4,2019-04-03,29.99,29.99,0.00,Gearbox Software,USA
306,Borderlands: The Handsome Collection,PS4,2017-08-22,109.98,62.98,47.00,Gearbox Software,USA
307,Breaking Enigma,PS4,2023-05-24,10.99,0.54,10.45,Alphanu Game Studios,England
308,Bridge Constructor,PS4,2019-03-24,9.99,3.99,6.00,ClockStone Studios,Austria
309,Broforce,PS4,2017-01-15,14.99,4.99,10.00,Free Lives,South Africa
310,Broken Age,PS4,2017-08-03,14.99,6.99,8.00,Double Fine Productions,USA
311,Brothers: A Tale of Two Sons,PS4,2021-04-28,19.99,4.99,15.00,Starbreeze Studios,Sweden
312,Bud Spencer & Terence Hill - Slaps and Beans,PS4,2023-11-26,19.99,3.99,16.00,Trinity Team,Italy
313,Burnout Paradise: Remastered,PS4,2019-05-06,39.98,9.99,29.99,Criterion Games,England
314,Call of Duty: Black Ops III,PS4,2022-01-29,69.99,0.00,69.99,Treyarch,USA
315,Canis Canem Edit (Bully),PS4,2017-08-03,23.98,15.98,8.00,Rockstar Vancouver,Canada
316,Captain Tsubasa: Rise of New Champions,PS4,2021-12-09,59.99,19.79,40.20,Tamsoft,Japan
317,Castle Crashers: Remastered,PS4,2019-09-19,30.98,30.98,0.00,The Behemoth,USA
318,Castlevania Requiem: Symphony of the Night and Rondo of Blood,PS4,2015-10-02,29.98,8.99,20.99,Konami,Japan
319,Catherine: Full Body,PS4,2019-09-09,79.98,79.98,0.00,Atlus,Japan
320,Cel Damage HD,PS4,2017-05-20,13.98,7.98,6.00,Finish Line Games,Canada
321,Celeste,PS4,2018-08-23,19.99,11.99,8.00,Extremely OK Games,Canada
322,Child Of Light,PS4,2016-09-22,14.99,4.99,10.00,Ubisoft Montreal,Canada
323,Chime Sharp,PS4,2017-07-23,9.99,2.99,7.00,Chilled Mouse,England
324,Cities: Skylines,PS4,2019-08-22,139.98,84.98,55.00,Colossal Order,Finland
325,Claire,PS4,2017-04-07,16.99,4.99,12.00,Hailstorm Games,USA
326,ClusterTruck,PS4,2020-08-24,14.99,4.49,10.50,Landfall Games,Sweden
327,Code Vein,PS4,2023-03-07,69.99,0.00,69.99,Bandai Namco Studios,Japan
328,Color Slayer,PS4,2020-03-22,1.99,1.99,0.00,The Domaginarium,El Salvador
329,Concrete Genie,PS4,2020-03-13,29.99,23.99,6.00,Pixelopus,USA
330,Cosmophony,PS4,2017-08-03,4.99,1.99,3.00,Bento Studio,France
331,CounterSpy,PS4,2017-07-09,12.99,3.99,9.00,Dynamighty,USA
332,Crash Bandicoot: N Sane Trilogy (2017),PS4,2017-06-29,39.99,39.99,0.00,Vicarious Visions,USA
333,Crash Team Racing: Nitro Fueled (2019),PS4,2019-06-21,59.99,59.99,0.00,Beenox,Canada
334,Croixleur Sigma,PS4,2017-11-30,13.99,4.99,9.00,souvenir circ,Japan
335,Curse of the Dead Gods,PS4,2022-05-03,19.99,0.00,19.99,Passtech Games,France
336,Dangerous Golf,PS4,2019-02-23,7.99,2.99,5.00,Three Fields Entertainment,England
337,Danger Zone,PS4,2019-02-23,10.99,2.99,8.00,Three Fields Entertainment,England
338,Dangerous Driving,PS4,2021-08-23,29.99,7.49,22.50,Three Fields Entertainment,England
339,Dark Cloud,PS4,2016-09-06,14.99,8.99,6.00,Level-5,Japan
340,Dark Chronicle (Dark Cloud 2),PS4,2016-10-07,14.99,14.99,0.00,Level-5,Japan
341,Dark Souls Remastered,PS4,2019-12-25,39.99,14.79,25.20,FromSoftware,Japan
342,Dark Souls II: Scholar of the First Sin,PS4,2019-10-17,19.99,9.99,10.00,FromSoftware,Japan
343,Dark Souls III,PS4,2019-06-17,49.99,11.99,38.00,FromSoftware,Japan
344,Day Of The Tentacle Remastered,PS4,2017-03-17,14.99,4.74,10.25,LucasArts,USA
345,Days Gone,PS4,2021-05-18,69.99,0.00,69.99,Bend Studio,USA
346,de Blob,PS4,2023-11-26,19.99,3.99,16.00,Blue Tongue Entertainment,Australia
347,Dead End Job,PS4,2021-08-23,14.99,2.99,12.00,Ant Workshop,Scotland
348,Dead Island: Retro Revenge,PS4,2017-01-15,4.99,2.99,2.00,Empty Clip Studios,USA
349,Dead or Alive 5: Last Round,PS4,2017-05-04,59.98,33.98,26.00,Team Ninja,Japan
350,Dead Rising,PS4,2020-03-17,19.99,4.99,15.00,Capcom,Japan
351,Deadpool,PS4,2017-01-31,39.99,19.99,20.00,High Moon Studios,USA
352,Death Squared,PS4,2017-12-10,13.99,6.99,7.00,SMG Studio,Australia
353,DEEEER Simulator: Your Average Everyday Deer Game,PS4,2022-03-03,16.99,13.59,3.40,Gibier Games,Japan
354,Descenders,PS4,2023-05-02,21.99,0.00,21.99,RageSquid,Netherlands
355,Destroy All Humans! (2005),PS4,2017-04-07,19.99,7.99,12.00,Pandemic Studios,USA
356,Destroy All Humans! (2020),PS4,2020-08-28,39.99,31.99,8.00,Black Forest Games,Germany
357,Destroy All Humans! 2 (2006),PS4,2017-04-07,19.99,7.99,12.00,Pandemic Studios,USA
358,Detroit: Become Human,PS4,2021-05-18,29.99,0.00,29.99,Quantic Dream,France
359,Devil May Cry Trilogy HD Collection,PS4,2019-08-08,21.99,10.99,11.00,Capcom,Japan
360,Devil May Cry 4,PS4,2019-08-08,22.99,10.99,12.00,Capcom,Japan
361,Devil May Cry 5,PS4,2019-08-08,49.99,44.99,5.00,Capcom,Japan
362,Dex,PS4,2017-04-19,19.99,9.99,10.00,Dreadlocks Ltd,Czech Republic
363,Disney Classic Games: Aladdin & The Lion King,PS4,2019-12-25,34.99,34.99,0.00,Digital Eclipse,USA
364,Doki-Doki Universe,PS4,2017-07-09,7.49,1.99,5.50,HumaNature Studios,USA
365,Don`t Starve,PS4,2023-05-02,13.99,3.49,10.50,Klei Entertainment,Canada
366,Donut County,PS4,2020-01-26,12.99,6.49,6.50,Ben Esposito,USA
367,DOOM (1993),PS4,2022-05-27,4.99,2.49,2.50,id Software,USA
368,DOOM II,PS4,2022-05-27,4.99,2.49,2.50,id Software,USA
369,DOOM 64,PS4,2022-05-27,4.99,2.49,2.50,Midway Games,USA
370,Downwell,PS4,2017-01-31,4.99,1.99,3.00,Moppin,Japan
371,DreamBall,PS4,2019-12-25,5.99,5.99,0.00,Rampage Game Studio,Spain
372,Dreams,PS4,2020-03-17,39.99,29.99,10.00,Media Molecule,England
373,Duke Nukem 3D,PS4,2015-12-25,22.98,8.98,14.00,Gearbox Software,USA
374,Empire of Sin: Deluxe Edition,PS4,2023-02-10,49.99,12.49,37.50,Romero Games,Republic of Ireland
375,Enter The Gungeon,PS4,2017-01-19,14.99,7.49,7.50,Dodge Roll,USA
376,Entwined,PS4,2017-07-09,7.99,1.99,6.00,Pixelopus,USA
377,Escape Plan,PS4,2017-07-13,19.99,19.99,0.00,Fun Bits Interactive,USA
378,Everybody`s Golf (2017),PS4,2018-01-24,75.93,55.93,20.00,Clap Hanz,Japan
379,Exit the Gungeon,PS4,2021-08-18,9.99,6.99,3.00,Dodge Roll,USA
380,Fahrenheit (Indigo Prophecy),PS4,2022-05-27,13.49,5.39,8.10,Quantic Dream,France
381,Fallout 4,PS4,2019-07-22,19.99,12.99,7.00,Bethesda Game Studios,USA
382,Far Cry 3,PS4,2019-02-23,29.99,17.99,12.00,Ubisoft Montreal,Canada
383,Far Cry 4,PS4,2019-02-23,24.99,7.99,17.00,Ubisoft Montreal,Canada
384,Far Cry: Primal,PS4,2019-02-23,24.99,7.99,17.00,Ubisoft Montreal,Canada
385,Far Cry 5,PS4,2018-09-29,99.98,49.98,50.00,Ubisoft Montreal,Canada
386,Far Cry: New Dawn,PS4,2019-03-24,54.99,27.49,27.50,Ubisoft Montreal,Canada
387,Fat Princess Adventures,PS4,2016-10-07,19.99,9.99,10.00,Fun Bits Interactive,USA
388,Fez,PS4,2017-07-23,9.99,1.99,8.00,Polytron Corporation,Canada
389,FIFA 18,PS4,2017-09-29,69.99,69.99,0.00,EA Vancouver,Canada
390,FIFA 19,PS4,2018-11-26,69.99,39.89,30.10,EA Vancouver,Canada
391,FIFA 20,PS4,2020-04-01,69.99,27.99,42.00,EA Vancouver,Canada
392,Final Fantasy X/X-2 HD Remaster,PS4,2018-10-04,29.99,14.99,15.00,Square Enix,Japan
393,Final Fantasy XV: Royal Edition,PS4,2021-05-18,34.99,0.00,34.99,Square Enix,Japan
394,Five Dates,PS4,2022-03-20,11.66,5.83,5.83,Wales Interactive,Wales
395,Flashback,PS4,2022-05-27,19.99,0.99,19.00,Delphine Software International,France
396,Flockers,PS4,2017-03-17,24.99,4.99,20.00,Team17,England
397,flOw,PS4,2017-07-09,4.99,1.99,3.00,Thatgamecompany,USA
398,Flower,PS4,2017-07-09,7.99,1.99,6.00,Thatgamecompany,USA
399,forma.8,PS4,2020-04-21,9.99,2.99,7.00,MixedBag,Italy
400,Formula Retro Racing,PS4,2022-05-27,5.99,3.59,2.40,Repixel8,England
401,Futuridium,PS4,2020-04-16,9.99,2.99,7.00,MixedBag,Italy
402,Game Of Thrones TTG,PS4,2017-04-09,14.99,14.99,0.00,Telltale Games,USA
403,Generation Zero,PS4,2023-09-05,29.99,0.00,29.99,Systemic Reaction,Sweden
404,Geometry Wars 3: Dimensions Evolved,PS4,2017-06-01,14.99,3.99,11.00,Lucid Games,England
405,Ghost Blade HD,PS4,2017-08-04,8.99,3.99,5.00,Hucast Games,Germany
406,Ghost of Tsushima,PS4,2020-11-22,69.99,49.69,20.30,Sucker Punch Productions,USA
407,Ghostbusters,PS4,2018-06-24,29.99,7.99,22.00,FireForge Games,USA
408,Goat Simulator,PS4,2016-10-07,31.95,18.55,13.40,Coffee Stain Studios,Sweden
409,God of War III Remastered,PS4,2017-10-06,19.99,9.99,10.00,Santa Monica Studio,USA
410,God of War (2018),PS4,2021-05-18,19.99,0.00,19.99,Santa Monica Studio,USA
411,Godlike Burger,PS4,2023-05-02,19.99,7.99,12.00,Liquid Pug,Belarus
412,Going Under,PS4,2023-09-08,19.99,0.00,19.99,Aggro Crab,USA
413,Good Dog Bad Dog,PS4,2022-12-28,16.99,0.00,16.99,Play Em,USA
414,Granblue Fantasy: Versus,PS4,2022-09-07,19.99,0.00,19.99,Arc System Works,Japan
415,Grand Ages: Medieval,PS4,2020-04-01,39.99,3.99,36.00,Gaming Minds Studios,Germany
416,Grand Theft Auto III (2001),PS4,2016-09-06,10.99,5.99,5.00,Rockstar North,Scotland
417,Grand Theft Auto: Vice City (2002),PS4,2016-09-06,12.00,7.00,5.00,Rockstar North,Scotland
418,Grand Theft Auto: San Andreas (2004),PS4,2016-09-06,12.00,7.00,5.00,Rockstar North,Scotland
419,Grim Fandango Remastered,PS4,2017-02-12,14.99,3.99,11.00,LucasArts,USA
420,Harvest Moon: A Wonderful Life,PS4,2018-06-24,14.99,4.99,10.00,Marvelous Interactive,Japan
421,Hatoful Boyfriend,PS4,2017-05-20,9.99,2.99,7.00,Mediatonic,England
422,Heart&Slash,PS4,2017-07-09,19.99,3.99,16.00,aheartfulofgames,Spain
423,Heavy Rain,PS4,2020-10-11,22.99,8.99,14.00,Quantic Dream,France
424,Helldivers,PS4,2017-10-08,29.99,29.99,0.00,Arrowhead Game Studios,Sweden
425,Hitman 2,PS4,2021-09-22,69.99,0.00,69.99,IO Interactive,Denmark
426,Hohokum,PS4,2017-07-09,12.99,3.99,9.00,Honeyslug,England
427,Hollow Knight: Voidheart Edition,PS4,2020-11-03,14.49,0.00,14.49,Team Cherry,Australia
428,Holy Potatoes! A Weapon Shop?!,PS4,2023-11-26,14.99,1.49,13.50,Daylight Studios,Singapore
429,Holy Potatoes! We`re in Space?!,PS4,2023-11-26,14.99,1.49,13.50,Daylight Studios,Singapore
430,Holy Potatoes! What the Hell?!,PS4,2023-11-26,14.99,1.49,13.50,Daylight Studios,Singapore
431,Home,PS4,2016-10-23,4.99,1.99,3.00,Benjamin Rivers Inc,Canada
432,HoPiKo,PS4,2017-05-04,6.99,1.99,5.00,Laser Dog,England
433,Horizon Zero Dawn,PS4,2019-06-07,34.98,27.98,7.00,Guerrilla Games,Netherlands
434,Hotline Miami,PS4,2015-08-18,9.99,9.99,0.00,Dennaton Games,Sweden
435,Hotline Miami 2: Wrong Number,PS4,2017-01-15,14.99,3.59,11.40,Dennaton Games,Sweden
436,Hue,PS4,2017-03-17,14.99,4.99,10.00,Fiddlesticks,England
437,I am Bread,PS4,2022-03-20,12.99,2.59,10.40,Bossa Studios,England
438,inFamous Second Son,PS4,2016-11-26,14.99,6.99,8.00,Sucker Punch Productions,USA
439,inFamous First Light,PS4,2016-11-26,14.99,7.99,7.00,Sucker Punch Productions,USA
440,Injustice: Gods Among Us,PS4,2020-10-01,59.99,9.59,50.40,NetherRealm Studios,USA
441,Injustice 2,PS4,2022-10-05,19.99,0.00,19.99,NetherRealm Studios,USA
442,Iris and the Giant,PS4,2023-09-08,14.99,0.00,14.99,Louis Rigaud,France
443,Jak and Daxter: The Precursor Legacy,PS4,2012-11-27,26.98,26.98,0.00,Naughty Dog,USA
444,Jak II: Renegade,PS4,2012-11-27,24.97,24.97,0.00,Naughty Dog,USA
445,Jak 3,PS4,2012-11-27,26.98,26.98,0.00,Naughty Dog,USA
446,Jak X: Combat Racing,PS4,2017-12-09,9.99,9.99,0.00,Naughty Dog,USA
447,Jazzpunk: Director`s Cut,PS4,2017-08-04,17.99,4.99,13.00,Necrophone Games,Canada
448,Jetpack Joyride,PS4,2017-01-31,5.58,3.98,1.60,Halfbrick Studios,Australia
449,Journey,PS4,2017-07-09,14.99,14.99,0.00,thatgamecompany,USA
450,Just Die Already,PS4,2022-04-27,13.99,6.29,7.70,DoubleMoose Games,Sweden
451,Kandagawa Jet Girls,PS4,2022-03-03,39.99,14.79,25.20,Honey Parade Games,Japan
452,Katamari Damacy: Reroll,PS4,2018-09-30,49.98,40.98,9.00,Bandai Namco Studios,Japan
453,Keep Talking and Nobody Explodes,PS4,2022-03-03,14.99,7.49,7.50,Steel Crate Games,Canada
454,Kingdom Hearts HD 1.5 & 2.5 Remix,PS4,2019-11-17,36.99,12.10,24.89,Square Enix,Japan
455,Kingdom Hearts HD 2.8 Final Chapter Prologue,PS4,2019-11-17,36.99,12.10,24.89,Square Enix,Japan
456,Kingdom Hearts III,PS4,2019-11-17,35.99,12.09,23.90,Square Enix,Japan
457,Kingdoms of Amalur: Re-Reckoning,PS4,2021-11-02,39.99,0.00,39.99,Kaiko,Germany
458,Knack,PS4,2022-01-20,19.99,7.99,12.00,Team Asobi (Japan Studio),Japan
459,Knack 2,PS4,2022-01-20,39.99,13.99,26.00,Team Asobi (Japan Studio),Japan
460,LA Cops,PS4,2017-03-17,13.99,2.99,11.00,Modern Dream,England
461,LEGO City Undercover,PS4,2019-02-23,59.99,16.99,43.00,TT Games,England
462,LEGO Marvel Super-Heroes,PS4,2021-01-07,39.99,9.99,30.00,TT Games,England
463,LEGO Harry Potter Collection,PS4,2017-04-07,39.99,19.99,20.00,TT Games,England
464,LEGO DC Super-Villains,PS4,2021-12-09,59.99,0.00,59.99,TT Games,England
465,Leisure Suit Larry: Wet Dreams Don`t Dry,PS4,2022-03-20,39.99,7.99,32.00,CrazyBunch,Germany
466,Leisure Suit Larry: Wet Dreams Dry Twice,PS4,2022-03-20,39.99,11.99,28.00,CrazyBunch,Germany
467,Lichtspeer,PS4,2017-08-03,9.99,5.99,4.00,Lichthund,Poland
468,Life Is Strange,PS4,2016-11-26,16.99,5.99,11.00,Dontnod Entertainment,France
469,Like a Dragon (Yakuza 0),PS4,2021-10-05,19.99,8.99,11.00,Ryu Ga Gotoku,Japan
470,Like a Dragon Kiwami (Yakuza Kiwami),PS4,2021-10-05,19.99,7.99,12.00,Ryu Ga Gotoku,Japan
471,Like a Dragon Kiwami 2 (Yakuza Kiwami 2),PS4,2021-10-05,19.99,6.99,13.00,Ryu Ga Gotoku,Japan
472,Like a Dragon 3 (Yakuza 3 Remastered),PS4,2021-10-13,13.33,8.00,5.33,Ryu Ga Gotoku,Japan
473,Like a Dragon 4 (Yakuza 4 Remastered),PS4,2021-10-13,13.33,8.00,5.33,Ryu Ga Gotoku,Japan
474,Like a Dragon 5 (Yakuza 5 Remastered),PS4,2021-10-13,13.33,7.99,5.34,Ryu Ga Gotoku,Japan
475,Like a Dragon 6 (Yakuza 6: The Song of Life),PS4,2021-10-05,19.99,8.99,11.00,Ryu Ga Gotoku,Japan
476,Little Nightmares,PS4,2022-08-03,19.99,0.00,19.99,Tarsier Studios,Sweden
477,LittleBigPlanet 3,PS4,2017-10-06,19.99,9.99,10.00,Sumo Digital,England
478,LocoRoco,PS4,2017-07-29,14.99,14.99,0.00,Team Asobi (Japan Studio),Japan
479,Lovers In A Dangerous Spacetime,PS4,2017-05-20,14.99,4.99,10.00,Asteroid Base,Canada
480,LUMO,PS4,2017-01-19,17.99,9.99,8.00,Just Add Water Ltd,England
481,Mafia: Definitive Edition (2020),PS4,2020-12-11,39.99,29.99,10.00,Hangar 13,USA
482,Mafia III,PS4,2020-04-16,39.99,9.99,30.00,Hangar 13,USA
483,Manhunt,PS4,2017-08-03,13.99,5.99,8.00,Rockstar North,Scotland
484,Manual Samuel,PS4,2017-08-04,9.99,4.99,5.00,Perfectly Paranormal,Norway
485,Marvel`s Guardians Of The Galaxy TTG,PS4,2017-08-22,14.99,14.99,0.00,Telltale Games,USA
486,Marvel`s Spider-Man,PS4,2018-09-07,79.99,0.00,79.99,Insomniac Games,USA
487,Mass Effect: Legendary Edition,PS4,2021-11-21,69.99,44.79,25.20,Bioware,Canada
488,Max Payne,PS4,2017-08-03,13.99,5.99,8.00,Remedy Entertainment,Finland
489,MediEvil (2019),PS4,2019-10-25,29.99,29.99,0.00,Other Ocean Emeryville,USA
490,Mega Man Legacy Collection,PS4,2016-09-06,14.99,7.99,7.00,Digital Eclipse,USA
491,Mega Man Legacy Collection 2,PS4,2017-12-22,14.99,7.99,7.00,Capcom,Japan
492,Mega Man X Legacy Collection,PS4,2019-07-22,19.99,11.99,8.00,Capcom,Japan
493,Mega Man X Legacy Collection 2,PS4,2019-07-22,19.99,11.99,8.00,Capcom,Japan
494,Metal Gear Solid V: The Phantom Pain,PS4,2020-12-25,29.99,7.49,22.50,Kojima Productions,Japan
495,Metro Redux,PS4,2021-08-23,29.99,4.49,25.50,4A Games,Ukraine
496,Micro Machines World Series,PS4,2017-06-22,39.99,26.99,13.00,Codemasters,England
497,Minecraft Dungeons,PS4,2023-03-07,19.99,0.00,19.99,Mojang Studios,Sweden
498,Minutes,PS4,2017-04-07,4.49,3.49,1.00,Red Phantom Games,England
499,Monopoly Family Fun Pack,PS4,2016-09-22,29.99,19.99,10.00,Asobo Studio,France
500,Monster Hunter World: Iceborne,PS4,2021-05-18,19.99,0.00,19.99,Capcom,Japan
501,Monster Prom: XXL,PS4,2023-09-07,15.99,0.00,15.99,Beautiful Glitch,Spain
502,Mortal Kombat X,PS4,2021-05-18,19.99,0.00,19.99,NetherRealm Studios,USA
503,Mortal Shell,PS4,2021-12-09,29.99,0.00,29.99,Cold Symmetry,USA
504,Mother Russia Bleeds,PS4,2017-08-04,12.99,4.49,8.50,Le Cartel Studio,France
505,Need for Speed Heat,PS4,2022-09-07,69.99,0.00,69.99,EA Gothenburg,Sweden
506,Neon Chrome,PS4,2017-03-17,14.99,4.49,10.50,10tons,Finland
507,Neon Drive,PS4,2022-05-27,9.99,4.99,5.00,Fraoula,Slovenia
508,Ni No Kuni: Wrath of the White Witch,PS4,2023-09-13,49.99,0.00,49.99,Level-5,Japan
509,Ni No Kuni II: Revenant Kingdom,PS4,2023-09-08,69.99,0.00,69.99,Level-5,Japan
510,Night Book,PS4,2022-03-20,11.67,5.83,5.84,Wales Interactive,Wales
511,Ninja Senki DX,PS4,2017-04-07,5.99,1.99,4.00,Tribute Games,Canada
512,Nitroplus Blasterz: Heroines Infinite Duel,PS4,2017-01-19,19.99,14.99,5.00,Team Arcana,Japan
513,Octodad: Dadliest Catch,PS4,2015-09-06,13.99,7.00,6.99,Young Horses,USA
514,Oddworld: New n Tasty,PS4,2015-04-29,23.58,20.98,2.60,Just Add Water Ltd,England
515,Okami HD,PS4,2018-06-24,19.99,13.99,6.00,Clover Studio,Japan
516,OlliOlli: Epic Combo Edition,PS4,2017-02-25,24.99,9.99,15.00,Roll7,England
517,OlliOlli 2,PS4,2017-02-25,12.99,6.49,6.50,Roll7,England
518,One Piece Unlimited World Red,PS4,2017-12-31,79.98,18.98,61.00,Ganbarion,Japan
519,Onee Chanbara Origin,PS4,2022-12-28,49.99,22.49,27.50,Tamsoft,Japan
520,Outbreak: Epidemic,PS4,2021-05-19,14.99,8.24,6.75,Dead Drop Studios LLC,USA
521,Outlast,PS4,2020-08-28,18.99,3.79,15.20,Red Barrels,Canada
522,Oxenfree,PS4,2017-08-07,9.99,4.99,5.00,Night School Studio,USA
523,PAC-MAN 256,PS4,2016-10-07,4.99,4.99,0.00,Hipster Whale,Australia
524,PaRappa The Rapper Remastered,PS4,2017-07-11,14.99,14.99,0.00,Team Asobi (Japan Studio),Japan
525,PaRappa The Rapper 2,PS4,2016-09-06,9.99,5.99,4.00,NanaOn-Sha,Japan
526,Party Hard,PS4,2017-08-04,12.99,4.99,8.00,Pinokl Games,Ukraine
527,Party Hard 2,PS4,2023-02-08,19.99,4.99,15.00,Pinokl Games,Ukraine
528,Persona 5,PS4,2017-12-22,69.99,34.99,35.00,Atlus,Japan
529,Persona 5 Strikers,PS4,2022-01-04,59.99,0.00,59.99,Omega Force,Japan
530,PGA Tour 2K21,PS4,2021-10-05,59.99,0.00,59.99,HB Studios,Canada
531,Pic-A-Pix Color,PS4,2018-11-10,7.99,3.99,4.00,Lightwood Games,England
532,PixelJunk Shooter Ultimate,PS4,2017-03-17,11.99,2.99,9.00,Double Eleven,England
533,Plants vs Zombies: Battle for Neighborville,PS4,2020-05-13,39.99,24.99,15.00,PopCap Games,USA
534,Please Don`t Touch Anything,PS4,2021-08-23,9.99,4.99,5.00,Four Quarters,Russia
535,Poltergeist: A Pixelated Horror,PS4,2017-06-01,7.99,2.99,5.00,Glitchy Pixel,Colombia
536,Polybius,PS4,2018-02-24,16.99,4.99,12.00,Llamasoft,England
537,PONG Quest,PS4,2022-02-17,17.99,8.99,9.00,Chequered Ink Ltd,England
538,Postal Redux,PS4,2022-05-27,9.99,3.49,6.50,Running With Scissors,USA
539,Primal,PS4,2023-09-08,9.99,0.00,9.99,Guerrilla Cambridge,England
540,Psychonauts,PS4,2016-09-10,10.99,7.99,3.00,Double Fine Productions,USA
541,Psychonauts 2,PS4,2021-11-21,59.99,41.99,18.00,Double Fine Productions,USA
542,Pumped BMX+,PS4,2017-07-23,9.99,2.99,7.00,Yeah, Us!,England
543,Putty Squad,PS4,2018-11-29,24.99,6.99,18.00,System 3 Software,England
544,Quake,PS4,2022-05-27,9.99,4.99,5.00,id Software,USA
545,Quest Of Dungeons,PS4,2017-05-04,8.99,3.99,5.00,Upfall Studios,Portugal
546,Rally Copters,PS4,2018-07-14,10.99,10.99,0.00,Depth First Games,USA
547,Ratchet & Clank (2016),PS4,2017-12-22,39.99,16.49,23.50,Insomniac Games,USA
548,Rayman Legends,PS4,2015-09-06,39.98,26.99,12.99,Ubisoft Montpellier,France
549,Red Dead Revolver,PS4,2017-08-03,13.99,5.99,8.00,Rockstar San Diego,USA
550,Red Dead Redemption 2,PS4,2019-10-11,69.99,34.99,35.00,Rockstar San Diego,USA
551,Resident Evil: Code Veronica X,PS4,2023-10-25,14.99,0.99,14.00,Capcom,Japan
552,Resident Evil 0,PS4,2019-09-19,19.99,4.99,15.00,Capcom,Japan
553,Resident Evil (2002),PS4,2019-09-19,19.99,4.99,15.00,Capcom,Japan
554,Resident Evil 4 (2005),PS4,2019-09-19,19.99,7.99,12.00,Capcom,Japan
555,Resident Evil 5,PS4,2021-11-10,19.99,7.99,12.00,Capcom,Japan
556,Resident Evil Revelations,PS4,2019-06-22,19.99,7.49,12.50,Capcom,Japan
557,Resident Evil 6,PS4,2021-11-10,19.99,7.99,12.00,Capcom,Japan
558,Resident Evil Revelations 2,PS4,2019-06-22,19.99,7.49,12.50,Capcom,Japan
559,Resident Evil: Resistance,PS4,2021-09-30,0.00,0.00,0.00,Capcom,Japan
560,Resident Evil: Re:Verse,PS4,2021-10-20,0.00,0.00,0.00,Capcom,Japan
561,RESOGUN,PS4,2017-07-09,12.99,3.99,9.00,Housemarque,Finland
562,Retro City Rampage DX,PS4,2016-09-10,9.99,4.99,5.00,Vblank Entertainment,Canada
563,Riptide GP: Renegade,PS4,2017-08-04,9.99,3.99,6.00,Vector Unit,USA
564,Rise Of The Tomb Raider,PS4,2018-06-24,29.99,14.99,15.00,Crystal Dynamics,USA
565,Risk Of Rain,PS4,2017-08-03,8.99,3.99,5.00,Hopoo Games,USA
566,Road Redemption,PS4,2021-07-21,19.99,7.99,12.00,EQ-Games,USA
567,Rock Boshers DX: Director`s Cut,PS4,2017-04-07,5.49,5.49,0.00,Tikipod,England
568,Rocket League,PS4,2017-01-19,34.58,26.58,8.00,Psyonix,USA
569,Rocketbirds 2: Evolution,PS4,2016-09-06,12.99,12.99,0.00,Ratloop Asia,Singapore
570,Rogue Legacy,PS4,2017-01-15,12.99,4.99,8.00,Cellar Door Games,Canada
571,Rollercoaster Dreams,PS4,2016-12-20,20.99,9.99,11.00,Bimboosoft,Japan
572,Run Sausage Run!,PS4,2023-09-07,4.99,0.00,4.99,CrazyLabs,Israel
573,Saban`s Mighty Morphin Power Rangers: Mega Battle,PS4,2019-02-23,19.99,3.99,16.00,Bamtang Games,Peru
574,Saints Row IV: Re-Elected,PS4,2020-09-17,34.98,7.49,27.49,High Voltage Software,USA
575,Saints Row IV: Gat out of Hell,PS4,2020-09-17,19.99,7.99,12.00,High Voltage Software,USA
576,Sam and Max Season 1: Save The World TTG,PS4,2022-10-02,19.99,14.99,5.00,Telltale Games,USA
577,Sam and Max Season 2: Beyond Time and Space TTG,PS4,2022-10-02,19.99,14.99,5.00,Telltale Games,USA
578,Scott Pilgrim vs The World: The Game,PS4,2021-08-23,14.99,8.99,6.00,Ubisoft Montreal,Canada
579,Scribblenauts Mega Pack,PS4,2020-03-22,29.99,9.99,20.00,5th Cell,USA
580,Sekiro: Shadows Die Twice,PS4,2019-12-25,69.99,45.49,24.50,FromSoftware,Japan
581,Shadow of the Tomb Raider,PS4,2023-03-29,39.99,6.98,33.01,Eidos Montreal,Canada
582,Shovel Knight: Treasure Trove,PS4,2018-08-29,24.99,24.99,0.00,Yacht Club Games,USA
583,Shovel Knight: Pocket Dungeon,PS4,2022-12-20,19.99,14.99,5.00,Yacht Club Games,USA
584,ShredIt,PS4,2017-08-04,8.99,5.49,3.50,Extra Mile Studios,Scotland
585,Slain: Back from Hell,PS4,2017-06-01,14.99,4.99,10.00,Wolf Brew Games,USA
586,Slay the Spire,PS4,2022-04-05,24.99,0.00,24.99,Humble Bundle,USA
587,Sleeping Dogs: Definitive Edition,PS4,2019-07-06,29.99,4.49,25.50,United Front Games,Canada
588,Slender: The Arrival,PS4,2020-11-04,9.99,1.49,8.50,Blue Isle Studios,Canada
589,Sniper Elite V2 Remastered,PS4,2022-05-27,34.99,3.49,31.50,Rebellion Developments,England
590,Sonic Mania,PS4,2017-08-14,24.98,24.98,0.00,Christian Whitehead,Australia
591,SoulCalibur VI,PS4,2018-10-19,99.99,99.99,0.00,Bandai Namco Studios,Japan
592,Sound Shapes,PS4,2017-07-09,14.99,3.99,11.00,Queasy Games,Canada
593,South Park: The Stick of Truth,PS4,2017-12-12,0.00,0.00,0.00,Obsidian Entertainment,USA
594,South Park: The Fractured But Whole,PS4,2017-12-12,96.94,57.94,39.00,Ubisoft San Francisco,USA
595,Spelunky,PS4,2020-12-25,14.99,0.00,14.99,Mossmouth LLC,USA
596,SpongeBob SquarePants: Battle for Bikini Bottom - Rehydrated,PS4,2021-08-23,29.99,17.99,12.00,Purple Lamp Studios,Austria
597,Spy Chameleon,PS4,2017-04-07,4.99,1.99,3.00,Unfinished Pixel,Spain
598,Spyro Reignited Trilogy (2018),PS4,2018-11-13,39.99,39.99,0.00,Toys for Bob,USA
599,Star Wars Episode I: Pod Racer,PS4,2020-08-28,14.99,9.74,5.25,LucasArts,USA
600,Stardew Valley,PS4,2017-08-03,14.99,7.99,7.00,ConcernedApe,USA
601,Stealth Inc: A Clone In The Dark,PS4,2017-03-17,8.49,2.49,6.00,Curve Studios,England
602,Stealth Inc 2: A Game Of Clones,PS4,2017-03-17,8.49,2.49,6.00,Curve Studios,England
603,SteamWorld Dig,PS4,2017-01-15,8.99,1.99,7.00,Image & Form,Sweden
604,SteamWorld Heist,PS4,2017-01-19,14.99,9.99,5.00,Image & Form,Sweden
605,SteamWorld Dig 2,PS4,2022-01-06,19.99,4.99,15.00,Image & Form,Sweden
606,Stikbold! A Dodgeball Adventure,PS4,2020-05-13,9.99,4.49,5.50,Game Swing,Denmark
607,Stranded Deep,PS4,2021-05-19,19.99,0.00,19.99,Beam Team Games,Australia
608,Street Fighter 30th Anniversary Collection,PS4,2018-05-29,39.99,14.79,25.20,Capcom,Japan
609,Super Kickers League Ultimate,PS4,2021-07-07,19.99,5.99,14.00,Xaloc Studios,Spain
610,Super Meat Boy!,PS4,2017-02-25,15.99,5.59,10.40,Team Meat,USA
611,Super Monkey Ball: Banana Blitz HD,PS4,2021-06-30,39.99,19.99,20.00,New Entertainment R&D Dept,Japan
612,Super Stardust Ultra,PS4,2017-01-19,32.98,17.98,15.00,Housemarque,Finland
613,Superbeat: Xonic EX,PS4,2017-05-20,49.98,12.98,37.00,Nurijoy,Korea Republic
614,Supermarket Shriek,PS4,2021-08-23,19.99,11.99,8.00,Billy Goat Entertainment Ltd,Northern Ireland
615,Surgeon Simulator,PS4,2019-12-05,30.98,24.98,6.00,Bossa Studios,England
616,Switch Galaxy Ultra,PS4,2015-12-25,10.99,3.99,7.00,Atomicom,England
617,Syrup and the Ultimate Sweet,PS4,2020-03-04,4.99,4.99,0.00,NomNomNami,USA
618,Table Top Racing: World Tour,PS4,2019-10-11,12.98,12.98,0.00,Playrise Digital Ltd,England
619,Tales From The Borderlands,PS4,2015-04-01,29.98,29.98,0.00,Telltale Games,USA
620,Team Sonic Racing,PS4,2022-03-01,39.99,0.00,39.99,Sumo Digital,England
621,Tearaway Unfolded,PS4,2017-08-07,19.99,11.99,8.00,Media Molecule,England
622,Tekken 7,PS4,2018-11-06,74.98,29.98,45.00,Bandai Namco Studios,Japan
623,Tembo The Badass Elephant,PS4,2017-03-17,12.99,3.49,9.50,Game Freak,Japan
624,Tennis in the Face,PS4,2017-04-07,9.98,9.98,0.00,10tons,Finland
625,Tennis World Tour 2,PS4,2021-08-03,49.99,0.00,49.99,Big Ant Studios,Australia
626,Terraria,PS4,2015-11-22,33.98,15.49,18.49,Re-Logic,USA
627,Tethered,PS4,2016-12-06,28.49,28.49,0.00,Secret Sorcery,England
628,Tetris Ultimate,PS4,2016-09-22,39.99,5.99,34.00,SoMa Play,USA
629,That`s You!,PS4,2017-07-04,0.00,0.00,0.00,Wish Studios,England
630,The Amazing American Circus,PS4,2023-09-07,19.99,0.00,19.99,Juggler Games,Poland
631,The Binding of Isaac: Rebirth,PS4,2020-12-25,14.99,0.00,14.99,Nicalis,USA
632,The Bug Butcher,PS4,2017-05-04,9.99,4.99,5.00,Awfully Nice Studios,Austria
633,The Complex,PS4,2022-03-20,11.66,5.83,5.83,Wales Interactive,Wales
634,The Crew,PS4,2017-02-25,24.99,11.99,13.00,Ivory Tower,France
635,The Disney Afternoon Collection,PS4,2021-01-07,19.99,4.99,15.00,Digital Eclipse,USA
636,The Escapists,PS4,2017-01-19,17.99,6.99,11.00,Mouldy Toof Studios,England
637,The Evil Within,PS4,2017-12-04,19.99,5.99,14.00,Tango Gameworks,Japan
638,The Flame in the Flood,PS4,2020-05-13,14.99,4.49,10.50,The Molasses Flood,USA
639,The Last Guardian,PS4,2021-07-12,34.99,0.00,34.99,Team Asobi (Japan Studio),Japan
640,The Last Of Us Remastered,PS4,2017-12-26,39.99,39.99,0.00,Naughty Dog,USA
641,The Last Of Us: Left Behind Remastered,PS4,2016-09-11,9.99,4.99,5.00,Naughty Dog,USA
642,The Last of Us Part II,PS4,2020-09-09,69.99,0.00,69.99,Naughty Dog,USA
643,The Outer Worlds,PS4,2023-02-03,59.99,19.79,40.20,Obsidian Entertainment,USA
644,The Sims 4,PS4,2017-12-08,869.61,682.41,187.20,Maxis,USA
645,The Swapper,PS4,2017-05-20,14.99,3.99,11.00,Facepalm Games,Finland
646,The Unfinished Swan,PS4,2017-07-09,12.99,2.99,10.00,Giant Sparrow,USA
647,The Walking Dead Season 1 TTG,PS4,2015-12-25,14.99,5.99,9.00,Telltale Games,USA
648,The Walking Dead Season 2 TTG,PS4,2016-10-21,14.99,14.99,0.00,Telltale Games,USA
649,The Walking Dead Season 3 TTG,PS4,2018-10-04,29.99,29.99,0.00,Telltale Games,USA
650,The Walking Dead: The Final Season TTG,PS4,2019-12-25,23.99,23.99,0.00,Telltale Games,USA
651,The Warriors,PS4,2017-08-03,13.99,5.99,8.00,Rockstar Toronto,Canada
652,The Witness,PS4,2017-08-04,36.99,8.44,28.55,Thekla Inc,USA
653,The Wolf Among Us Season 1 TTG,PS4,2017-03-16,14.99,14.99,0.00,Telltale Games,USA
654,Think of the Children,PS4,2021-08-23,12.99,2.59,10.40,Jammed Up Studios,Australia
655,This Is The Police,PS4,2018-06-24,19.99,2.99,17.00,Weappy Studio,Belarus
656,Thomas Was Alone,PS4,2017-04-03,7.99,0.00,7.99,Mike Bithell,England
657,Tiny Tina`s Assault on Dragon Keep: A Wonderlands One-Shot Adventure,PS4,2022-02-01,9.99,0.00,9.99,Gearbox Software,USA
658,Titan Attacks!,PS4,2017-03-17,9.99,9.99,0.00,Puppy Games,England
659,ToeJam & Earl: Back In The Groove (2019),PS4,2019-03-01,18.89,18.89,0.00,HumaNature Studios,USA
660,Total Arcade Racing,PS4,2023-09-07,9.99,0.00,9.99,Pretty Fly Studios,Sweden
661,Touhou Double Focus,PS4,2019-07-22,19.99,4.99,15.00,Aqua Style,Japan
662,Trials Fusion: The Awesome MAX Edition,PS4,2020-03-22,39.99,9.99,30.00,RedLynx,France
663,Tribes of Midgard,PS4,2022-05-03,19.99,0.00,19.99,Norsfell Games,Canada
664,Tricky Towers,PS4,2017-01-19,14.99,5.99,9.00,WeirdBeard,Netherlands
665,Trine: Enchanted Edition,PS4,2017-08-04,9.99,2.99,7.00,Frozenbyte,Finland
666,Trine 2: Complete Story,PS4,2017-08-04,9.99,2.99,7.00,Frozenbyte,Finland
667,Trine 3: The Artifacts Of Power,PS4,2017-08-04,9.99,1.99,8.00,Frozenbyte,Finland
668,Tropico 5,PS4,2017-08-22,24.99,9.99,15.00,Haemimont Games,Bulgaria
669,Trover Saves The Universe,PS4,2021-09-07,29.99,0.00,29.99,Squanch Games,USA
670,Turnip Boy Commits Tax Evasion,PS4,2023-05-12,14.99,11.24,3.75,Snoozy Kazoo,USA
671,Twisted Metal: Black,PS4,2015-12-05,9.99,4.99,5.00,Incognito Entertainment,USA
672,Two Point Hospital,PS4,2020-06-24,56.98,37.58,19.40,Two Point Studios,England
673,Typoman,PS4,2017-05-04,9.99,6.99,3.00,Brainseed Factory,Germany
674,UFC 4,PS4,2022-02-01,69.99,0.00,69.99,EA Vancouver,Canada
675,Ultratron,PS4,2017-03-17,9.99,9.99,0.00,Puppy Games,England
676,Unbox: Newbie`s Adventure,PS4,2022-05-27,24.99,4.99,20.00,Prospect Games,England
677,Uncanny Valley,PS4,2021-08-23,14.49,3.62,10.87,Cowardly Creations,USA
678,Uncharted: Drake`s Fortune,PS4,2017-08-03,22.15,15.15,7.00,Naughty Dog,USA
679,Uncharted 2: Among Thieves,PS4,2017-08-03,22.15,15.15,7.00,Naughty Dog,USA
680,Uncharted 3: Drake`s Deception,PS4,2017-08-03,22.16,15.16,7.00,Naughty Dog,USA
681,Uncharted 4: A Thief`s End,PS4,2017-12-22,69.99,22.99,47.00,Naughty Dog,USA
682,Uncharted: The Lost Legacy,PS4,2018-10-04,19.99,17.99,2.00,Naughty Dog,USA
683,Undertale,PS4,2017-12-22,14.99,8.99,6.00,tobyfox,USA
684,UNO,PS4,2021-12-09,19.99,7.99,12.00,Ubisoft Chengdu,China
685,Unravel,PS4,2017-01-19,19.99,7.99,12.00,Coldwood Interactive,Sweden
686,Until Dawn,PS4,2018-10-04,34.99,34.99,0.00,Supermassive Games,England
687,Untitled Goose Game,PS4,2019-12-17,19.99,14.99,5.00,House House,Australia
688,Velocity 2X,PS4,2015-11-18,15.99,6.40,9.59,FuturLab,England
689,Viking Squad,PS4,2016-10-05,14.99,5.99,9.00,Slick Entertainment,Canada
690,Virtua Fighter 5: Ultimate Showdown,PS4,2021-07-01,29.99,0.00,29.99,SEGA,Japan
691,Volume,PS4,2017-08-03,17.99,4.99,13.00,Mike Bithell,England
692,Watch_Dogs,PS4,2020-02-06,19.99,7.99,12.00,Ubisoft Montreal,Canada
693,Watch_Dogs 2,PS4,2019-07-22,69.99,14.99,55.00,Ubisoft Montreal,Canada
694,while true: learn( ),PS4,2021-08-23,14.99,9.74,5.25,Luden.io,Russia
695,Wipeout Omega Collection,PS4,2018-12-29,44.98,9.99,34.99,XDev,England
696,Wolfenstein: The New Order,PS4,2023-05-12,19.99,3.50,16.49,MachineGames,Sweden
697,Wolfenstein: The Old Blood,PS4,2023-05-12,19.99,3.50,16.49,MachineGames,Sweden
698,Wolfenstein II: The New Colossus,PS4,2023-05-12,39.99,3.50,36.49,MachineGames,Sweden
699,Wolfenstein: Youngblood,PS4,2023-05-12,19.99,3.49,16.50,MachineGames,Sweden
700,Worms Battlegrounds,PS4,2017-08-22,17.49,8.99,8.50,Team17,England
701,Worms WMD,PS4,2017-08-22,17.49,8.99,8.50,Team17,England
702,WRC 6,PS4,2018-06-24,19.99,12.99,7.00,Kylotonn,France
703,WWE 2K Battlegrounds,PS4,2021-07-06,39.99,0.00,39.99,Saber Interactive,USA
704,XCOM 2,PS4,2020-08-20,49.99,12.49,37.50,Firaxis Games,USA
705,Xenoraid,PS4,2017-08-03,9.99,3.99,6.00,10tons,Finland
706,Yomawari: Midnight Shadows,PS4,2020-06-10,29.99,14.99,15.00,Nippon Ichi Software,Japan
707,Yooka-Laylee,PS4,2019-02-23,39.99,11.99,28.00,Playtonic Games,England
708,Yooka-Laylee and the Impossible Lair,PS4,2019-12-25,29.99,0.00,29.99,Playtonic Games,England
709,Yu-Gi-Oh! Legacy of the Duelist,PS4,2015-09-10,35.94,35.94,0.00,Other Ocean Interactive,Canada
710,Accounting Plus,PSVR,2021-08-25,11.99,4.79,7.20,Squanch Games,USA
711,Animal Force,PSVR,2020-03-22,14.99,4.99,10.00,ISVR,China
712,Apex Construct,PSVR,2019-01-07,19.99,14.99,5.00,Fast Travel Games,Sweden
713,Apocalypse Rider,PSVR,2020-03-13,5.99,5.99,0.00,VRMonkey,Brazil
714,Arizona Sunshine,PSVR,2021-11-16,44.99,11.24,33.75,Vertigo Games,Netherlands
715,ASTRO BOT Rescue Mission,PSVR,2019-01-12,39.99,4.79,7.20,Team Asobi (Japan Studio),Japan
716,Batman: Arkham VR,PSVR,2019-01-07,19.99,9.99,10.00,Rocksteady Studios,England
717,Beat Saber,PSVR,2019-01-10,29.99,29.99,0.00,Beat Games,Czech Republic
718,BoxVR,PSVR,2019-12-25,29.99,17.99,12.00,FitXR,USA
719,Budget Cuts,PSVR,2023-09-07,24.99,0.00,24.99,Neat Corporation,Sweden
720,Carnival Games VR,PSVR,2019-01-03,19.99,4.99,15.00,Cat Daddy Games,USA
721,Catch & Release,PSVR,2019-01-10,19.99,19.99,0.00,metricminds,Germany
722,CoolpaintrVR,PSVR,2019-01-07,19.99,6.99,13.00,Wildbit Studios,Spain
723,Creed: Rise To Glory,PSVR,2019-03-24,24.99,11.99,13.00,Survios,USA
724,Discovery,PSVR,2019-01-07,11.99,4.99,7.00,Noowanda,Germany
725,DOOM VFR,PSVR,2019-01-03,29.99,0.00,29.99,id Software,USA
726,Dream Match Tennis VR,PSVR,2019-01-10,14.99,14.99,0.00,Bimboosoft,Japan
727,DriveClub VR,PSVR,2019-01-10,19.99,19.99,0.00,Evolution Studios,England
728,Drunkn Bar Fight,PSVR,2019-04-09,17.99,7.99,10.00,The Munky,USA
729,Eagle Flight,PSVR,2019-01-01,39.99,12.99,27.00,Ubisoft Montreal,Canada
730,EVE: Valkyrie,PSVR,2019-01-07,29.99,10.99,19.00,CCP Games,Iceland
731,Everest VR,PSVR,2019-01-01,9.99,3.99,6.00,Solfar Studios,Iceland
732,Everybody`s Golf VR,PSVR,2020-03-22,29.99,14.99,15.00,Clap Hanz,Japan
733,Floor Plan,PSVR,2021-09-07,5.99,0.00,5.99,Turbo Button,USA
734,Fruit Ninja VR,PSVR,2019-01-10,16.99,16.99,0.00,Halfbrick Studios,Australia
735,Groundhog Day: Like Father Like Son,PSVR,2019-12-05,19.99,19.99,0.00,Tequila Works,Spain
736,Gun Club VR,PSVR,2019-09-09,24.99,12.49,12.50,The Binary Mill,Australia
737,Headmaster,PSVR,2019-01-01,28.98,14.98,14.00,Frame Interactive,USA
738,Homestar VR,PSVR,2019-01-03,16.99,7.99,9.00,Pocket Ohira Tech,Japan
739,Horror Bar VR,PSVR,2023-05-02,19.99,12.99,7.00,VR Factory,Poland
740,Hotel R n R,PSVR,2021-02-25,18.99,11.39,7.60,Wolf & Wood Interactive Ltd,England
741,Hustle Kings VR,PSVR,2019-01-03,19.99,9.99,10.00,VooFoo Studios,England
742,I Expect You To Die,PSVR,2019-01-03,24.99,12.49,12.50,Schell Games,USA
743,I Expect You to Die 2,PSVR,2021-12-25,24.99,0.00,24.99,Schell Games,USA
744,Job Simulator VR,PSVR,2019-01-10,19.99,19.99,0.00,Owlchemy Labs,USA
745,Kingdom Hearts: VR Experience,PSVR,2021-11-02,0.00,0.00,0.00,Square Enix,Japan
746,Knockout League,PSVR,2019-01-03,19.99,14.99,5.00,Grab Games,USA
747,Kona VR,PSVR,2019-12-05,19.99,3.99,16.00,Parabole,Canada
748,Lethal VR,PSVR,2019-12-05,19.99,7.99,12.00,Three Fields Entertainment,England
749,Marvel`s Iron Man VR,PSVR,2020-09-17,39.99,0.00,39.99,Camouflaj,USA
750,Mervils: A VR Adventure,PSVR,2019-01-01,15.99,4.99,11.00,VitruviusVR,Canada
751,Moss,PSVR,2019-01-03,29.99,17.99,12.00,Polyarc,USA
752,Penn & Teller VR,PSVR,2019-08-22,19.99,19.99,0.00,Gearbox Software,USA
753,Perfect VR,PSVR,2020-08-28,9.99,3.99,6.00,nDreams,England
754,PlayStation VR Worlds,PSVR,2018-12-29,29.99,0.00,29.99,London Studio,England
755,Psychonauts in the Rhombus Of Ruin VR,PSVR,2019-01-07,18.99,6.49,12.50,Double Fine Productions,USA
756,Rez Infinite VR,PSVR,2019-03-19,29.99,14.99,15.00,Enhance Games,USA
757,Rick & Morty: Virtual Rick-ality,PSVR,2019-01-10,29.99,29.99,0.00,Owlchemy Labs,USA
758,RIGS: Mechanized Combat League VR,PSVR,2019-01-01,19.99,9.99,10.00,Guerrilla Cambridge,England
759,Sam & Max: This Time It`s Virtual!,PSVR,2022-05-27,19.99,13.99,6.00,HappyGiant,USA
760,Shooty Fruity,PSVR,2019-01-03,19.99,11.99,8.00,nDreams,England
761,Skyrim VR,PSVR,2019-01-04,69.99,0.00,69.99,Bethesda Game Studios,USA
762,Sniper Elite VR,PSVR,2022-05-27,29.99,13.49,16.50,Just Add Water Ltd,England
763,Space Pirate Trainer VR,PSVR,2019-01-03,14.49,11.59,2.90,I-Illusions,Belgium
764,Sprint Vector,PSVR,2019-01-03,24.99,7.99,17.00,Survios,USA
765,Star Trek: Bridge Crew VR,PSVR,2019-01-07,24.99,19.99,5.00,Red Storm Entertainment,USA
766,Superhot VR,PSVR,2019-01-07,24.99,14.99,10.00,Superhot Team,Poland
767,Tetris Effect: Connected,PSVR,2019-01-10,39.99,39.99,0.00,Monstars,Japan
768,The American Dream,PSVR,2019-04-09,19.99,7.99,12.00,Samurai Punk,Australia
769,The Guy VR,PSVR,2021-12-25,9.99,6.99,3.00,Chubby Pixel,Italy
770,The Playroom VR,PSVR,2019-01-04,0.00,0.00,0.00,Team Asobi (Japan Studio),Japan
771,The Walking Dead: Saints and Sinners,PSVR,2021-11-02,39.99,0.00,39.99,Skydance Interactive,USA
772,Tiny Trax,PSVR,2019-01-10,15.99,15.99,0.00,FuturLab,England
773,Track Lab,PSVR,2019-12-05,19.99,8.99,11.00,Little Chicken,Netherlands
774,Trackmania Turbo,PSVR,2019-06-09,29.99,11.99,18.00,Nadeo,France
775,Traffic Jams,PSVR,2021-11-17,19.99,12.99,7.00,Little Chicken,Netherlands
776,Tumble VR,PSVR,2019-01-01,9.99,3.99,6.00,Supermassive Games,England
777,Ultrawings,PSVR,2020-03-22,21.99,6.99,15.00,Bit Planet Games,USA
778,Until Dawn: Rush Of Blood,PSVR,2019-01-03,19.99,9.99,10.00,Supermassive Games,England
779,Until You Fall,PSVR,2021-11-02,24.99,0.00,24.99,WayTooManyGames,USA
780,VR Karts,PSVR,2019-05-30,24.99,9.99,15.00,Viewpoint Games,England
781,VR Ping Pong,PSVR,2019-01-01,14.99,2.99,12.00,Reddoll Srl,Italy
782,VR The Diner Duo,PSVR,2019-01-01,14.99,5.99,9.00,Whirlybird Games,Sweden
783,Wanderer,PSVR,2022-04-27,39.99,19.99,20.00,Oddboy,New Zealand
784,You Are Being Followed,PSVR,2021-07-06,0.00,0.00,0.00,Uncommon Chocolate,Scotland
785,A Plague Tale: Innocence,PS5,2021-01-17,51.98,16.98,35.00,Asobo Studio,France
786,A Plague Tale: Requiem,PS5,2023-10-15,59.99,29.99,30.00,Asobo Studio,France
787,Alan Wake Remastered,PS5,2023-07-04,29.99,0.00,29.99,Remedy Entertainment,Finland
788,Aliens: Fireteam Elite,PS5,2023-11-07,29.99,0.00,29.99,Cold Iron Studios,USA
789,Apex Legends,PS5,2022-12-19,0.00,0.00,0.00,Respawn Entertainment,USA
790,Art of Rally,PS5,2022-03-03,20.99,13.64,7.35,Funselektor Labs Inc,Canada
791,Assassin`s Creed Valhalla: Ultimate Edition,PS5,2021-11-21,119.99,59.99,60.00,Ubisoft Montreal,Canada
792,Astro`s Playroom,PS5,2021-05-16,0.00,0.00,0.00,Team Asobi (Japan Studio),Japan
793,AWAY: The Survival Series,PS5,2021-09-28,29.99,0.00,29.99,Breaking Walls,Canada
794,Axiom Verge 2,PS5,2023-01-03,17.99,0.00,17.99,Thomas Happ Games,USA
795,Battlefield 2042,PS5,2023-03-07,79.99,0.00,79.99,EA DICE,Sweden
796,Biomutant,PS5,2022-09-09,59.99,29.99,30.00,Experiment 101,Sweden
797,BloodRayne: ReVamped,PS5,2022-03-20,19.99,13.99,6.00,Terminal Reality,USA
798,BloodRayne 2: ReVamped,PS5,2022-03-20,19.99,13.99,6.00,Terminal Reality,USA
799,Borderlands 3,PS5,2019-09-13,114.98,114.98,0.00,Gearbox Software,USA
800,Bugsnax,PS5,2021-05-27,21.99,16.49,5.50,Young Horses,USA
801,Call of Duty: Black Ops Cold War,PS5,2023-07-04,74.99,0.00,74.99,Treyarch,USA
802,Can`t Drive This,PS5,2022-06-08,24.99,16.24,8.75,Pixel Maniacs,Germany
803,Chicken Police: Paint It Red,PS5,2022-04-15,19.99,13.99,6.00,The Wild Gentlemen,Hungary
804,Chicory: A Colorful Tale,PS5,2022-07-03,19.99,13.99,6.00,Greg Lobanov,USA
805,Cloudpunk,PS5,2022-08-23,24.99,17.49,7.50,Ion Lands,Germany
806,Coffee Talk,PS5,2023-11-26,13.99,13.99,0.00,Toge Productions,Indonesia
807,Coffee Talk Episode 2: Hibiscus and Butterfly,PS5,2023-11-26,14.99,10.49,4.50,Toge Productions,Indonesia
808,Concept Destruction,PS5,2021-06-04,4.99,3.24,1.75,Thinice Games,Spain
809,Crash Bandicoot 4: It`s About Time,PS5,2020-10-01,69.99,0.00,69.99,Toys For Bob,USA
810,Cult of the Lamb,PS5,2022-10-30,29.99,23.99,6.00,Massive Monster,Australia
811,Cyberpunk 2077,PS5,2022-02-15,49.99,33.49,16.50,CD Projekt Red,Poland
812,Death`s Door,PS5,2023-08-02,19.99,0.00,19.99,Acid Nerve,England
813,Deep Rock Galactic,PS5,2022-01-04,29.99,0.00,29.99,Ghost Ship Games,Denmark
814,Destiny 2,PS5,2023-02-07,29.99,0.00,29.99,Bungie,USA
815,Destroy All Humans 2: Reprobed (2022),PS5,2022-09-07,39.99,0.00,39.99,Black Forest Games,Germany
816,DIRT 5,PS5,2022-01-04,69.99,0.00,69.99,Codemasters,England
817,Disney Dreamlight Valley,PS5,2022-11-18,29.99,23.99,6.00,Gameloft,France
818,Dungeon Munchies,PS5,2023-09-07,14.99,0.00,14.99,maJAJa,Taiwan
819,Endling: Extinction is Forever,PS5,2023-07-04,29.99,0.00,29.99,Herobeat Studios,Spain
820,Evil Inside,PS5,2021-06-04,12.99,9.09,3.90,JanduSoft SL,Spain
821,F1 2021,PS5,2021-09-07,69.99,0.00,69.99,Codemasters,England
822,F1 Manager,PS5,2022-12-27,54.99,0.00,54.99,Frontier Developments,England
823,Fall Guys: Ultimate Knockout,PS5,2022-12-19,19.99,0.00,19.99,Mediatonic,England
824,Far Cry 6: Gold Edition,PS5,2022-02-02,99.99,59.99,40.00,Ubisoft Toronto,Canada
825,Farming Simulator 22,PS5,2023-10-03,39.99,0.00,39.99,GIANTS Software,Switzerland
826,FIFA 21,PS5,2021-05-18,89.99,24.29,65.70,EA Vancouver,Canada
827,FIFA 22,PS5,2022-05-03,79.99,0.00,79.99,EA Vancouver,Canada
828,FIFA 23,PS5,2023-05-24,79.99,31.99,48.00,EA Vancouver,Canada
829,Final Fantasy VII (2021),PS5,2022-08-03,79.99,45.59,34.40,Square Enix,Japan
830,First Class Trouble,PS5,2021-11-02,19.99,0.00,19.99,Invisible Walls,Denmark
831,Fortnite,PS5,2022-01-13,0.00,0.00,0.00,Epic Games,USA
832,Genshin Impact,PS5,2021-05-18,0.00,0.00,69.99,miHoYo,China
833,Ghostrunner,PS5,2022-03-01,29.99,0.00,29.99,Slipgate Ironworks,Denmark
834,Ghostwire: Tokyo,PS5,2022-05-27,69.99,34.99,35.00,Tango Gameworks,Japan
835,Godfall,PS5,2021-12-09,14.99,0.00,14.99,Counterplay Games,USA
836,Grand Theft Auto V,PS5,2022-03-20,109.98,34.98,75.00,Rockstar North,Scotland
837,GRID Legends,PS5,2023-05-02,69.99,0.00,69.99,Codemasters,England
838,Grindstone,PS5,2023-09-08,19.99,0.00,19.99,Capybara Games,Canada
839,Heavenly Bodies,PS5,2022-11-02,20.99,0.00,20.99,2pt Interactive,Australia
840,Hell Let Loose,PS5,2021-10-05,39.99,0.00,39.99,Black Matter Games,Australia
841,Hogwarts Legacy,PS5,2023-02-07,84.99,0.00,84.99,Avalanche Software,USA
842,Horizon Forbidden West,PS5,2022-12-28,79.99,49.59,30.40,Guerrilla Games,Netherlands
843,Hot Wheels Unleashed,PS5,2022-10-05,49.99,0.00,49.99,Milestone,Italy
844,Human Fall Flat,PS5,2021-07-06,14.99,9.99,5.00,No Brakes Games,Lithuania
845,In Rays of the Light,PS5,2021-06-04,7.99,5.59,2.40,Sergey Noskov,Russia
846,Infliction: Extended Cut,PS5,2021-06-04,17.99,8.99,9.00,Caustic Reality,Australia
847,It Takes Two,PS5,2022-01-06,39.99,19.99,20.00,Hazelight Studios,Sweden
848,Judgment,PS5,2023-02-26,39.99,15.97,24.02,Ryu Ga Gotoku,Japan
849,Jurassic World Evolution 2,PS5,2023-06-06,59.99,0.00,59.99,Frontier Developments,England
850,Kena: Bridge of Spirits,PS5,2021-12-25,39.99,0.00,39.99,Ember Lab,USA
851,Kerbal Space Program: Enhanced Edition,PS5,2021-12-25,39.99,19.99,20.00,Squad,Mexico
852,Klonoa Phantasy Reverie Series (2022),PS5,2022-11-18,49.99,29.99,20.00,Bandai Namco Studios,Japan
853,Knockout City,PS5,2021-11-02,19.99,0.00,19.99,Velan Studios,USA
854,LEGO 2K Drive,PS5,2023-12-05,69.99,0.00,69.99,Visual Concepts,USA
855,Like a Dragon 7 (Yakuza 7),PS5,2021-06-09,89.99,53.99,36.00,Ryu Ga Gotoku,Japan
856,Like a Dragon: Ishin,PS5,2023-09-07,59.99,0.00,59.99,Ryu Ga Gotoku,Japan
857,Like a Dragon Gaiden: The Man Who Erased His Name,PS5,2023-12-25,54.99,0.00,54.99,Ryu Ga Gotoku,Japan
858,Lost Judgment: Ultimate Edition,PS5,2023-12-02,89.99,22.49,67.50,Ryu Ga Gotoku,Japan
859,Maneater,PS5,2021-05-27,39.99,19.99,20.00,Tripwire Interactive,USA
860,Maquette,PS5,2021-06-04,17.99,14.39,3.60,Graceful Decay,USA
861,Marvel`s Spider-Man: Miles Morales,PS5,2022-11-18,59.99,29.99,30.00,Insomniac Games,USA
862,Marvel`s Spider-Man 2: Digital Deluxe Edition,PS5,2023-10-20,89.99,0.00,89.99,Insomniac Games,USA
863,Meet Your Maker,PS5,2023-04-04,0.00,0.00,0.00,Behaviour Interactive,Canada
864,Metro Exodus,PS5,2021-07-28,39.99,9.99,30.00,4A Games,Ukraine
865,Music Racer: Ultimate,PS5,2023-09-07,6.99,0.00,6.99,Sometimes You,Russia
866,NBA 2K23,PS5,2023-06-06,39.99,0.00,39.99,Visual Concepts,USA
867,New Tales from the Borderlands,PS5,2023-05-12,39.99,19.99,20.00,Gearbox Quebec,Canada
868,Nickelodeon All Stars Brawl,PS5,2022-06-08,49.99,0.00,49.99,Ludosity,Sweden
869,Nioh 2,PS5,2022-11-02,59.99,0.00,59.99,Team Ninja,Japan
870,No Man`s Sky,PS5,2021-06-02,49.99,24.99,25.00,Hello Games,England
871,Nour: Play with your Food,PS5,2023-09-12,14.99,0.00,14.99,Terrifying Jellyfish,USA
872,Oddworld: Soulstorm (2021),PS5,2021-04-06,49.99,49.99,0.00,Oddworld Inhabitants,USA
873,OlliOlli World,PS5,2022-12-28,29.99,9.89,20.10,Roll7,England
874,One Escape,PS5,2021-05-19,4.99,3.49,1.50,BUG-Studio,Russia
875,Overcooked: All You Can Eat Edition,PS5,2022-11-04,128.44,94.85,33.59,Ghost Town Games,England
876,Ovivo,PS5,2021-06-04,6.99,2.79,4.20,IzHard,Russia
877,Planet Coaster,PS5,2022-02-01,44.99,0.00,44.99,Frontier Developments,England
878,Postal 4: No Regerts,PS5,2023-03-29,44.99,0.00,44.99,Running with Scissors,USA
879,Potion Permit,PS5,2022-12-26,24.99,0.00,24.99,MassHive Media,Indonesia
880,PowerWash Simulator,PS5,2023-12-05,24.99,0.00,24.99,FuturLab,England
881,Ratchet & Clank: Rift Apart,PS5,2021-12-25,79.99,0.00,79.99,Insomniac Games,USA
882,Resident Evil 2 (2019),PS5,2022-09-27,59.99,59.99,0.00,Capcom,Japan
883,Resident Evil 3 (2020),PS5,2022-09-27,59.99,19.79,40.20,Capcom,Japan
884,Resident Evil 4 (2023),PS5,2023-09-26,69.99,39.89,30.10,Capcom,Japan
885,Resident Evil VII: Biohazard,PS5,2022-09-27,49.98,26.98,23.00,Capcom,Japan
886,Resident Evil Village,PS5,2021-10-20,69.99,39.89,30.10,Capcom,Japan
887,Returnal,PS5,2022-11-18,79.99,39.99,40.00,Housemarque,Finland
888,Rogue Company,PS5,2021-05-19,0.00,0.00,0.00,First Watch Games,USA
889,Rustler,PS5,2022-05-27,29.99,14.99,15.00,Jutsu Games,Poland
890,Sable,PS5,2023-12-05,24.99,0.00,24.99,Shedworks,England
891,Sackboy: A Big Adventure,PS5,2022-11-18,69.99,29.39,40.60,Sumo Digital,England
892,Saints Row The Third: Remastered,PS5,2021-07-06,49.98,39.98,10.00,Deep Silver Volition,USA
893,Saints Row (2022),PS5,2023-09-05,69.99,0.00,69.99,Deep Silver Volition,USA
894,Shantae and The Pirate`s Curse,PS5,2022-10-30,19.99,19.99,0.00,WayForward Technologies Inc,USA
895,Shing!,PS5,2021-07-21,19.99,4.99,15.00,Mass Creation,Poland
896,Sir Lovelot,PS5,2021-06-04,9.99,6.99,3.00,pixel.lu,Luxembourg
897,Sonic Origins,PS5,2022-09-13,44.99,0.00,44.99,SEGA,Japan
898,Spacebase Startopia,PS5,2021-07-21,49.99,29.99,20.00,Realmforge Studios,Germany
899,Spirit of the North: Enhanced Edition,PS5,2021-05-27,24.99,12.49,12.50,Infuse Studio,USA
900,Star Wars Jedi: Fallen Order,PS5,2022-02-02,49.99,17.49,32.50,Respawn Entertainment,USA
901,Stray,PS5,2022-11-24,29.99,18.99,11.00,BlueTwelve Studio,France
902,Subnautica,PS5,2021-05-18,29.99,0.00,29.99,Unknown Worlds Entertainment,USA
903,Subnautica: Below Zero,PS5,2021-09-30,29.99,19.49,10.50,Unknown Worlds Entertainment,USA
904,Sumatra: Fate of Yandi,PS5,2021-05-19,5.99,4.19,1.80,Cloak and Dagger Games,England
905,Tails of Iron,PS5,2023-04-04,24.99,0.00,24.99,Odd Bug Studios,England
906,Tchia,PS5,2023-06-03,29.99,17.49,12.50,Awaceb,France
907,Terminator: Resistance Enhanced,PS5,2021-09-16,44.99,26.99,18.00,Teyon,Poland
908,The Callisto Protocol,PS5,2023-10-03,69.99,0.00,69.99,Striking Distance Studios,USA
909,The Darkside Detective,PS5,2021-07-21,12.99,9.74,3.25,Spooky Doorway,Republic of Ireland
910,The Darkside Detective: A Fumble in the Dark,PS5,2022-10-20,12.99,12.99,0.00,Spooky Doorway,Republic of Ireland
911,The Pedestrian,PS5,2021-06-02,15.99,10.39,5.60,Skookum Arts,USA
912,The Persistence,PS5,2022-01-29,29.99,0.00,29.99,Firesprite,England
913,The Sinking City,PS5,2021-07-21,64.99,45.49,19.50,Frogwares,Ukraine
914,The Stanley Parable: Ultra Deluxe,PS5,2022-08-03,21.99,14.73,7.26,Crows Crows Crows,Germany
915,The Witcher 3: Wild Hunt,PS5,2022-12-14,74.98,24.98,50.00,CD Projekt Red,Poland
916,Tiny Tina`s Wonderlands: Chaotic Great Edition,PS5,2023-02-03,89.99,44.99,45.00,Gearbox Software,USA
917,TOEM,PS5,2022-09-07,19.99,0.00,19.99,Something We Made,Sweden
918,Tony Hawk`s Pro Skater 1 + 2 (2021),PS5,2021-05-18,54.99,38.49,16.50,Vicarious Visions,USA
919,Trek to Yomi,PS5,2023-06-06,19.99,0.00,19.99,Flying Wild Hog,Poland
920,Tunic,PS5,2023-05-04,29.99,0.00,29.99,Isometricorp Games,Canada
921,Twin Robots: Ultimate Edition,PS5,2021-05-19,7.99,5.99,2.00,Thinice Games,Spain
922,Two Point Campus,PS5,2023-08-05,29.99,14.99,15.00,Two Point Studios,England
923,Warframe: The New War,PS5,2021-05-18,0.00,0.00,0.00,Digital Extremes,Canada
924,Watch_Dogs: Legion,PS5,2021-06-02,69.99,34.99,35.00,Ubisoft Toronto,Canada
925,Wonder Boy: The Dragon`s Trap,PS5,2023-09-08,19.99,0.00,19.99,Lizardcube,France
926,Weird West: Definitive Edition,PS5,2023-10-03,39.99,0.00,39.99,WolfEye Studios,France
927,Worms Rumble,PS5,2021-05-19,14.99,9.74,5.25,Team17,England
928,Wreckfest,PS5,2021-05-18,29.99,0.00,29.99,Bugbear Entertainment,Finland
