506,Neon Chrome,PS4,10tons,Finland
624,Tennis in the Face,PS4,10tons,Finland
705,Xenoraid,PS4,10tons,Finland
155,Mafia II,PS3,2K Czech,Czech Republic
839,Heavenly Bodies,PS5,2pt Interactive,Australia
120,Duke Nukem Forever,PS3,3D Realms,Denmark
495,Metro Redux,PS4,4A Games,Ukraine
864,Metro Exodus,PS5,4A Games,Ukraine
579,Scribblenauts Mega Pack,PS4,5th Cell,USA
36,Rally Cross,PS1,989 Studios,USA
244,Gunslugs,PSVITA,Abstraction Games,Netherlands
812,Death`s Door,PS5,Acid Nerve,England
248,No Heroes Allowed: No Puzzles Either!,PSVITA,ACQUIRE Corp,Japan
412,Going Under,PS4,Aggro Crab,USA
422,Heart&Slash,PS4,aheartfulofgames,Spain
181,Quantum Conundrum,PS3,Airtight Games,USA
307,Breaking Enigma,PS4,Alphanu Game Studios,England
156,Malicious,PS3,Alvion,Japan
347,Dead End Job,PS4,Ant Workshop,Scotland
661,Touhou Double Focus,PS4,Aqua Style,Japan
414,Granblue Fantasy: Versus,PS4,Arc System Works,Japan
117,Dishonored,PS3,Arkane Studios,France
424,Helldivers,PS4,Arrowhead Game Studios,Sweden
31,Monsters Inc Scare Island,PS1,Artificial Mind and Movement,Canada
168,Naughty Bear,PS3,Artificial Mind and Movement,Canada
499,Monopoly Family Fun Pack,PS4,Asobo Studio,France
785,A Plague Tale: Innocence,PS5,Asobo Studio,France
786,A Plague Tale: Requiem,PS5,Asobo Studio,France
479,Lovers In A Dangerous Spacetime,PS4,Asteroid Base,Canada
528,Persona 5,PS4,Atlus,Japan
319,Catherine: Full Body,PS4,Atlus,Japan
616,Switch Galaxy Ultra,PS4,Atomicom,England
841,Hogwarts Legacy,PS5,Avalanche Software,USA
906,Tchia,PS5,Awaceb,France
632,The Bug Butcher,PS4,Awfully Nice Studios,Austria
573,Saban`s Mighty Morphin Power Rangers: Mega Battle,PS4,Bamtang Games,Peru
591,SoulCalibur VI,PS4,Bandai Namco Studios,Japan
327,Code Vein,PS4,Bandai Namco Studios,Japan
452,Katamari Damacy: Reroll,PS4,Bandai Namco Studios,Japan
210,Tales of Graces f,PS3,Bandai Namco Studios,Japan
211,Tales of Xillia,PS3,Bandai Namco Studios,Japan
212,Tekken 5: Dark Resurrection,PS3,Bandai Namco Studios,Japan
213,Tekken Revolution,PS3,Bandai Namco Studios,Japan
27,Klonoa: Door to Phantomile (1997),PS1,Bandai Namco Studios,Japan
50,Tekken,PS1,Bandai Namco Studios,Japan
51,Tekken 2,PS1,Bandai Namco Studios,Japan
622,Tekken 7,PS4,Bandai Namco Studios,Japan
852,Klonoa Phantasy Reverie Series (2022),PS5,Bandai Namco Studios,Japan
607,Stranded Deep,PS4,Beam Team Games,Australia
717,Beat Saber,PSVR,Beat Games,Czech Republic
501,Monster Prom: XXL,PS4,Beautiful Glitch,Spain
333,Crash Team Racing: Nitro Fueled (2019),PS4,Beenox,Canada
214,The Amazing Spider-Man,PS3,Beenox,Canada
863,Meet Your Maker,PS5,Behaviour Interactive,Canada
366,Donut County,PS4,Ben Esposito,USA
345,Days Gone,PS4,Bend Studio,USA
263,Uncharted: Golden Abyss,PSVITA,Bend Studio,USA
264,Uncharted: Fight for Fortune,PSVITA,Bend Studio,USA
49,Syphon Filter,PS1,Bend Studio,USA
93,Resistance: Retribution,PSP,Bend Studio,USA
431,Home,PS4,Benjamin Rivers Inc,Canada
330,Cosmophony,PS4,Bento Studio,France
381,Fallout 4,PS4,Bethesda Game Studios,USA
761,Skyrim VR,PSVR,Bethesda Game Studios,USA
942,Fallout Shelter,PS4,Bethesda Game Studios,USA
625,Tennis World Tour 2,PS4,Big Ant Studios,Australia
614,Supermarket Shriek,PS4,Billy Goat Entertainment Ltd,Northern Ireland
726,Dream Match Tennis VR,PSVR,Bimboosoft,Japan
571,Rollercoaster Dreams,PS4,Bimboosoft,Japan
487,Mass Effect: Legendary Edition,PS4,Bioware,Canada
777,Ultrawings,PSVR,Bit Planet Games,USA
107,Blur,PS3,Bizarre Creations,England
356,Destroy All Humans! (2020),PS4,Black Forest Games,Germany
815,Destroy All Humans 2: Reprobed (2022),PS5,Black Forest Games,Germany
840,Hell Let Loose,PS5,Black Matter Games,Australia
300,BioShock 1 & 2: The Collection,PS4,Blind Squirrel Games,USA
301,BioShock Infinite: The Collection,PS4,Blind Squirrel Games,USA
239,Deathmatch Village,PSVITA,Bloober Team,Poland
588,Slender: The Arrival,PS4,Blue Isle Studios,Canada
346,de Blob,PS4,Blue Tongue Entertainment,Australia
901,Stray,PS5,BlueTwelve Studio,France
615,Surgeon Simulator,PS4,Bossa Studios,England
437,I am Bread,PS4,Bossa Studios,England
673,Typoman,PS4,Brainseed Factory,Germany
793,AWAY: The Survival Series,PS5,Breaking Walls,Canada
874,One Escape,PS5,BUG-Studio,Russia
928,Wreckfest,PS5,Bugbear Entertainment,Finland
814,Destiny 2,PS5,Bungie,USA
749,Marvel`s Iron Man VR,PSVR,Camouflaj,USA
882,Resident Evil 2 (2019),PS5,Capcom,Japan
883,Resident Evil 3 (2020),PS5,Capcom,Japan
884,Resident Evil 4 (2023),PS5,Capcom,Japan
885,Resident Evil VII: Biohazard,PS5,Capcom,Japan
886,Resident Evil Village,PS5,Capcom,Japan
608,Street Fighter 30th Anniversary Collection,PS4,Capcom,Japan
350,Dead Rising,PS4,Capcom,Japan
359,Devil May Cry Trilogy HD Collection,PS4,Capcom,Japan
360,Devil May Cry 4,PS4,Capcom,Japan
361,Devil May Cry 5,PS4,Capcom,Japan
551,Resident Evil: Code Veronica X,PS4,Capcom,Japan
552,Resident Evil 0,PS4,Capcom,Japan
553,Resident Evil (2002),PS4,Capcom,Japan
554,Resident Evil 4 (2005),PS4,Capcom,Japan
555,Resident Evil 5,PS4,Capcom,Japan
556,Resident Evil Revelations,PS4,Capcom,Japan
557,Resident Evil 6,PS4,Capcom,Japan
558,Resident Evil Revelations 2,PS4,Capcom,Japan
559,Resident Evil: Resistance,PS4,Capcom,Japan
560,Resident Evil: Re:Verse,PS4,Capcom,Japan
491,Mega Man Legacy Collection 2,PS4,Capcom,Japan
492,Mega Man X Legacy Collection,PS4,Capcom,Japan
493,Mega Man X Legacy Collection 2,PS4,Capcom,Japan
500,Monster Hunter World: Iceborne,PS4,Capcom,Japan
39,Resident Evil: Directors Cut (1997),PS1,Capcom,Japan
40,Resident Evil 2 (1998),PS1,Capcom,Japan
41,Resident Evil 3: Nemesis (1999),PS1,Capcom,Japan
113,Dead Rising 2,PS3,Capcom Vancouver,Canada
838,Grindstone,PS5,Capybara Games,Canada
720,Carnival Games VR,PSVR,Cat Daddy Games,USA
846,Infliction: Extended Cut,PS5,Caustic Reality,Australia
730,EVE: Valkyrie,PSVR,CCP Games,Iceland
811,Cyberpunk 2077,PS5,CD Projekt Red,Poland
915,The Witcher 3: Wild Hunt,PS5,CD Projekt Red,Poland
570,Rogue Legacy,PS4,Cellar Door Games,Canada
537,PONG Quest,PS4,Chequered Ink Ltd,England
323,Chime Sharp,PS4,Chilled Mouse,England
590,Sonic Mania,PS4,Christian Whitehead,Australia
769,The Guy VR,PSVR,Chubby Pixel,Italy
732,Everybody`s Golf VR,PSVR,Clap Hanz,Japan
378,Everybody`s Golf (2017),PS4,Clap Hanz,Japan
77,Everybody`s Golf 2,PSP,Clap Hanz,Japan
234,When Vikings Attack,PS3,Clever Beans,England
904,Sumatra: Fate of Yandi,PS5,Cloak and Dagger Games,England
308,Bridge Constructor,PS4,ClockStone Studios,Austria
515,Okami HD,PS4,Clover Studio,Japan
496,Micro Machines World Series,PS4,Codemasters,England
6,Colin McRae Rally,PS1,Codemasters,England
123,F1 Race Stars,PS3,Codemasters,England
935,F1 23,PS5,Codemasters,England
816,DIRT 5,PS5,Codemasters,England
821,F1 2021,PS5,Codemasters,England
837,GRID Legends,PS5,Codemasters,England
937,Goat Simulator 3,PS5,Coffee Stain Studios,Sweden
408,Goat Simulator,PS4,Coffee Stain Studios,Sweden
104,Beat Hazard Ultra,PS3,Cold Beam Games,England
788,Aliens: Fireteam Elite,PS5,Cold Iron Studios,USA
503,Mortal Shell,PS4,Cold Symmetry,USA
685,Unravel,PS4,Coldwood Interactive,Sweden
324,Cities: Skylines,PS4,Colossal Order,Finland
600,Stardew Valley,PS4,ConcernedApe,USA
53,Tomb Raider (1996),PS1,Core Design,England
54,Tomb Raider II,PS1,Core Design,England
55,Tomb Raider III,PS1,Core Design,England
56,Tomb Raider: Chronicles,PS1,Core Design,England
57,Tomb Raider: The Last Revelation,PS1,Core Design,England
835,Godfall,PS5,Counterplay Games,USA
677,Uncanny Valley,PS4,Cowardly Creations,USA
2,Beyblade: Let It Rip!,PS1,Crave,Japan
465,Leisure Suit Larry: Wet Dreams Don`t Dry,PS4,CrazyBunch,Germany
466,Leisure Suit Larry: Wet Dreams Dry Twice,PS4,CrazyBunch,Germany
572,Run Sausage Run!,PS4,CrazyLabs,Israel
313,Burnout Paradise: Remastered,PS4,Criterion Games,England
73,Burnout Legends,PSP,Criterion Games,England
171,Need for Speed: Most Wanted (2012),PS3,Criterion Games,England
914,The Stanley Parable: Ultra Deluxe,PS5,Crows Crows Crows,Germany
229,Tomb Raider (2013),PS3,Crystal Dynamics,USA
21,Gex,PS1,Crystal Dynamics,USA
22,Gex 3D: Enter the Gecko,PS1,Crystal Dynamics,USA
23,Gex: Deep Cover Gecko,PS1,Crystal Dynamics,USA
95,Tomb Raider: Legend,PSP,Crystal Dynamics,USA
96,Tomb Raider: Anniversary,PSP,Crystal Dynamics,USA
564,Rise Of The Tomb Raider,PS4,Crystal Dynamics,USA
125,Far Cry Classic,PS3,Crytek,Germany
601,Stealth Inc: A Clone In The Dark,PS4,Curve Studios,England
602,Stealth Inc 2: A Game Of Clones,PS4,Curve Studios,England
303,Blood Bowl 2,PS4,Cyanide,France
428,Holy Potatoes! A Weapon Shop?!,PS4,Daylight Studios,Singapore
429,Holy Potatoes! We`re in Space?!,PS4,Daylight Studios,Singapore
430,Holy Potatoes! What the Hell?!,PS4,Daylight Studios,Singapore
520,Outbreak: Epidemic,PS4,Dead Drop Studios LLC,USA
195,Saints Row 2,PS3,Deep Silver Volition,USA
892,Saints Row The Third: Remastered,PS5,Deep Silver Volition,USA
893,Saints Row (2022),PS5,Deep Silver Volition,USA
280,Another World,PS4,Delphine Software International,France
395,Flashback,PS4,Delphine Software International,France
434,Hotline Miami,PS4,Dennaton Games,Sweden
435,Hotline Miami 2: Wrong Number,PS4,Dennaton Games,Sweden
546,Rally Copters,PS4,Depth First Games,USA
490,Mega Man Legacy Collection,PS4,Digital Eclipse,USA
363,Disney Classic Games: Aladdin & The Lion King,PS4,Digital Eclipse,USA
635,The Disney Afternoon Collection,PS4,Digital Eclipse,USA
923,Warframe: The New War,PS5,Digital Extremes,Canada
218,The Darkness 2,PS3,Digital Extremes,Canada
243,Get Off My Lawn!,PSVITA,Digital Leisure Inc,Canada
375,Enter The Gungeon,PS4,Dodge Roll,USA
379,Exit the Gungeon,PS4,Dodge Roll,USA
468,Life Is Strange,PS4,Dontnod Entertainment,France
532,PixelJunk Shooter Ultimate,PS4,Double Eleven,England
540,Psychonauts,PS4,Double Fine Productions,USA
541,Psychonauts 2,PS4,Double Fine Productions,USA
310,Broken Age,PS4,Double Fine Productions,USA
215,The Cave,PS3,Double Fine Productions,USA
755,Psychonauts in the Rhombus Of Ruin VR,PSVR,Double Fine Productions,USA
450,Just Die Already,PS4,DoubleMoose Games,Sweden
362,Dex,PS4,Dreadlocks Ltd,Czech Republic
929,Nobody Saves The World,PS5,Drinkbox Studios,Canada
331,CounterSpy,PS4,Dynamighty,USA
200,Skate 2,PS3,EA Black Box,Canada
170,Need for Speed: The Run,PS3,EA Black Box,Canada
295,Battlefield 1: Revolution,PS4,EA DICE,Sweden
102,Battlefield 3,PS3,EA DICE,Sweden
795,Battlefield 2042,PS5,EA DICE,Sweden
505,Need for Speed Heat,PS4,EA Gothenburg,Sweden
100,Army of Two,PS3,EA Montreal,Canada
114,Dead Space (2008),PS3,EA Redwood Shores,USA
222,The Simpsons Game,PS3,EA Redwood Shores,USA
225,Tiger Woods PGA Tour 11,PS3,EA Tiburon,USA
128,FIFA Street (2012),PS3,EA Vancouver,Canada
129,Fight Night Champion,PS3,EA Vancouver,Canada
389,FIFA 18,PS4,EA Vancouver,Canada
390,FIFA 19,PS4,EA Vancouver,Canada
391,FIFA 20,PS4,EA Vancouver,Canada
826,FIFA 21,PS5,EA Vancouver,Canada
827,FIFA 22,PS5,EA Vancouver,Canada
828,FIFA 23,PS5,EA Vancouver,Canada
674,UFC 4,PS4,EA Vancouver,Canada
938,EA Sports FC 24,PS5,EA Vancouver,Canada
231,Twisted Metal (2012),PS3,Eat Sleep Play,USA
116,Deus Ex: Human Revolution,PS3,Eidos Montreal,Canada
581,Shadow of the Tomb Raider,PS4,Eidos Montreal,Canada
850,Kena: Bridge of Spirits,PS5,Ember Lab,USA
348,Dead Island: Retro Revenge,PS4,Empty Clip Studios,USA
756,Rez Infinite VR,PSVR,Enhance Games,USA
831,Fortnite,PS5,Epic Games,USA
566,Road Redemption,PS4,EQ-Games,USA
24,Hercules,PS1,Eurocom Entertainment Software,England
11,Crash Bash,PS1,Eurocom Entertainment Software,England
165,Motorstorm: Pacific Rift,PS3,Evolution Studios,England
166,Motorstorm Apocalypse,PS3,Evolution Studios,England
167,Motorstorm RC,PS3,Evolution Studios,England
727,DriveClub VR,PSVR,Evolution Studios,England
296,Bear With Me,PS4,Exordium Games,Croatia
796,Biomutant,PS5,Experiment 101,Sweden
584,ShredIt,PS4,Extra Mile Studios,Scotland
321,Celeste,PS4,Extremely OK Games,Canada
645,The Swapper,PS4,Facepalm Games,Finland
111,Crazy Machines Elements,PS3,FAKT Software,Germany
251,Quell Memento,PSVITA,Fallen Tree Games,England
712,Apex Construct,PSVR,Fast Travel Games,Sweden
436,Hue,PS4,Fiddlesticks,England
320,Cel Damage HD,PS4,Finish Line Games,Canada
235,XCOM Enemy Unknown,PS3,Firaxis Games,USA
704,XCOM 2,PS4,Firaxis Games,USA
407,Ghostbusters,PS4,FireForge Games,USA
912,The Persistence,PS5,Firesprite,England
888,Rogue Company,PS5,First Watch Games,USA
718,BoxVR,PSVR,FitXR,USA
274,Absolute Drift: Zen Edition,PS4,FlippFly,USA
919,Trek to Yomi,PS5,Flying Wild Hog,Poland
271,101 Ways To Die,PS4,Four Door Lemon,England
534,Please Don`t Touch Anything,PS4,Four Quarters,Russia
737,Headmaster,PSVR,Frame Interactive,USA
507,Neon Drive,PS4,Fraoula,Slovenia
309,Broforce,PS4,Free Lives,South Africa
278,Amnesia: Collection,PS4,Frictional Games,Sweden
237,Zombie Tycoon II: Brainhov`s Revenge,PS3,Frima Studio,Canada
289,Badland,PS4,Frogmind Games,Finland
913,The Sinking City,PS5,Frogwares,Ukraine
304,Bloodborne,PS4,FromSoftware,Japan
341,Dark Souls Remastered,PS4,FromSoftware,Japan
342,Dark Souls II: Scholar of the First Sin,PS4,FromSoftware,Japan
343,Dark Souls III,PS4,FromSoftware,Japan
580,Sekiro: Shadows Die Twice,PS4,FromSoftware,Japan
877,Planet Coaster,PS5,Frontier Developments,England
849,Jurassic World Evolution 2,PS5,Frontier Developments,England
822,F1 Manager,PS5,Frontier Developments,England
665,Trine: Enchanted Edition,PS4,Frozenbyte,Finland
666,Trine 2: Complete Story,PS4,Frozenbyte,Finland
667,Trine 3: The Artifacts Of Power,PS4,Frozenbyte,Finland
377,Escape Plan,PS4,Fun Bits Interactive,USA
387,Fat Princess Adventures,PS4,Fun Bits Interactive,USA
216,The Cube,PS3,Funbox Media,England
790,Art of Rally,PS5,Funselektor Labs Inc,Canada
772,Tiny Trax,PSVR,FuturLab,England
880,PowerWash Simulator,PS5,FuturLab,England
688,Velocity 2X,PS4,FuturLab,England
233,Velocity Ultra,PS3,FuturLab,England
259,Surge Deluxe,PSVITA,FuturLab,England
28,Kula World,PS1,Game Design Sweden AB,Sweden
623,Tembo The Badass Elephant,PS4,Game Freak,Japan
606,Stikbold! A Dodgeball Adventure,PS4,Game Swing,Denmark
817,Disney Dreamlight Valley,PS5,Gameloft,France
121,Earthworm Jim HD,PS3,Gameloft,France
415,Grand Ages: Medieval,PS4,Gaming Minds Studios,Germany
518,One Piece Unlimited World Red,PS4,Ganbarion,Japan
867,New Tales from the Borderlands,PS5,Gearbox Quebec,Canada
799,Borderlands 3,PS5,Gearbox Software,USA
752,Penn & Teller VR,PSVR,Gearbox Software,USA
657,Tiny Tina`s Assault on Dragon Keep: A Wonderlands One-Shot Adventure,PS4,Gearbox Software,USA
916,Tiny Tina`s Wonderlands: Chaotic Great Edition,PS5,Gearbox Software,USA
373,Duke Nukem 3D,PS4,Gearbox Software,USA
305,Borderlands: Game of the Year Edition,PS4,Gearbox Software,USA
306,Borderlands: The Handsome Collection,PS4,Gearbox Software,USA
813,Deep Rock Galactic,PS5,Ghost Ship Games,Denmark
875,Overcooked: All You Can Eat Edition,PS5,Ghost Town Games,England
646,The Unfinished Swan,PS4,Giant Sparrow,USA
275,Abzu,PS4,Giant Squid Studios,USA
825,Farming Simulator 22,PS5,GIANTS Software,Switzerland
353,DEEEER Simulator: Your Average Everyday Deer Game,PS4,Gibier Games,Japan
535,Poltergeist: A Pixelated Horror,PS4,Glitchy Pixel,Colombia
746,Knockout League,PSVR,Grab Games,USA
860,Maquette,PS5,Graceful Decay,USA
153,Lollipop Chainsaw,PS3,Grasshopper Manufacture,Japan
146,Killer is Dead,PS3,Grasshopper Manufacture,Japan
804,Chicory: A Colorful Tale,PS5,Greg Lobanov,USA
142,Jet Car Stunts,PS3,Grip Games,Czech Republic
29,Medievil (1998),PS1,Guerrilla Cambridge,England
539,Primal,PS4,Guerrilla Cambridge,England
758,RIGS: Mechanized Combat League VR,PSVR,Guerrilla Cambridge,England
842,Horizon Forbidden West,PS5,Guerrilla Games,Netherlands
433,Horizon Zero Dawn,PS4,Guerrilla Games,Netherlands
147,Killzone,PS3,Guerrilla Games,Netherlands
668,Tropico 5,PS4,Haemimont Games,Bulgaria
325,Claire,PS4,Hailstorm Games,USA
448,Jetpack Joyride,PS4,Halfbrick Studios,Australia
734,Fruit Ninja VR,PSVR,Halfbrick Studios,Australia
481,Mafia: Definitive Edition (2020),PS4,Hangar 13,USA
482,Mafia III,PS4,Hangar 13,USA
759,Sam & Max: This Time It`s Virtual!,PSVR,HappyGiant,USA
279,Amplitude,PS4,Harmonix Music Systems,USA
847,It Takes Two,PS5,Hazelight Studios,Sweden
530,PGA Tour 2K21,PS4,HB Studios,Canada
124,Family Guy: Back to the Multiverse,PS3,Heavy Iron Studios,USA
143,Joe Danger 2: The Movie,PS3,Hello Games,England
870,No Man`s Sky,PS5,Hello Games,England
819,Endling: Extinction is Forever,PS5,Herobeat Studios,Spain
86,Jak and Daxter: The Lost Frontier,PSP,High Impact Games,USA
92,Ratchet & Clank: Size Matters,PSP,High Impact Games,USA
351,Deadpool,PS4,High Moon Studios,USA
574,Saints Row IV: Re-Elected,PS4,High Voltage Software,USA
575,Saints Row IV: Gat out of Hell,PS4,High Voltage Software,USA
523,PAC-MAN 256,PS4,Hipster Whale,Australia
451,Kandagawa Jet Girls,PS4,Honey Parade Games,Japan
426,Hohokum,PS4,Honeyslug,England
565,Risk Of Rain,PS4,Hopoo Games,USA
115,DeathSpank: The Baconing,PS3,Hothead Games,Canada
687,Untitled Goose Game,PS4,House House,Australia
612,Super Stardust Ultra,PS4,Housemarque,Finland
887,Returnal,PS5,Housemarque,Finland
561,RESOGUN,PS4,Housemarque,Finland
405,Ghost Blade HD,PS4,Hucast Games,Germany
364,Doki-Doki Universe,PS4,HumaNature Studios,USA
659,ToeJam & Earl: Back In The Groove (2019),PS4,HumaNature Studios,USA
586,Slay the Spire,PS4,Humble Bundle,USA
763,Space Pirate Trainer VR,PSVR,I-Illusions,Belgium
725,DOOM VFR,PSVR,id Software,USA
544,Quake,PS4,id Software,USA
367,DOOM (1993),PS4,id Software,USA
368,DOOM II,PS4,id Software,USA
603,SteamWorld Dig,PS4,Image & Form,Sweden
604,SteamWorld Heist,PS4,Image & Form,Sweden
605,SteamWorld Dig 2,PS4,Image & Form,Sweden
671,Twisted Metal: Black,PS4,Incognito Entertainment,USA
110,Call of Duty: Modern Warfare 2 (2009),PS3,Infinity Ward,USA
42,Sheep Dog n Wolf,PS1,Infogrames Lyon House,France
25,Hogs of War,PS1,Infogrames Sheffield,England
899,Spirit of the North: Enhanced Edition,PS5,Infuse Studio,USA
881,Ratchet & Clank: Rift Apart,PS5,Insomniac Games,USA
861,Marvel`s Spider-Man: Miles Morales,PS5,Insomniac Games,USA
862,Marvel`s Spider-Man 2: Digital Deluxe Edition,PS5,Insomniac Games,USA
44,Spyro the Dragon (1998),PS1,Insomniac Games,USA
45,Spyro 2: Gateway to Glimmer (1999),PS1,Insomniac Games,USA
46,Spyro 3: Year of the Dragon (2000),PS1,Insomniac Games,USA
194,Resistance: Fall of Man,PS3,Insomniac Games,USA
182,Ratchet & Clank (2002),PS3,Insomniac Games,USA
183,Ratchet & Clank 2,PS3,Insomniac Games,USA
184,Ratchet & Clank 3,PS3,Insomniac Games,USA
185,Ratchet: Gladiator,PS3,Insomniac Games,USA
186,Ratchet & Clank Future: Tools of Destruction,PS3,Insomniac Games,USA
187,Ratchet & Clank Future: Quest for Booty,PS3,Insomniac Games,USA
188,Ratchet & Clank Future: A Crack in Time,PS3,Insomniac Games,USA
189,Ratchet & Clank: QForce,PS3,Insomniac Games,USA
190,Ratchet & Clank: Nexus,PS3,Insomniac Games,USA
547,Ratchet & Clank (2016),PS4,Insomniac Games,USA
486,Marvel`s Spider-Man,PS4,Insomniac Games,USA
830,First Class Trouble,PS5,Invisible Walls,Denmark
425,Hitman 2,PS4,IO Interactive,Denmark
144,Kane and Lynch: Dead Men,PS3,IO Interactive,Denmark
145,Kane and Lynch 2: Dog Days,PS3,IO Interactive,Denmark
137,Hitman: Absolution,PS3,IO Interactive,Denmark
805,Cloudpunk,PS5,Ion Lands,Germany
67,Deus Ex (2002),PS2,Ion Storm,USA
920,Tunic,PS5,Isometricorp Games,Canada
254,Skeleton Rider,PSVITA,iSquared Games,England
711,Animal Force,PSVR,ISVR,China
634,The Crew,PS4,Ivory Tower,France
876,Ovivo,PS5,IzHard,Russia
654,Think of the Children,PS4,Jammed Up Studios,Australia
820,Evil Inside,PS5,JanduSoft SL,Spain
226,ToeJam and Earl (1991),PS3,Johnson Voorsanger Productions,USA
227,ToeJam and Earl: Panic on Funkotron,PS3,Johnson Voorsanger Productions,USA
630,The Amazing American Circus,PS4,Juggler Games,Poland
762,Sniper Elite VR,PSVR,Just Add Water Ltd,England
85,Gravity Crash,PSP,Just Add Water Ltd,England
480,LUMO,PS4,Just Add Water Ltd,England
514,Oddworld: New n Tasty,PS4,Just Add Water Ltd,England
889,Rustler,PS5,Jutsu Games,Poland
457,Kingdoms of Amalur: Re-Reckoning,PS4,Kaiko,Germany
365,Don`t Starve,PS4,Klei Entertainment,Canada
494,Metal Gear Solid V: The Phantom Pain,PS4,Kojima Productions,Japan
30,Metal Gear Solid,PS1,Kojima Productions,Japan
158,Metal Gear Solid 2: Sons of Liberty,PS3,Kojima Productions,Japan
159,Metal Gear Solid 3: Snake Eater,PS3,Kojima Productions,Japan
160,Metal Gear Solid 4: Guns of the Patriots,PS3,Kojima Productions,Japan
161,Metal Gear Solid: Peace Walker,PS3,Kojima Productions,Japan
180,Pro Evolution Soccer 2010,PS3,Konami,Japan
198,Silent Hill HD Collection,PS3,Konami,Japan
221,The Simpsons Arcade Game,PS3,Konami,Japan
43,Silent Hill,PS1,Konami,Japan
3,Bishi Bashi Special,PS1,Konami,Japan
47,Suikoden,PS1,Konami,Japan
48,Suikoden II,PS1,Konami,Japan
318,Castlevania Requiem: Symphony of the Night and Rondo of Blood,PS4,Konami,Japan
52,Theme Hospital,PS1,Krisalis Software,England
14,Fear Effect,PS1,Kronos Digital Entertainment,USA
15,Fear Effect 2: Retro Helix,PS1,Kronos Digital Entertainment,USA
132,Girl Fight,PS3,Kung Fu Factory,USA
702,WRC 6,PS4,Kylotonn,France
326,ClusterTruck,PS4,Landfall Games,Sweden
432,HoPiKo,PS4,Laser Dog,England
241,Flame Over,PSVITA,Laughing Jackal Ltd,England
504,Mother Russia Bleeds,PS4,Le Cartel Studio,France
283,Armello,PS4,League of Geeks,Australia
508,Ni No Kuni: Wrath of the White Witch,PS4,Level-5,Japan
509,Ni No Kuni II: Revenant Kingdom,PS4,Level-5,Japan
339,Dark Cloud,PS4,Level-5,Japan
340,Dark Chronicle (Dark Cloud 2),PS4,Level-5,Japan
467,Lichtspeer,PS4,Lichthund,Poland
531,Pic-A-Pix Color,PS4,Lightwood Games,England
411,Godlike Burger,PS4,Liquid Pug,Belarus
773,Track Lab,PSVR,Little Chicken,Netherlands
775,Traffic Jams,PSVR,Little Chicken,Netherlands
925,Wonder Boy: The Dragon`s Trap,PS5,Lizardcube,France
536,Polybius,PS4,Llamasoft,England
262,TxK,PSVITA,Llamasoft,England
754,PlayStation VR Worlds,PSVR,London Studio,England
442,Iris and the Giant,PS4,Louis Rigaud,France
419,Grim Fandango Remastered,PS4,LucasArts,USA
344,Day Of The Tentacle Remastered,PS4,LucasArts,USA
599,Star Wars Episode I: Pod Racer,PS4,LucasArts,USA
220,The Secret of Monkey Island: Special Edition,PS3,LucasArts,USA
404,Geometry Wars 3: Dimensions Evolved,PS4,Lucid Games,England
694,while true: learn( ),PS4,Luden.io,Russia
868,Nickelodeon All Stars Brawl,PS5,Ludosity,Sweden
696,Wolfenstein: The New Order,PS4,MachineGames,Sweden
697,Wolfenstein: The Old Blood,PS4,MachineGames,Sweden
698,Wolfenstein II: The New Colossus,PS4,MachineGames,Sweden
699,Wolfenstein: Youngblood,PS4,MachineGames,Sweden
818,Dungeon Munchies,PS5,maJAJa,Taiwan
420,Harvest Moon: A Wonderful Life,PS4,Marvelous Interactive,Japan
5,Cho Aniki,PS1,Masaya,Japan
895,Shing!,PS5,Mass Creation,Poland
879,Potion Permit,PS5,MassHive Media,Indonesia
810,Cult of the Lamb,PS5,Massive Monster,Australia
644,The Sims 4,PS4,Maxis,USA
70,The Sims,PS2,Maxis,USA
71,The Sims 2,PS2,Maxis,USA
223,The Sims 3,PS3,Maxis,USA
224,The Sims 3: Pets,PS3,Maxis,USA
150,LittleBigPlanet,PS3,Media Molecule,England
151,LittleBigPlanet 2,PS3,Media Molecule,England
372,Dreams,PS4,Media Molecule,England
621,Tearaway Unfolded,PS4,Media Molecule,England
823,Fall Guys: Ultimate Knockout,PS5,Mediatonic,England
421,Hatoful Boyfriend,PS4,Mediatonic,England
721,Catch & Release,PSVR,metricminds,Germany
369,DOOM 64,PS4,Midway Games,USA
130,Final Exam,PS3,Mighty Rocket Studio,France
832,Genshin Impact,PS5,miHoYo,China
691,Volume,PS4,Mike Bithell,England
656,Thomas Was Alone,PS4,Mike Bithell,England
843,Hot Wheels Unleashed,PS5,Milestone,Italy
399,forma.8,PS4,MixedBag,Italy
401,Futuridium,PS4,MixedBag,Italy
460,LA Cops,PS4,Modern Dream,England
497,Minecraft Dungeons,PS4,Mojang Studios,Sweden
943,Minecraft,PS4,Mojang Studios,Sweden
940,Minecraft Legends,PS5,Mojang Studios,Sweden
122,F.E.A.R,PS3,Monolith Productions,USA
767,Tetris Effect: Connected,PSVR,Monstars,Japan
370,Downwell,PS4,Moppin,Japan
595,Spelunky,PS4,Mossmouth LLC,USA
287,Aven Colony,PS4,Mothership Entertainment,USA
636,The Escapists,PS4,Mouldy Toof Studios,England
939,The Survivalists: Deluxe Edition,PS4,Mouldy Toof Studios,England
774,Trackmania Turbo,PSVR,Nadeo,France
63,UmJammer Lammy,PS1,NanaOn-Sha,Japan
64,Vib-Ribbon,PS1,NanaOn-Sha,Japan
525,PaRappa The Rapper 2,PS4,NanaOn-Sha,Japan
443,Jak and Daxter: The Precursor Legacy,PS4,Naughty Dog,USA
444,Jak II: Renegade,PS4,Naughty Dog,USA
445,Jak 3,PS4,Naughty Dog,USA
446,Jak X: Combat Racing,PS4,Naughty Dog,USA
7,Crash Bandicoot (1996),PS1,Naughty Dog,USA
8,Crash Bandicoot 2 (1997),PS1,Naughty Dog,USA
9,Crash Bandicoot 3 (1998),PS1,Naughty Dog,USA
10,Crash Team Racing (1999),PS1,Naughty Dog,USA
640,The Last Of Us Remastered,PS4,Naughty Dog,USA
641,The Last Of Us: Left Behind Remastered,PS4,Naughty Dog,USA
642,The Last of Us Part II,PS4,Naughty Dog,USA
678,Uncharted: Drake`s Fortune,PS4,Naughty Dog,USA
679,Uncharted 2: Among Thieves,PS4,Naughty Dog,USA
680,Uncharted 3: Drake`s Deception,PS4,Naughty Dog,USA
681,Uncharted 4: A Thief`s End,PS4,Naughty Dog,USA
682,Uncharted: The Lost Legacy,PS4,Naughty Dog,USA
760,Shooty Fruity,PSVR,nDreams,England
753,Perfect VR,PSVR,nDreams,England
719,Budget Cuts,PSVR,Neat Corporation,Sweden
447,Jazzpunk: Director`s Cut,PS4,Necrophone Games,Canada
440,Injustice: Gods Among Us,PS4,NetherRealm Studios,USA
441,Injustice 2,PS4,NetherRealm Studios,USA
502,Mortal Kombat X,PS4,NetherRealm Studios,USA
163,Mortal Kombat Arcade Kollection,PS3,NetherRealm Studios,USA
164,Mortal Kombat (2011),PS3,NetherRealm Studios,USA
611,Super Monkey Ball: Banana Blitz HD,PS4,New Entertainment R&D Dept,Japan
631,The Binding of Isaac: Rebirth,PS4,Nicalis,USA
522,Oxenfree,PS4,Night School Studio,USA
176,PlayStation Move Heroes,PS3,Nihilistic Software,USA
267,Yomawari: Night Alone,PSVITA,Nippon Ichi Software,Japan
91,Prinny,PSP,Nippon Ichi Software,Japan
706,Yomawari: Midnight Shadows,PS4,Nippon Ichi Software,Japan
844,Human Fall Flat,PS5,No Brakes Games,Lithuania
617,Syrup and the Ultimate Sweet,PS4,NomNomNami,USA
724,Discovery,PSVR,Noowanda,Germany
663,Tribes of Midgard,PS4,Norsfell Games,Canada
613,Superbeat: Xonic EX,PS4,Nurijoy,Korea Republic
643,The Outer Worlds,PS4,Obsidian Entertainment,USA
593,South Park: The Stick of Truth,PS4,Obsidian Entertainment,USA
905,Tails of Iron,PS5,Odd Bug Studios,England
783,Wanderer,PSVR,Oddboy,New Zealand
872,Oddworld: Soulstorm (2021),PS5,Oddworld Inhabitants,USA
33,Oddworld: Abes Oddysee (1997),PS1,Oddworld Inhabitants,USA
34,Oddworld: Abes Exoddus (1998),PS1,Oddworld Inhabitants,USA
172,Oddworld: Munch`s Oddysee,PS3,Oddworld Inhabitants,USA
173,Oddworld: Stranger`s Wrath,PS3,Oddworld Inhabitants,USA
529,Persona 5 Strikers,PS4,Omega Force,Japan
240,Fat Princess: Piece of Cake,PSVITA,One Loop Games,USA
489,MediEvil (2019),PS4,Other Ocean Emeryville,USA
709,Yu-Gi-Oh! Legacy of the Duelist,PS4,Other Ocean Interactive,Canada
174,PAYDAY: The Heist,PS3,Overkill Software,Sweden
744,Job Simulator VR,PSVR,Owlchemy Labs,USA
757,Rick & Morty: Virtual Rick-ality,PSVR,Owlchemy Labs,USA
357,Destroy All Humans! 2 (2006),PS4,Pandemic Studios,USA
355,Destroy All Humans! (2005),PS4,Pandemic Studios,USA
747,Kona VR,PSVR,Parabole,Canada
69,Stuntman: Ignition,PS2,Paradigm Entertainment,USA
335,Curse of the Dead Gods,PS4,Passtech Games,France
284,Armikrog,PS4,Pencil Test Studios,USA
302,BLACKSAD: Under the Skin,PS4,Pendulo Studios,Spain
484,Manual Samuel,PS4,Perfectly Paranormal,Norway
526,Party Hard,PS4,Pinokl Games,Ukraine
527,Party Hard 2,PS4,Pinokl Games,Ukraine
297,Beat Cop,PS4,Pixel Crow,Poland
802,Can`t Drive This,PS5,Pixel Maniacs,Germany
896,Sir Lovelot,PS5,pixel.lu,Luxembourg
329,Concrete Genie,PS4,Pixelopus,USA
376,Entwined,PS4,Pixelopus,USA
103,Bayonetta,PS3,PlatinumGames,Japan
413,Good Dog Bad Dog,PS4,Play Em,USA
101,Bang Bang Racing,PS3,Playbox,Hungary
261,Table Top Racing,PSVITA,Playrise Digital Ltd,England
618,Table Top Racing: World Tour,PS4,Playrise Digital Ltd,England
707,Yooka-Laylee,PS4,Playtonic Games,England
708,Yooka-Laylee and the Impossible Lair,PS4,Playtonic Games,England
738,Homestar VR,PSVR,Pocket Ohira Tech,Japan
751,Moss,PSVR,Polyarc,USA
135,Gran Turismo 5,PS3,Polyphony Digital,Japan
32,Motor Toon Grand Prix 2,PS1,Polyphony Digital,Japan
388,Fez,PS4,Polytron Corporation,Canada
533,Plants vs Zombies: Battle for Neighborville,PS4,PopCap Games,USA
660,Total Arcade Racing,PS4,Pretty Fly Studios,Sweden
76,Dead or Alive Paradise,PSP,Project Venus,Japan
676,Unbox: Newbie`s Adventure,PS4,Prospect Games,England
97,Wipeout Pulse,PSP,Psygnosis,England
65,Wipeout (1995),PS1,Psygnosis,England
568,Rocket League,PS4,Psyonix,USA
675,Ultratron,PS4,Puppy Games,England
658,Titan Attacks!,PS4,Puppy Games,England
933,SpongeBob SquarePants: The Cosmic Shake,PS5,Purple Lamp Studios,Austria
596,SpongeBob SquarePants: Battle for Bikini Bottom - Rehydrated,PS4,Purple Lamp Studios,Austria
380,Fahrenheit (Indigo Prophecy),PS4,Quantic Dream,France
423,Heavy Rain,PS4,Quantic Dream,France
358,Detroit: Become Human,PS4,Quantic Dream,France
299,Beyond Two Souls,PS4,Quantic Dream,France
592,Sound Shapes,PS4,Queasy Games,Canada
269,[Prototype],PS4,Radical Entertainment,Canada
270,[Prototype 2],PS4,Radical Entertainment,Canada
276,Action Henk,PS4,RageSquid,Netherlands
354,Descenders,PS4,RageSquid,Netherlands
371,DreamBall,PS4,Rampage Game Studio,Spain
252,Rocketbirds: Hardboiled Chicken,PSVITA,Ratloop,USA
569,Rocketbirds 2: Evolution,PS4,Ratloop Asia,Singapore
626,Terraria,PS4,Re-Logic,USA
75,Daxter,PSP,Ready At Dawn,USA
898,Spacebase Startopia,PS5,Realmforge Studios,Germany
589,Sniper Elite V2 Remastered,PS4,Rebellion Developments,England
521,Outlast,PS4,Red Barrels,Canada
498,Minutes,PS4,Red Phantom Games,England
765,Star Trek: Bridge Crew VR,PSVR,Red Storm Entertainment,USA
781,VR Ping Pong,PSVR,Reddoll Srl,Italy
662,Trials Fusion: The Awesome MAX Edition,PS4,RedLynx,France
12,Destruction Derby,PS1,Reflections Interactive,England
13,Driver,PS1,Reflections Interactive,England
109,Buzz! Quiz World,PS3,Relentless Software,England
488,Max Payne,PS4,Remedy Entertainment,Finland
787,Alan Wake Remastered,PS5,Remedy Entertainment,Finland
400,Formula Retro Racing,PS4,Repixel8,England
789,Apex Legends,PS5,Respawn Entertainment,USA
900,Star Wars Jedi: Fallen Order,PS5,Respawn Entertainment,USA
230,Tony Hawk`s Pro Skater HD,PS3,Robomodo,USA
272,60 Seconds! Reatomized,PS4,Robot Gentleman,Poland
82,Grand Theft Auto: Liberty City Stories,PSP,Rockstar Leeds,England
83,Grand Theft Auto: Vice City Stories,PSP,Rockstar Leeds,England
84,Grand Theft Auto: Chinatown Wars,PSP,Rockstar Leeds,England
136,Grand Theft Auto IV: The Complete Collection,PS3,Rockstar North,Scotland
416,Grand Theft Auto III (2001),PS4,Rockstar North,Scotland
417,Grand Theft Auto: Vice City (2002),PS4,Rockstar North,Scotland
418,Grand Theft Auto: San Andreas (2004),PS4,Rockstar North,Scotland
483,Manhunt,PS4,Rockstar North,Scotland
836,Grand Theft Auto V,PS5,Rockstar North,Scotland
549,Red Dead Revolver,PS4,Rockstar San Diego,USA
550,Red Dead Redemption 2,PS4,Rockstar San Diego,USA
193,Red Dead Redemption,PS3,Rockstar San Diego,USA
651,The Warriors,PS4,Rockstar Toronto,Canada
315,Canis Canem Edit (Bully),PS4,Rockstar Vancouver,Canada
292,Batman: Arkham Asylum,PS4,Rocksteady Studios,England
293,Batman: Arkham City,PS4,Rocksteady Studios,England
294,Batman: Arkham Knight,PS4,Rocksteady Studios,England
716,Batman: Arkham VR,PSVR,Rocksteady Studios,England
873,OlliOlli World,PS5,Roll7,England
931,Rollerdrome,PS5,Roll7,England
516,OlliOlli: Epic Combo Edition,PS4,Roll7,England
517,OlliOlli 2,PS4,Roll7,England
374,Empire of Sin: Deluxe Edition,PS4,Romero Games,Republic of Ireland
99,Angry Birds Trilogy,PS3,Rovio Entertainment,Finland
538,Postal Redux,PS4,Running With Scissors,USA
878,Postal 4: No Regerts,PS5,Running with Scissors,USA
855,Like a Dragon 7 (Yakuza 7),PS5,Ryu Ga Gotoku,Japan
856,Like a Dragon: Ishin,PS5,Ryu Ga Gotoku,Japan
857,Like a Dragon Gaiden: The Man Who Erased His Name,PS5,Ryu Ga Gotoku,Japan
858,Lost Judgment: Ultimate Edition,PS5,Ryu Ga Gotoku,Japan
848,Judgment,PS5,Ryu Ga Gotoku,Japan
930,Like a Dragon: Infinite Wealth (Yakuza 8),PS5,Ryu Ga Gotoku,Japan
469,Like a Dragon (Yakuza 0),PS4,Ryu Ga Gotoku,Japan
470,Like a Dragon Kiwami (Yakuza Kiwami),PS4,Ryu Ga Gotoku,Japan
471,Like a Dragon Kiwami 2 (Yakuza Kiwami 2),PS4,Ryu Ga Gotoku,Japan
472,Like a Dragon 3 (Yakuza 3 Remastered),PS4,Ryu Ga Gotoku,Japan
473,Like a Dragon 4 (Yakuza 4 Remastered),PS4,Ryu Ga Gotoku,Japan
474,Like a Dragon 5 (Yakuza 5 Remastered),PS4,Ryu Ga Gotoku,Japan
475,Like a Dragon 6 (Yakuza 6: The Song of Life),PS4,Ryu Ga Gotoku,Japan
236,Yakuza: Dead Souls,PS3,Ryu Ga Gotoku,Japan
703,WWE 2K Battlegrounds,PS4,Saber Interactive,USA
768,The American Dream,PSVR,Samurai Punk,Australia
247,ModNation Racers: Road Trip,PSVITA,San Diego Studio,USA
133,God of War (2005),PS3,Santa Monica Studio,USA
134,God of War II (2007),PS3,Santa Monica Studio,USA
409,God of War III Remastered,PS4,Santa Monica Studio,USA
410,God of War (2018),PS4,Santa Monica Studio,USA
105,Bentley`s Hackpack,PS3,Sanzaru Games,USA
255,Sly Cooper: Thieves in Time,PSVITA,Sanzaru Games,USA
742,I Expect You To Die,PSVR,Schell Games,USA
743,I Expect You to Die 2,PSVR,Schell Games,USA
627,Tethered,PS4,Secret Sorcery,England
690,Virtua Fighter 5: Ultimate Showdown,PS4,SEGA,Japan
897,Sonic Origins,PS5,SEGA,Japan
245,Jet Set Radio,PSVITA,SEGA,Japan
219,The House of the Dead: Overkill,PS3,SEGA,Japan
204,Sonic Generations,PS3,SEGA,Japan
206,Streets of Rage 2,PS3,SEGA,Japan
112,Daytona USA,PS3,SEGA,Japan
68,Sonic Heroes,PS2,SEGA,Japan
845,In Rays of the Light,PS5,Sergey Noskov,Russia
890,Sable,PS5,Shedworks,England
285,Art Of Balance,PS4,Shin`en Multimedia,Germany
157,Mensa Academy,PS3,Silverball Studios,England
62,Twisted Metal (1995),PS1,SingleTrac,USA
911,The Pedestrian,PS5,Skookum Arts,USA
771,The Walking Dead: Saints and Sinners,PSVR,Skydance Interactive,USA
689,Viking Squad,PS4,Slick Entertainment,Canada
169,Need for Speed: Shift,PS3,Slightly Mad Studios,England
833,Ghostrunner,PS5,Slipgate Ironworks,Denmark
936,Sifu,PS5,Sloclap,France
352,Death Squared,PS4,SMG Studio,Australia
74,Crazy Taxi: Fare Wars,PSP,Sniper Studios,USA
670,Turnip Boy Commits Tax Evasion,PS4,Snoozy Kazoo,USA
731,Everest VR,PSVR,Solfar Studios,Iceland
628,Tetris Ultimate,PS4,SoMa Play,USA
917,TOEM,PS5,Something We Made,Sweden
865,Music Racer: Ultimate,PS5,Sometimes You,Russia
249,Paint Park Plus,PSVITA,Sony Interactive Entertainment,Japan
260,Table Football,PSVITA,Sony Interactive Entertainment,Japan
941,Skul: The Hero Slayer,PS4,SouthPAW Games,Korea Republic
334,Croixleur Sigma,PS4,souvenir circ,Japan
98,Alice: Madness Returns,PS3,Spicy Horse,China
932,Steelrising,PS5,Spiders,France
268,Zero Escape: Virtue`s Last Reward,PSVITA,Spike Chunsoft,Japan
250,PlayStation VITA Pets,PSVITA,Spiral House,England
108,Brink,PS3,Splash Damage,England
909,The Darkside Detective,PS5,Spooky Doorway,Republic of Ireland
910,The Darkside Detective: A Fumble in the Dark,PS5,Spooky Doorway,Republic of Ireland
242,Football Manager Classic 2014,PSVITA,Sports Interactive,England
851,Kerbal Space Program: Enhanced Edition,PS5,Squad,Mexico
669,Trover Saves The Universe,PS4,Squanch Games,USA
710,Accounting Plus,PSVR,Squanch Games,USA
745,Kingdom Hearts: VR Experience,PSVR,Square Enix,Japan
829,Final Fantasy VII (2021),PS5,Square Enix,Japan
131,Final Fantasy XIII,PS3,Square Enix,Japan
78,Final Fantasy,PSP,Square Enix,Japan
79,Final Fantasy II,PSP,Square Enix,Japan
80,Final Fantasy III,PSP,Square Enix,Japan
81,Final Fantasy IV,PSP,Square Enix,Japan
16,Final Fantasy V,PS1,Square Enix,Japan
17,Final Fantasy VI,PS1,Square Enix,Japan
18,Final Fantasy VII (1997),PS1,Square Enix,Japan
19,Final Fantasy VIII,PS1,Square Enix,Japan
20,Final Fantasy IX,PS1,Square Enix,Japan
392,Final Fantasy X/X-2 HD Remaster,PS4,Square Enix,Japan
393,Final Fantasy XV: Royal Edition,PS4,Square Enix,Japan
454,Kingdom Hearts HD 1.5 & 2.5 Remix,PS4,Square Enix,Japan
455,Kingdom Hearts HD 2.8 Final Chapter Prologue,PS4,Square Enix,Japan
456,Kingdom Hearts III,PS4,Square Enix,Japan
311,Brothers: A Tale of Two Sons,PS4,Starbreeze Studios,Sweden
209,Syndicate,PS3,Starbreeze Studios,Sweden
217,The Darkness,PS3,Starbreeze Studios,Sweden
453,Keep Talking and Nobody Explodes,PS4,Steel Crate Games,Canada
908,The Callisto Protocol,PS5,Striking Distance Studios,USA
282,ARK: Survival Evolved,PS4,Studio Wildcard,USA
257,Street Fighter X Tekken,PSVITA,Sucker Punch Productions,USA
201,Sly Cooper and the Thievius Raccoonus,PS3,Sucker Punch Productions,USA
202,Sly 2: Band of Thieves,PS3,Sucker Punch Productions,USA
203,Sly 3: Honour Among Thieves,PS3,Sucker Punch Productions,USA
139,inFamous,PS3,Sucker Punch Productions,USA
140,inFamous 2,PS3,Sucker Punch Productions,USA
141,inFamous: Festival of Blood,PS3,Sucker Punch Productions,USA
438,inFamous Second Son,PS4,Sucker Punch Productions,USA
439,inFamous First Light,PS4,Sucker Punch Productions,USA
406,Ghost of Tsushima,PS4,Sucker Punch Productions,USA
477,LittleBigPlanet 3,PS4,Sumo Digital,England
207,Super Rub a Dub,PS3,Sumo Digital,England
891,Sackboy: A Big Adventure,PS5,Sumo Digital,England
620,Team Sonic Racing,PS4,Sumo Digital,England
175,PlayStation All-Stars Battle Royale,PS3,Superbot Entertainment,USA
154,Lone Survivor: The Director`s Cut,PS3,Superflat Games,England
766,Superhot VR,PSVR,Superhot Team,Poland
776,Tumble VR,PSVR,Supermassive Games,England
778,Until Dawn: Rush Of Blood,PSVR,Supermassive Games,England
686,Until Dawn,PS4,Supermassive Games,England
35,PONG,PS1,Supersonic Software,England
723,Creed: Rise To Glory,PSVR,Survios,USA
764,Sprint Vector,PSVR,Survios,USA
543,Putty Squad,PS4,System 3 Software,England
403,Generation Zero,PS4,Systemic Reaction,Sweden
316,Captain Tsubasa: Rise of New Champions,PS4,Tamsoft,Japan
519,Onee Chanbara Origin,PS4,Tamsoft,Japan
834,Ghostwire: Tokyo,PS5,Tango Gameworks,Japan
637,The Evil Within,PS4,Tango Gameworks,Japan
476,Little Nightmares,PS4,Tarsier Studios,Sweden
512,Nitroplus Blasterz: Heroines Infinite Duel,PS4,Team Arcana,Japan
524,PaRappa The Rapper Remastered,PS4,Team Asobi (Japan Studio),Japan
458,Knack,PS4,Team Asobi (Japan Studio),Japan
459,Knack 2,PS4,Team Asobi (Japan Studio),Japan
478,LocoRoco,PS4,Team Asobi (Japan Studio),Japan
26,Jumping Flash,PS1,Team Asobi (Japan Studio),Japan
72,Ape Escape,PSP,Team Asobi (Japan Studio),Japan
138,ICO Classics HD,PS3,Team Asobi (Japan Studio),Japan
228,Tokyo Jungle,PS3,Team Asobi (Japan Studio),Japan
199,Siren Blood Curse,PS3,Team Asobi (Japan Studio),Japan
197,Shadow of the Colossus Classics HD,PS3,Team Asobi (Japan Studio),Japan
281,Ape Escape 2,PS4,Team Asobi (Japan Studio),Japan
639,The Last Guardian,PS4,Team Asobi (Japan Studio),Japan
715,ASTRO BOT Rescue Mission,PSVR,Team Asobi (Japan Studio),Japan
770,The Playroom VR,PSVR,Team Asobi (Japan Studio),Japan
792,Astro`s Playroom,PS5,Team Asobi (Japan Studio),Japan
148,LA Noire,PS3,Team Bondi,Australia
427,Hollow Knight: Voidheart Edition,PS4,Team Cherry,Australia
610,Super Meat Boy!,PS4,Team Meat,USA
869,Nioh 2,PS5,Team Ninja,Japan
349,Dead or Alive 5: Last Round,PS4,Team Ninja,Japan
396,Flockers,PS4,Team17,England
149,Lemmings (2007),PS3,Team17,England
266,Worms Revolution Extreme,PSVITA,Team17,England
208,Superfrog HD,PS3,Team17,England
700,Worms Battlegrounds,PS4,Team17,England
701,Worms WMD,PS4,Team17,England
927,Worms Rumble,PS5,Team17,England
619,Tales From The Borderlands,PS4,Telltale Games,USA
647,The Walking Dead Season 1 TTG,PS4,Telltale Games,USA
648,The Walking Dead Season 2 TTG,PS4,Telltale Games,USA
649,The Walking Dead Season 3 TTG,PS4,Telltale Games,USA
650,The Walking Dead: The Final Season TTG,PS4,Telltale Games,USA
653,The Wolf Among Us Season 1 TTG,PS4,Telltale Games,USA
196,Sam and Max Season 3: The Devil`s Playhouse TTG,PS3,Telltale Games,USA
288,Back To The Future TTG,PS4,Telltale Games,USA
290,Batman Season 1 TTG,PS4,Telltale Games,USA
291,Batman Season 2 TTG,PS4,Telltale Games,USA
402,Game Of Thrones TTG,PS4,Telltale Games,USA
485,Marvel`s Guardians Of The Galaxy TTG,PS4,Telltale Games,USA
576,Sam and Max Season 1: Save The World TTG,PS4,Telltale Games,USA
577,Sam and Max Season 2: Beyond Time and Space TTG,PS4,Telltale Games,USA
735,Groundhog Day: Like Father Like Son,PSVR,Tequila Works,Spain
797,BloodRayne: ReVamped,PS5,Terminal Reality,USA
798,BloodRayne 2: ReVamped,PS5,Terminal Reality,USA
871,Nour: Play with your Food,PS5,Terrifying Jellyfish,USA
934,Robocop: Rogue City,PS5,Teyon,Poland
907,Terminator: Resistance Enhanced,PS5,Teyon,Poland
397,flOw,PS4,Thatgamecompany,USA
398,Flower,PS4,Thatgamecompany,USA
449,Journey,PS4,thatgamecompany,USA
317,Castle Crashers: Remastered,PS4,The Behemoth,USA
736,Gun Club VR,PSVR,The Binary Mill,Australia
328,Color Slayer,PS4,The Domaginarium,El Salvador
277,Active Soccer 2 DX,PS4,The Fox Software,Italy
258,SunFlowers,PSVITA,The Game Atelier,France
238,Crazy Market,PSVITA,The Game Atelier,France
638,The Flame in the Flood,PS4,The Molasses Flood,USA
728,Drunkn Bar Fight,PSVR,The Munky,USA
803,Chicken Police: Paint It Red,PS5,The Wild Gentlemen,Hungary
652,The Witness,PS4,Thekla Inc,USA
808,Concept Destruction,PS5,Thinice Games,Spain
921,Twin Robots: Ultimate Edition,PS5,Thinice Games,Spain
794,Axiom Verge 2,PS5,Thomas Happ Games,USA
748,Lethal VR,PSVR,Three Fields Entertainment,England
336,Dangerous Golf,PS4,Three Fields Entertainment,England
337,Danger Zone,PS4,Three Fields Entertainment,England
338,Dangerous Driving,PS4,Three Fields Entertainment,England
298,Beyond Eyes,PS4,Tiger & Squid,Netherlands
567,Rock Boshers DX: Director`s Cut,PS4,Tikipod,England
127,Fat Princess,PS3,Titan Studios,USA
683,Undertale,PS4,tobyfox,USA
806,Coffee Talk,PS5,Toge Productions,Indonesia
807,Coffee Talk Episode 2: Hibiscus and Butterfly,PS5,Toge Productions,Indonesia
809,Crash Bandicoot 4: It`s About Time,PS5,Toys For Bob,USA
598,Spyro Reignited Trilogy (2018),PS4,Toys for Bob,USA
314,Call of Duty: Black Ops III,PS4,Treyarch,USA
801,Call of Duty: Black Ops Cold War,PS5,Treyarch,USA
511,Ninja Senki DX,PS4,Tribute Games,Canada
312,Bud Spencer & Terence Hill - Slaps and Beans,PS4,Trinity Team,Italy
859,Maneater,PS5,Tripwire Interactive,USA
461,LEGO City Undercover,PS4,TT Games,England
462,LEGO Marvel Super-Heroes,PS4,TT Games,England
463,LEGO Harry Potter Collection,PS4,TT Games,England
464,LEGO DC Super-Villains,PS4,TT Games,England
246,LEGO Batman 2: DC Super Heroes,PSVITA,TT Games,England
256,Spy Hunter (2012),PSVITA,TT Games,England
94,Super Monkey Ball Adventure,PSP,TT Games,England
87,LEGO Indiana Jones,PSP,TT Games,England
88,LEGO Batman,PSP,TT Games,England
89,LEGO Star Wars III: The Clone Wars,PSP,TT Games,England
90,LEGO Pirates of the Caribbean,PSP,TT Games,England
60,Toy Story 2,PS1,TT Games,England
61,Toy Story Racer,PS1,TT Games,England
1,A Bugs Life,PS1,TT Games,England
4,Buzz Lightyear of Star Command,PS1,TT Games,England
733,Floor Plan,PSVR,Turbo Button,USA
672,Two Point Hospital,PS4,Two Point Studios,England
922,Two Point Campus,PS5,Two Point Studios,England
684,UNO,PS4,Ubisoft Chengdu,China
118,DJ Hero,PS3,Ubisoft Leamington,England
119,DJ Hero 2,PS3,Ubisoft Leamington,England
106,Beyond Good and Evil HD,PS3,Ubisoft Montpellier,France
37,Rayman,PS1,Ubisoft Montpellier,France
191,Rayman 3: Hoodlum Havoc HD,PS3,Ubisoft Montpellier,France
192,Rayman Origins,PS3,Ubisoft Montpellier,France
548,Rayman Legends,PS4,Ubisoft Montpellier,France
578,Scott Pilgrim vs The World: The Game,PS4,Ubisoft Montreal,Canada
322,Child Of Light,PS4,Ubisoft Montreal,Canada
382,Far Cry 3,PS4,Ubisoft Montreal,Canada
383,Far Cry 4,PS4,Ubisoft Montreal,Canada
384,Far Cry: Primal,PS4,Ubisoft Montreal,Canada
385,Far Cry 5,PS4,Ubisoft Montreal,Canada
386,Far Cry: New Dawn,PS4,Ubisoft Montreal,Canada
177,Prince of Persia: The Sands of Time,PS3,Ubisoft Montreal,Canada
178,Prince of Persia: The Two Thrones,PS3,Ubisoft Montreal,Canada
179,Prince of Persia: Warrior Within,PS3,Ubisoft Montreal,Canada
126,Far Cry 2,PS3,Ubisoft Montreal,Canada
692,Watch_Dogs,PS4,Ubisoft Montreal,Canada
693,Watch_Dogs 2,PS4,Ubisoft Montreal,Canada
729,Eagle Flight,PSVR,Ubisoft Montreal,Canada
791,Assassin`s Creed Valhalla: Ultimate Edition,PS5,Ubisoft Montreal,Canada
594,South Park: The Fractured But Whole,PS4,Ubisoft San Francisco,USA
38,Rayman 2,PS1,Ubisoft Shanghai,China
824,Far Cry 6: Gold Edition,PS5,Ubisoft Toronto,Canada
924,Watch_Dogs: Legion,PS5,Ubisoft Toronto,Canada
784,You Are Being Followed,PSVR,Uncommon Chocolate,Scotland
597,Spy Chameleon,PS4,Unfinished Pixel,Spain
587,Sleeping Dogs: Definitive Edition,PS4,United Front Games,Canada
152,LittleBigPlanet Karting,PS3,United Front Games,Canada
162,Modnation Racers,PS3,United Front Games,Canada
902,Subnautica,PS5,Unknown Worlds Entertainment,USA
903,Subnautica: Below Zero,PS5,Unknown Worlds Entertainment,USA
545,Quest Of Dungeons,PS4,Upfall Studios,Portugal
562,Retro City Rampage DX,PS4,Vblank Entertainment,Canada
563,Riptide GP: Renegade,PS4,Vector Unit,USA
853,Knockout City,PS5,Velan Studios,USA
714,Arizona Sunshine,PSVR,Vertigo Games,Netherlands
918,Tony Hawk`s Pro Skater 1 + 2 (2021),PS5,Vicarious Visions,USA
332,Crash Bandicoot: N Sane Trilogy (2017),PS4,Vicarious Visions,USA
780,VR Karts,PSVR,Viewpoint Games,England
854,LEGO 2K Drive,PS5,Visual Concepts,USA
866,NBA 2K23,PS5,Visual Concepts,USA
750,Mervils: A VR Adventure,PSVR,VitruviusVR,Canada
741,Hustle Kings VR,PSVR,VooFoo Studios,England
739,Horror Bar VR,PSVR,VR Factory,Poland
713,Apocalypse Rider,PSVR,VRMonkey,Brazil
633,The Complex,PS4,Wales Interactive,Wales
394,Five Dates,PS4,Wales Interactive,Wales
510,Night Book,PS4,Wales Interactive,Wales
253,Silent Hill: Book of Memories,PSVITA,WayForward Technologies Inc,USA
273,A Boy And His Blob,PS4,WayForward Technologies Inc,USA
894,Shantae and The Pirate`s Curse,PS5,WayForward Technologies Inc,USA
779,Until You Fall,PSVR,WayTooManyGames,USA
655,This Is The Police,PS4,Weappy Studio,Belarus
664,Tricky Towers,PS4,WeirdBeard,Netherlands
782,VR The Diner Duo,PSVR,Whirlybird Games,Sweden
58,Tombi!,PS1,Whoopee Camp,Japan
59,Tombi 2!: The Evil Swine Return,PS1,Whoopee Camp,Japan
722,CoolpaintrVR,PSVR,Wildbit Studios,Spain
629,That`s You!,PS4,Wish Studios,England
286,Assault Android Cactus,PS4,Witch Beam,Australia
740,Hotel R n R,PSVR,Wolf & Wood Interactive Ltd,England
585,Slain: Back from Hell,PS4,Wolf Brew Games,USA
926,Weird West: Definitive Edition,PS5,WolfEye Studios,France
265,Wanderjahr,PSVITA,Workyrie Game Studio,Japan
609,Super Kickers League Ultimate,PS4,Xaloc Studios,Spain
695,Wipeout Omega Collection,PS4,XDev,England
582,Shovel Knight: Treasure Trove,PS4,Yacht Club Games,USA
583,Shovel Knight: Pocket Dungeon,PS4,Yacht Club Games,USA
205,Spec Ops: The Line,PS3,Yager Development,Germany
542,Pumped BMX+,PS4,Yeah Us!,England
513,Octodad: Dadliest Catch,PS4,Young Horses,USA
800,Bugsnax,PS5,Young Horses,USA
232,UFC 2009 Undisputed,PS3,Yuke`s,Japan
66,WWF! Smackdown 2: Know Your Role,PS1,Yuke`s,Japan
