484,Neon Chrome,PS4,10tons,Finland
596,Tennis in the Face,PS4,10tons,Finland
670,Xenoraid,PS4,10tons,Finland
153,Mafia II,PS3,2K Czech,Czech Republic
796,Heavenly Bodies,PS5,2pt Interactive,Australia
118,Duke Nukem Forever,PS3,3D Realms,Denmark
474,Metro Redux,PS4,4A Games,Ukraine
813,Metro Exodus,PS5,4A Games,Ukraine
552,Scribblenauts Mega Pack,PS4,5th Cell,USA
35,Rally Cross,PS1,989 Studios,USA
242,Gunslugs,PSVITA,Abstraction Games,Netherlands
246,No Heroes Allowed: No Puzzles Either!,PSVITA,ACQUIRE Corp,Japan
412,Heart&Slash,PS4,aheartfulofgames,Spain
179,Quantum Conundrum,PS3,Airtight Games,USA
881,Breaking Enigma,PS4,Alphanu Game Studios,England
154,Malicious,PS3,Alvion,Japan
342,Dead End Job,PS4,Ant Workshop,Scotland
631,Touhou Double Focus,PS4,Aqua Style,Japan
404,Granblue Fantasy: Versus,PS4,Arc System Works,Japan
115,Dishonored,PS3,Arkane Studios,France
414,Helldivers,PS4,Arrowhead Game Studios,Sweden
30,Monsters Inc Scare Island,PS1,Artificial Mind and Movement,Canada
166,Naughty Bear,PS3,Artificial Mind and Movement,Canada
478,Monopoly Family Fun Pack,PS4,Asobo Studio,France
755,A Plague Tale: Innocence,PS5,Asobo Studio,France
458,Lovers In A Dangerous Spacetime,PS4,Asteroid Base,Canada
504,Persona 5,PS4,Atlus,Japan
315,Catherine: Full Body,PS4,Atlus,Japan
588,Switch Galaxy Ultra,PS4,Atomicom,England
798,Hogwarts Legacy,PS5,Avalanche Software,USA
882,Tchia,PS5,Awaceb,France
603,The Bug Butcher,PS4,Awfully Nice Studios,Austria
546,Saban`s Mighty Morphin Power Rangers: Mega Battle,PS4,Bamtang Games,Peru
563,SoulCalibur VI,PS4,Bandai Namco Studios,Japan
594,Tekken 7,PS4,Bandai Namco Studios,Japan
323,Code Vein,PS4,Bandai Namco Studios,Japan
438,Katamari Damacy: Reroll,PS4,Bandai Namco Studios,Japan
208,Tales of Grace f,PS3,Bandai Namco Studios,Japan
209,Tales of Xillia,PS3,Bandai Namco Studios,Japan
210,Tekken 5: Dark Resurrection,PS3,Bandai Namco Studios,Japan
211,Tekken Revolution,PS3,Bandai Namco Studios,Japan
26,Klonoa: Door to Phantomile (1997),PS1,Bandai Namco Studios,Japan
49,Tekken,PS1,Bandai Namco Studios,Japan
50,Tekken 2,PS1,Bandai Namco Studios,Japan
808,Klonoa Phantasy Reverie Series (2022),PS5,Bandai Namco Studios,Japan
579,Stranded Deep,PS4,Beam Team Games,Australia
689,Beat Saber,PSVR,Beat Games,Czech Republic
329,Crash Team Racing: Nitro Fueled (2019),PS4,Beenox,Canada
212,The Amazing Spider-Man,PS3,Beenox,Canada
865,Meet Your Maker,PS5,Behaviour Interactive,Canada
359,Donut County,PS4,Ben Esposito,USA
341,Days Gone,PS4,Bend Studio,USA
262,Uncharted: Fight for Fortune,PSVITA,Bend Studio,USA
263,Uncharted: Golden Abyss,PSVITA,Bend Studio,USA
48,Syphon Filter,PS1,Bend Studio,USA
92,Resistance: Retribution,PSP,Bend Studio,USA
418,Home,PS4,Benjamin Rivers Inc,Canada
326,Cosmophony,PS4,Bento Studio,France
374,Fallout 4,PS4,Bethesda Game Studios,USA
731,Skyrim VR,PSVR,Bethesda Game Studios,USA
597,Tennis World Tour 2,PS4,Big Ant Studios,Australia
586,Supermarket Shriek,PS4,Billy Goat Entertainment Ltd,Northern Ireland
545,Rollercoaster Dreams,PS4,Bimboosoft,Japan
697,Dream Match Tennis VR,PSVR,Bimboosoft,Japan
466,Mass Effect: Legendary Edition,PS4,Bioware,Canada
747,Ultrawings,PSVR,Bit Planet Games,USA
106,Blur,PS3,Bizarre Creations,England
351,Destroy All Humans! (2020),PS4,Black Forest Games,Germany
778,Destroy All Humans 2: Reprobed (2022),PS5,Black Forest Games,Germany
797,Hell Let Loose,PS5,Black Matter Games,Australia
298,BioShock 1 & 2: The Collection,PS4,Blind Squirrel Games,USA
299,BioShock Infinite: The Collection,PS4,Blind Squirrel Games,USA
237,Deathmatch Village,PSVITA,Bloober Team,Poland
560,Slender: The Arrival,PS4,Blue Isle Studios,Canada
841,Stray,PS5,BlueTwelve Studio,France
587,Surgeon Simulator,PS4,Bossa Studios,England
424,I am Bread,PS4,Bossa Studios,England
642,Typoman,PS4,Brainseed Factory,Germany
760,AWAY: The Survival Series,PS5,Breaking Walls,Canada
819,One Escape,PS5,BUG-Studio,Russia
860,Wreckfest,PS5,Bugbear Entertainment,Finland
777,Destiny 2,PS5,Bungie,USA
719,Marvel`s Iron Man VR,PSVR,Camouflaj,USA
825,Resident Evil 2 (2019),PS5,Capcom,Japan
826,Resident Evil 3 (2020),PS5,Capcom,Japan
827,Resident Evil 7: Biohazard,PS5,Capcom,Japan
828,Resident Evil Village,PS5,Capcom,Japan
353,Devil May Cry 4,PS4,Capcom,Japan
354,Devil May Cry 5,PS4,Capcom,Japan
355,Devil May Cry Trilogy HD Collection,PS4,Capcom,Japan
345,Dead Rising,PS4,Capcom,Japan
580,Street Fighter 30th Anniversary Collection,PS4,Capcom,Japan
470,Mega Man Legacy Collection 2,PS4,Capcom,Japan
471,Mega Man X Legacy Collection,PS4,Capcom,Japan
472,Mega Man X Legacy Collection 2,PS4,Capcom,Japan
479,Monster Hunter World: Iceborne,PS4,Capcom,Japan
526,Resident Evil 0,PS4,Capcom,Japan
527,Resident Evil (2002),PS4,Capcom,Japan
528,Resident Evil 4 (2005),PS4,Capcom,Japan
529,Resident Evil 5,PS4,Capcom,Japan
530,Resident Evil 6,PS4,Capcom,Japan
531,Resident Evil: Resistance,PS4,Capcom,Japan
532,Resident Evil Revelations,PS4,Capcom,Japan
533,Resident Evil Revelations 2,PS4,Capcom,Japan
534,Resident Evil: Re:Verse,PS4,Capcom,Japan
38,Resident Evil: Director`s Cut (1997),PS1,Capcom,Japan
39,Resident Evil 2 (1998),PS1,Capcom,Japan
40,Resident Evil 3: Nemesis (1999),PS1,Capcom,Japan
112,Dead Rising 2,PS3,Capcom Vancouver,Canada
691,Carnival Games VR,PSVR,Cat Daddy Games,USA
803,Infliction: Extended Cut,PS5,Caustic Reality,Australia
701,EVE: Valkyrie,PSVR,CCP Games,Iceland
775,Cyberpunk 2077,PS5,CD Projekt Red,Poland
852,The Witcher 3: Wild Hunt,PS5,CD Projekt Red,Poland
544,Rogue Legacy,PS4,Cellar Door Games,Canada
513,PONG Quest,PS4,Chequered Ink Ltd,England
319,Chime Sharp,PS4,Chilled Mouse,England
562,Sonic Mania,PS4,Christian Whitehead,Australia
739,The Guy VR,PSVR,Chubby Pixel,Italy
703,Everybody`s Golf VR,PSVR,Clap Hanz,Japan
371,Everybody`s Golf (2017),PS4,Clap Hanz,Japan
76,Everybody`s Golf 2,PSP,Clap Hanz,Japan
232,When Vikings Attack,PS3,Clever Beans,England
844,Sumatra: Fate of Yandi,PS5,Cloak and Dagger Games,England
305,Bridge Constructor,PS4,ClockStone Studios,Austria
491,Okami HD,PS4,Clover Studio,Japan
475,Micro Machines World Series,PS4,Codemasters,England
5,Colin McRae Rally,PS1,Codemasters,England
121,F1 Race Stars,PS3,Codemasters,England
867,GRID Legends,PS5,Codemasters,England
779,DIRT 5,PS5,Codemasters,England
782,F1 2021,PS5,Codemasters,England
400,Goat Simulator,PS4,Coffee Stain Studios,Sweden
103,Beat Hazard Ultra,PS3,Cold Beam Games,England
481,Mortal Shell,PS4,Cold Symmetry,USA
654,Unravel,PS4,Coldwood Interactive,Sweden
320,Cities: Skylines,PS5,Colossal Order,Finland
572,Stardew Valley,PS4,ConcernedApe,USA
52,Tomb Raider (1996),PS1,Core Design,England
53,Tomb Raider II,PS1,Core Design,England
54,Tomb Raider III,PS1,Core Design,England
55,Tomb Raider: Chronicles,PS1,Core Design,England
56,Tomb Raider: The Last Revelation,PS1,Core Design,England
794,Godfall,PS5,Counterplay Games,USA
646,Uncanny Valley,PS4,Cowardly Creations,USA
451,Leisure Suit Larry: Wet Dreams Don`t Dry,PS4,CrazyBunch,Germany
452,Leisure Suit Larry: Wet Dreams Dry Twice,PS4,CrazyBunch,Germany
310,Burnout Paradise: Remastered,PS4,Criterion Games,England
72,Burnout Legends,PSP,Criterion Games,England
167,Need for Speed: Most Wanted (2012),PS3,Criterion Games,England
851,The Stanley Parable: Ultra Deluxe,PS5,Crows Crows Crows,Germany
866,Tomb Raider (2013),PS3,Crystal Dynamics,USA
20,Gex,PS1,Crystal Dynamics,USA
21,Gex 3D: Enter the Gecko,PS1,Crystal Dynamics,USA
22,Gex: Deep Cover Gecko,PS1,Crystal Dynamics,USA
94,Tomb Raider: Anniversary,PSP,Crystal Dynamics,USA
95,Tomb Raider: Legend,PSP,Crystal Dynamics,USA
538,Rise Of The Tomb Raider,PS4,Crystal Dynamics,USA
124,Far Cry Classic,PS3,Crytek,Germany
573,Stealth Inc: A Clone In The Dark,PS4,Curve Studios,England
574,Stealth Inc 2: A Game Of Clones,PS4,Curve Studios,England
301,Blood Bowl 2,PS4,Cyanide,France
496,Outbreak: Epidemic,PS4,Dead Drop Studios LLC,USA
547,Saints Row IV: Gat out of Hell,PS4,Deep Silver Volition,USA
548,Saints Row IV: Re-Elected,PS4,Deep Silver Volition,USA
193,Saints Row 2,PS3,Deep Silver Volition,USA
833,Saints Row The Third: Remastered,PS5,Deep Silver Volition,USA
278,Another World,PS4,Delphine Software International,France
388,Flashback,PS4,Delphine Software International,France
421,Hotline Miami,PS4,Dennaton Games,Sweden
422,Hotline Miami 2: Wrong Number,PS4,Dennaton Games,Sweden
521,Rally Copters,PS4,Depth First Games,USA
293,Battlefield 1: Revolution,PS4,DICE,Sweden
101,Battlefield 3,PS3,DICE,Sweden
762,Battlefield 2042,PS5,DICE,Sweden
606,The Disney Afternoon Collection,PS4,Digital Eclipse,USA
469,Mega Man Legacy Collection,PS4,Digital Eclipse,USA
357,Disney Classic Games: Aladdin & The Lion King,PS4,Digital Eclipse,USA
217,The Darkness 2,PS3,Digital Extremes,Canada
857,Warframe: The New War,PS5,Digital Extremes,Canada
241,Get Off My Lawn!,PSVITA,Digital Leisure Inc,Canada
372,Exit the Gungeon,PS4,Dodge Roll,USA
368,Enter The Gungeon,PS4,Dodge Roll,USA
454,Life Is Strange,PS4,Dontnod Entertainment,France
508,PixelJunk Shooter Ultimate,PS4,Double Eleven,England
515,Psychonauts,PS4,Double Fine Productions,USA
516,Psychonauts 2,PS4,Double Fine Productions,USA
307,Broken Age,PS4,Double Fine Productions,USA
214,The Cave,PS3,Double Fine Productions,USA
725,Psychonauts in the Rhombus Of Ruin VR,PSVR,Double Fine Productions,USA
436,Just Die Already,PS4,DoubleMoose Games,Sweden
356,Dex,PS4,Dreadlocks Ltd,Czech Republic
327,CounterSpy,PS4,Dynamighty,USA
198,Skate 2,PS3,EA Black Box,Canada
169,Need for Speed: The Run,PS3,EA Black Box,Canada
483,Need for Speed Heat,PS4,EA Gothenburg,Sweden
99,Army of Two,PS3,EA Montreal,Canada
113,Dead Space (2008),PS3,EA Redwood Shores,USA
221,The Simpsons Game,PS3,EA Redwood Shores,USA
224,Tiger Woods PGA Tour 11,PS3,EA Tiburon,USA
126,FIFA Street (2012),PS3,EA Vancouver,Canada
127,Fight Night Champion,PS3,EA Vancouver,Canada
382,FIFA 18,PS4,EA Vancouver,Canada
383,FIFA 19,PS4,EA Vancouver,Canada
384,FIFA 20,PS4,EA Vancouver,Canada
643,UFC 4,PS4,EA Vancouver,Canada
880,FIFA 23,PS5,EA Vancouver,Canada
786,FIFA 21,PS5,EA Vancouver,Canada
787,FIFA 22,PS5,EA Vancouver,Canada
229,Twisted Metal (2012),PS3,Eat Sleep Play,USA
114,Deus Ex: Human Revolution,PS3,Eidos Montreal,Canada
863,Shadow of the Tomb Raider,PS4,Eidos Montreal,Canada
806,Kena: Bridge of Spirits,PS5,Ember Lab,USA
343,Dead Island: Retro Revenge,PS4,Empty Clip Studios,USA
726,Rez Infinite VR,PSVR,Enhance Games,USA
790,Fortnite,PS5,Epic Games,USA
540,Road Redemption,PS4,EQ-Games,USA
23,Hercules,PS1,Eurocom Entertainment Software,England
9,Crash Bash,PS1,Eurocom Entertainment Software,England
163,Motorstorm Apocalypse,PS3,Evolution Studios,England
164,Motorstorm: Pacific Rift,PS3,Evolution Studios,England
165,Motorstorm RC,PS3,Evolution Studios,England
698,DriveClub VR,PSVR,Evolution Studios,England
294,Bear With Me,PS4,Exordium Games,Croatia
763,Biomutant,PS5,Experiment 101,Sweden
556,ShredIt,PS4,Extra Mile Studios,Scotland
317,Celeste,PS4,Extremely OK Games,Canada
616,The Swapper,PS4,Facepalm Games,Finland
110,Crazy Machines Elements,PS3,FAKT Software,Germany
250,Quell Memento,PSVITA,Fallen Tree Games,England
684,Apex Construct,PSVR,Fast Travel Games,Sweden
423,Hue,PS4,Fiddlesticks,England
316,Cel Damage HD,PS4,Finish Line Games,Canada
233,XCOM Enemy Unknown,PS3,Firaxis Games,USA
669,XCOM 2,PS4,Firaxis Games,USA
399,Ghostbusters,PS4,FireForge Games,USA
849,The Persistence,PS5,Firesprite,England
830,Rogue Company,PS5,First Watch Games,USA
690,BoxVR,PSVR,FitXR,USA
273,Absolute Drift: Zen Edition,PS4,FlippFly,USA
885,Trek to Yomi,PS5,Flying Wild Hog,Poland
270,101 Ways To Die,PS4,Four Door Lemon,England
510,Please Don`t Touch Anything,PS4,Four Quarters,Russia
708,Headmaster,PSVR,Frame Interactive,USA
485,Neon Drive,PS4,Fraoula,Slovenia
306,Broforce,PS4,Free Lives,South Africa
276,Amnesia: Collection,PS4,Frictional Games,Sweden
235,Zombie Tycoon II: Brainhov`s Revenge,PS3,Frima Studio,Canada
287,Badland,PS4,Frogmind Games,Finland
850,The Sinking City,PS5,Frogwares,Ukraine
302,Bloodborne,PS4,FromSoftware,Japan
553,Sekiro: Shadows Die Twice,PS4,FromSoftware,Japan
337,Dark Souls II: Scholar of the First Sin,PS4,FromSoftware,Japan
338,Dark Souls III,PS4,FromSoftware,Japan
339,Dark Souls Remastered,PS4,FromSoftware,Japan
822,Planet Coaster,PS5,Frontier Developments,England
884,Jurassic World Evolution 2,PS5,Frontier Developments,England
783,F1 Manager,PS5,Frontier Developments,England
635,Trine 2: Complete Story,PS4,Frozenbyte,Finland
636,Trine 3: The Artifacts Of Power,PS4,Frozenbyte,Finland
637,Trine: Enchanted Edition,PS4,Frozenbyte,Finland
380,Fat Princess Adventures,PS4,Fun Bits Interactive,USA
370,Escape Plan,PS4,Fun Bits Interactive,USA
215,The Cube,PS3,Funbox Media,England
757,Art of Rally,PS5,Funselektor Labs Inc,Canada
657,Velocity 2X,PS4,FuturLab,England
742,Tiny Trax,PSVR,FuturLab,England
231,Velocity Ultra,PS3,FuturLab,England
258,Surge Deluxe,PSVITA,FuturLab,England
27,Kula World,PS1,Game Design Sweden AB,Sweden
595,Tembo The Badass Elephant,PS4,Game Freak,Japan
578,Stikbold! A Dodgeball Adventure,PS4,Game Swing,Denmark
119,Earthworm Jim HD,PS3,Gameloft,France
780,Disney Dreamlight Valley,PS5,Gameloft,France
405,Grand Ages: Medieval,PS4,Gaming Minds Studios,Germany
494,One Piece Unlimited World Red,PS4,Ganbarion,Japan
874,New Tales from the Borderlands,PS5,Gearbox Quebec,Canada
853,Tiny Tina`s Wonderlands: Chaotic Great Edition,PS5,Gearbox Software,USA
766,Borderlands 3,PS5,Gearbox Software,USA
722,Penn & Teller VR,PSVR,Gearbox Software,USA
628,Tiny Tina`s Assault on Dragon Keep: A Wonderlands One-Shot Adventure,PS4,Gearbox Software,USA
366,Duke Nukem 3D,PS4,Gearbox Software,USA
303,Borderlands: Game of the Year Edition,PS4,Gearbox Software,USA
304,Borderlands: The Handsome Collection,PS4,Gearbox Software,USA
776,Deep Rock Galactic,PS5,Ghost Ship Games,Denmark
820,Overcooked: All You Can Eat Edition,PS5,Ghost Town Games,England
617,The Unfinished Swan,PS4,Giant Sparrow,USA
274,Abzu,PS4,Giant Squid Studios,USA
348,DEEEER Simulator: Your Average Everyday Deer Game,PS4,Gibier Games,Japan
511,Poltergeist: A Pixelated Horror,PS4,Glitchy Pixel,Colombia
716,Knockout League,PSVR,Grab Games,USA
811,Maquette,PS5,Graceful Decay,USA
151,Lollipop Chainsaw,PS3,Grasshopper Manufacture,Japan
144,Killer is Dead,PS3,Grasshopper Manufacture,Japan
770,Chicory: A Colorful Tale,PS5,Greg Lobanov,USA
140,Jet Car Stunts,PS3,Grip Games,Czech Republic
28,Medievil (1998),PS1,Guerrilla Cambridge,England
728,RIGS: Mechanized Combat League VR,PSVR,Guerrilla Cambridge,England
799,Horizon Forbidden West,PS5,Guerrilla Games,Netherlands
145,Killzone,PS3,Guerrilla Games,Netherlands
420,Horizon Zero Dawn,PS4,Guerrilla Games,Netherlands
638,Tropico 5,PS4,Haemimont Games,Bulgaria
321,Claire,PS4,Hailstorm Games,USA
434,Jetpack Joyride,PS4,Halfbrick Studios,Australia
705,Fruit Ninja VR,PSVR,Halfbrick Studios,Australia
460,Mafia: Definitive Edition (2020),PS4,Hangar 13,USA
461,Mafia III,PS4,Hangar 13,USA
729,Sam & Max: This Time It`s Virtual!,PSVR,HappyGiant,USA
277,Amplitude,PS4,Harmonix Music Systems,USA
804,It Takes Two,PS5,Hazelight Studios,Sweden
506,PGA Tour 2K21,PS4,HB Studios,Canada
122,Family Guy: Back to the Multiverse,PS3,Heavy Iron Studios,USA
141,Joe Danger 2: The Movie,PS3,Hello Games,England
816,No Man`s Sky,PS5,Hello Games,England
888,Endling: Extinction is Forever,PS5,Herobeat Studios,Spain
91,Ratchet & Clank: Size Matters,PSP,High Impact Games,USA
85,Jak and Daxter: The Lost Frontier,PSP,High Impact Games,USA
346,Deadpool,PS4,High Moon Studios,USA
499,PAC-MAN 256,PS4,Hipster Whale,Australia
437,Kandagawa Jet Girls,PS4,Honey Parade Games,Japan
416,Hohokum,PS4,Honeyslug,England
539,Risk Of Rain,PS4,Hopoo Games,USA
213,The Baconing,PS3,Hothead Games,Canada
656,Untitled Goose Game,PS4,House House,Australia
829,Returnal,PS5,Housemarque,Finland
584,Super Stardust Ultra,PS4,Housemarque,Finland
535,RESOGUN,PS4,Housemarque,Finland
397,Ghost Blade HD,PS4,Hucast Games,Germany
358,Doki-Doki Universe,PS4,HumaNature Studios,USA
630,ToeJam & Earl: Back In The Groove (2019),PS4,HumaNature Studios,USA
558,Slay the Spire,PS4,Humble Bundle,USA
733,Space Pirate Trainer VR,PSVR,I-Illusions,Belgium
696,DOOM VFR,PSVR,id Software,USA
519,Quake,PS4,id Software,USA
360,DOOM (1993),PS4,id Software,USA
362,DOOM II,PS4,id Software,USA
575,SteamWorld Dig,PS4,Image & Form,Sweden
576,SteamWorld Dig 2,PS4,Image & Form,Sweden
577,SteamWorld Heist,PS4,Image & Form,Sweden
640,Twisted Metal: Black,PS4,Incognito Entertainment,USA
109,Call of Duty: Modern Warfare 2 (2009),PS3,Infinity Ward,USA
41,Sheep Dog n Wolf,PS1,Infogrames Lyon House,France
24,Hogs of War,PS1,Infogrames Sheffield,England
839,Spirit of the North: Enhanced Edition,PS5,Infuse Studio,USA
824,Ratchet & Clank: Rift Apart,PS5,Insomniac Games,USA
812,Marvel`s Spider-Man: Miles Morales,PS5,Insomniac Games,USA
43,Spyro the Dragon (1998),PS1,Insomniac Games,USA
44,Spyro 2: Gateway to Glimmer (1999),PS1,Insomniac Games,USA
45,Spyro 3: Year of the Dragon (2000),PS1,Insomniac Games,USA
192,Resistance: Fall of Man,PS3,Insomniac Games,USA
180,Ratchet: Gladiator,PS3,Insomniac Games,USA
181,Ratchet & Clank (2002),PS3,Insomniac Games,USA
182,Ratchet & Clank 2,PS3,Insomniac Games,USA
183,Ratchet & Clank 3,PS3,Insomniac Games,USA
184,Ratchet & Clank: A Crack in Time,PS3,Insomniac Games,USA
185,Ratchet & Clank: Nexus,PS3,Insomniac Games,USA
186,Ratchet & Clank: QForce,PS3,Insomniac Games,USA
187,Ratchet & Clank: Quest for Booty,PS3,Insomniac Games,USA
188,Ratchet & Clank: Tools of Destruction,PS3,Insomniac Games,USA
522,Ratchet & Clank (2016),PS4,Insomniac Games,USA
465,Marvel`s Spider-Man,PS4,Insomniac Games,USA
789,First Class Trouble,PS5,Invisible Walls,Denmark
415,Hitman 2,PS4,IO Interactive,Denmark
142,Kane and Lynch: Dead Men,PS3,IO Interactive,Denmark
143,Kane and Lynch 2: Dog Days,PS3,IO Interactive,Denmark
135,Hitman: Absolution,PS3,IO Interactive,Denmark
771,Cloudpunk,PS5,Ion Lands,Germany
66,Deus Ex (2002),PS2,Ion Storm,USA
873,Tunic,PS5,Isometricorp Games,Canada
253,Skeleton Rider,PSVITA,iSquared Games,England
683,Animal Force,PSVR,ISVR,China
605,The Crew,PS4,Ivory Tower,France
821,Ovivo,PS5,IzHard,Russia
625,Think of the Children,PS4,Jammed Up Studios,Australia
781,Evil Inside,PS5,JanduSoft SL,Spain
225,ToeJam and Earl (1991),PS3,Johnson Voorsanger Productions,USA
226,ToeJam and Earl: Panic on Funkotron,PS3,Johnson Voorsanger Productions,USA
84,Gravity Crash,PSP,Just Add Water Ltd,England
459,LUMO,PS4,Just Add Water Ltd,England
490,Oddworld: New n Tasty,PS4,Just Add Water Ltd,England
732,Sniper Elite VR,PSVR,Just Add Water Ltd,England
831,Rustler,PS5,Jutsu Games,Poland
443,Kingdoms of Amalur: Re-Reckoning,PS4,Kaiko,Germany
870,Don`t Starve,PS4,Klei Entertainment,Canada
473,Metal Gear Solid V: The Phantom Pain,PS4,Kojima Productions,Japan
29,Metal Gear Solid,PS1,Kojima Productions,Japan
156,Metal Gear Solid: Peace Walker,PS3,Kojima Productions,Japan
157,Metal Gear Solid 2: Sons of Liberty,PS3,Kojima Productions,Japan
158,Metal Gear Solid 3: Snake Eater,PS3,Kojima Productions,Japan
159,Metal Gear Solid 4: Guns of the Patriots,PS3,Kojima Productions,Japan
178,Pro Evolution Soccer 2010,PS3,Konami,Japan
220,The Simpsons Arcade Game,PS3,Konami,Japan
196,Silent Hill HD Collection,PS3,Konami,Japan
42,Silent Hill,PS1,Konami,Japan
2,Bishi Bashi Special,PS1,Konami,Japan
46,Suikoden,PS1,Konami,Japan
47,Suikoden II,PS1,Konami,Japan
314,Castlevania Requiem: Symphony of the Night and Rondo of Blood,PS4,Konami,Japan
51,Theme Hospital,PS1,Krisalis Software,England
13,Fear Effect,PS1,Kronos Digital Entertainment,USA
14,Fear Effect 2: Retro Helix,PS1,Kronos Digital Entertainment,USA
130,Girl Fight,PS3,Kung Fu Factory,USA
667,WRC 6,PS4,Kylotonn,France
322,ClusterTruck,PS4,Landfall Games,Sweden
419,HoPiKo,PS4,Laser Dog,England
239,Flame Over,PSVITA,Laughing Jackal Ltd,England
482,Mother Russia Bleeds,PS4,Le Cartel Studio,France
281,Armello,PS4,League of Geeks,Australia
335,Dark Chronicle,PS4,Level-5,Japan
336,Dark Cloud,PS4,Level-5,Japan
453,Lichtspeer,PS4,Lichthund,Poland
507,Pic-A-Pix Color,PS4,Lightwood Games,England
871,Godlike Burger,PS4,Liquid Pug,Belarus
745,Traffic Jams,PSVR,Little Chicken,Netherlands
743,Track Lab,PSVR,Little Chicken,Netherlands
512,Polybius,PS4,Llamasoft,England
261,TxK,PSVITA,Llamasoft,England
724,PlayStation VR Worlds,PSVR,London Studio,England
219,The Secret of Monkey Island: Special Edition,PS3,LucasArts,USA
571,Star Wars Episode I: Pod Racer,PS4,LucasArts,USA
409,Grim Fandango Remastered,PS4,LucasArts,USA
340,Day Of The Tentacle Remastered,PS4,LucasArts,USA
396,Geometry Wars 3: Dimensions Evolved,PS4,Lucid Games,England
663,while true: learn( ),PS4,Luden.io,Russia
814,Nickelodeon All Stars Brawl,PS5,Ludosity,Sweden
876,Wolfenstein: The New Order,PS4,MachineGames,Sweden
877,Wolfenstein: The Old Blood,PS4,MachineGames,Sweden
878,Wolfenstein II: The New Colossus,PS4,MachineGames,Sweden
879,Wolfenstein: Youngblood,PS4,MachineGames,Sweden
410,Harvest Moon: A Wonderful Life,PS4,Marvelous Interactive,Japan
4,Cho Aniki,PS1,Masaya,Japan
835,Shing!,PS5,Mass Creation,Poland
823,Potion Permit,PS5,MassHive Media,Indonesia
774,Cult of the Lamb,PS5,Massive Monster,Australia
615,The Sims 4,PS4,Maxis,USA
69,The Sims,PS2,Maxis,USA
70,The Sims 2,PS2,Maxis,USA
222,The Sims 3,PS3,Maxis,USA
223,The Sims 3: Pets,PS3,Maxis,USA
148,LittleBigPlanet,PS3,Media Molecule,England
149,LittleBigPlanet 2,PS3,Media Molecule,England
365,Dreams,PS4,Media Molecule,England
593,Tearaway Unfolded,PS4,Media Molecule,England
411,Hatoful Boyfriend,PS4,Mediatonic,England
784,Fall Guys: Ultimate Knockout,PS5,Mediatonic,England
692,Catch & Release,PSVR,metricminds,Germany
361,DOOM 64,PS4,Midway Games,USA
128,Final Exam,PS3,Mighty Rocket Studio,France
791,Genshin Impact,PS5,miHoYo,China
627,Thomas Was Alone,PS4,Mike Bithell,England
660,Volume,PS4,Mike Bithell,England
800,Hot Wheels Unleashed,PS5,Milestone,Italy
394,Futuridium,PS4,MixedBag,Italy
392,forma.8,PS4,MixedBag,Italy
446,LA Cops,PS4,Modern Dream,England
476,Minecraft Dungeons,PS4,Mojang Studios,Sweden
120,F.E.A.R,PS3,Monolith Productions,USA
737,Tetris Effect: Connected,PSVR,Monstars,Japan
363,Downwell,PS4,Moppin,Japan
567,Spelunky,PS4,Mossmouth LLC,USA
285,Aven Colony,PS4,Mothership Entertainment,USA
607,The Escapists,PS4,Mouldy Toof Studios,England
744,Trackmania Turbo,PSVR,Nadeo,France
62,UmJammer Lammy,PS1,NanaOn-Sha,Japan
63,Vib-Ribbon,PS1,NanaOn-Sha,Japan
500,PaRappa The Rapper 2,PS4,NanaOn-Sha,Japan
429,Jak 3,PS4,Naughty Dog,USA
430,Jak and Daxter: The Precursor Legacy,PS4,Naughty Dog,USA
431,Jak II: Renegade,PS4,Naughty Dog,USA
432,Jak X: Combat Racing,PS4,Naughty Dog,USA
6,Crash Bandicoot (1996),PS1,Naughty Dog,USA
7,Crash Bandicoot 2 (1997),PS1,Naughty Dog,USA
8,Crash Bandicoot 3 (1998),PS1,Naughty Dog,USA
10,Crash Team Racing (1999),PS1,Naughty Dog,USA
611,The Last Of Us: Left Behind Remastered,PS4,Naughty Dog,USA
612,The Last of Us Part II,PS4,Naughty Dog,USA
613,The Last Of Us Remastered,PS4,Naughty Dog,USA
647,Uncharted: Drake`s Fortune,PS4,Naughty Dog,USA
648,Uncharted: The Lost Legacy,PS4,Naughty Dog,USA
649,Uncharted 2: Among Thieves,PS4,Naughty Dog,USA
650,Uncharted 3: Drake`s Deception,PS4,Naughty Dog,USA
651,Uncharted 4: A Thief`s End,PS4,Naughty Dog,USA
730,Shooty Fruity,PSVR,nDreams,England
723,Perfect VR,PSVR,nDreams,England
433,Jazzpunk: Director`s Cut,PS4,Necrophone Games,Canada
427,Injustice: Gods Among Us,PS4,NetherRealm Studios,USA
428,Injustice 2,PS4,NetherRealm Studios,USA
480,Mortal Kombat X,PS4,NetherRealm Studios,USA
161,Mortal Kombat (2011),PS3,NetherRealm Studios,USA
162,Mortal Kombat Arcade Kollection,PS3,NetherRealm Studios,USA
583,Super Monkey Ball: Banana Blitz HD,PS4,New Entertainment R&D Dept,Japan
602,The Binding of Isaac: Rebirth,PS4,Nicalis,USA
498,Oxenfree,PS4,Night School Studio,USA
174,PlayStation Move Heroes,PS3,Nihilistic Software,USA
266,Yomawari: Night Alone,PSVITA,Nippon Ichi Software,Japan
90,Prinny,PSP,Nippon Ichi Software,Japan
678,Yomawari: Midnight Shadows,PS4,Nippon Ichi Software,Japan
801,Human Fall Flat,PS5,No Brakes Games,Lithuania
589,Syrup and the Ultimate Sweet,PS4,NomNomNami,USA
695,Discovery,PSVR,Noowanda,Germany
633,Tribes of Midgard,PS4,Norsfell Games,Canada
585,Superbeat: Xonic EX,PS4,Nurijoy,Korea Republic
566,South Park: The Stick of Truth,PS4,Obsidian Entertainment,USA
614,The Outer Worlds,PS4,Obsidian Entertainment,USA
864,Tails of Iron,PS5,Odd Bug Studios,England
753,Wanderer,PSVR,Oddboy,New Zealand
817,Oddworld: Soulstorm (2021),PS5,Oddworld Inhabitants,USA
32,Oddworld: Abe`s Exoddus (1998),PS1,Oddworld Inhabitants,USA
33,Oddworld: Abe`s Oddysee (1997),PS1,Oddworld Inhabitants,USA
170,Oddworld: Munch`s Oddysee,PS3,Oddworld Inhabitants,USA
171,Oddworld: Stranger`s Wrath,PS3,Oddworld Inhabitants,USA
505,Persona 5 Strikers,PS4,Omega Force,Japan
238,Fat Princess: Piece of Cake,PSVITA,One Loop Games,USA
468,MediEvil (2019),PS4,Other Ocean Emeryville,USA
681,Yu-Gi-Oh! Legacy of the Duelist,PS4,Other Ocean Interactive,Canada
172,PAYDAY: The Heist,PS3,Overkill Software,Sweden
727,Rick & Morty: Virtual Rick-ality,PSVR,Owlchemy Labs,USA
714,Job Simulator VR,PSVR,Owlchemy Labs,USA
349,Destroy All Humans! (2005),PS4,Pandemic Studios,USA
350,Destroy All Humans! 2 (2006),PS4,Pandemic Studios,USA
717,Kona VR,PSVR,Parabole,Canada
68,Stuntman: Ignition,PS2,Paradigm Entertainment,USA
331,Curse of the Dead Gods,PS4,Passtech Games,France
282,Armikrog,PS4,Pencil Test Studios,USA
300,BLACKSAD: Under the Skin,PS4,Pendulo Studios,Spain
463,Manual Samuel,PS4,Perfectly Paranormal,Norway
502,Party Hard,PS4,Pinokl Games,Ukraine
503,Party Hard 2,PS4,Pinokl Games,Ukraine
295,Beat Cop,PS4,Pixel Crow,Poland
768,Can`t Drive This,PS5,Pixel Maniacs,Germany
836,Sir Lovelot,PS5,pixel.lu,Luxembourg
325,Concrete Genie,PS4,Pixelopus,USA
369,Entwined,PS4,Pixelopus,USA
102,Bayonetta,PS3,PlatinumGames,Japan
403,Good Dog Bad Dog,PS4,Play Em,USA
100,Bang Bang Racing,PS3,Playbox,Hungary
260,Table Top Racing,PSVITA,Playrise Digital Ltd,England
590,Table Top Racing: World Tour,PS4,Playrise Digital Ltd,England
679,Yooka-Laylee,PS4,Playtonic Games,England
680,Yooka-Laylee and the Impossible Lair,PS4,Playtonic Games,England
709,Homestar VR,PSVR,Pocket Ohira Tech,Japan
721,Moss,PSVR,Polyarc,USA
133,Gran Turismo 5,PS3,Polyphony Digital,Japan
31,Motor Toon Grand Prix 2,PS1,Polyphony Digital,Japan
381,Fez,PS4,Polytron Corporation,Canada
509,Plants vs Zombies: Battle for Neighborville,PS4,PopCap Games,USA
75,Dead or Alive Paradise,PSP,Project Venus,Japan
645,Unbox: Newbie`s Adventure,PS4,Prospect Games,England
96,Wipeout Pulse,PSP,Psygnosis,England
64,Wipeout (1995),PS1,Psygnosis,England
542,Rocket League,PS4,Psyonix,USA
644,Ultratron,PS4,Puppy Games,England
629,Titan Attacks!,PS4,Puppy Games,England
568,SpongeBob SquarePants: Battle for Bikini Bottom - Rehydrated,PS4,Purple Lamp Studios,Austria
413,Heavy Rain,PS4,Quantic Dream,France
373,Fahrenheit (Indigo Prophecy),PS4,Quantic Dream,France
352,Detroit: Become Human,PS4,Quantic Dream,France
297,Beyond Two Souls,PS4,Quantic Dream,France
564,Sound Shapes,PS4,Queasy Games,Canada
268,[Prototype],PS4,Radical Entertainment,Canada
269,[Prototype 2],PS4,Radical Entertainment,Canada
868,Descenders,PS4,RageSquid,Netherlands
869,Action Henk,PS4,RageSquid,Netherlands
364,DreamBall,PS4,Rampage Game Studio,Spain
251,Rocketbirds: Hardboiled Chicken,PSVITA,Ratloop,USA
543,Rocketbirds 2: Evolution,PS4,Ratloop Asia,Singapore
598,Terraria,PS4,Re-Logic,USA
74,Daxter,PSP,Ready At Dawn,USA
838,Spacebase Startopia,PS5,Realmforge Studios,Germany
561,Sniper Elite V2 Remastered,PS4,Rebellion Developments,England
497,Outlast,PS4,Red Barrels,Canada
477,Minutes,PS4,Red Phantom Games,England
735,Star Trek: Bridge Crew VR,PSVR,Red Storm Entertainment,USA
751,VR Ping Pong,PSVR,Reddoll Srl,Italy
632,Trials Fusion: The Awesome MAX Edition,PS4,RedLynx,France
11,Destruction Derby,PS1,Reflections Interactive,England
12,Driver,PS1,Reflections Interactive,England
108,Buzz! Quiz World,PS3,Relentless Software,England
467,Max Payne,PS4,Remedy Entertainment,Finland
886,Alan Wake Remastered,PS5,Remedy Entertainment,Finland
393,Formula Retro Racing,PS4,Repixel8,England
840,Star Wars Jedi: Fallen Order,PS5,Respawn Entertainment,USA
756,Apex Legends,PS5,Respawn Entertainment,USA
228,Tony Hawk`s Pro Skater HD,PS3,Robomodo,USA
271,60 Seconds! Reatomized,PS4,Robot Gentleman,Poland
81,Grand Theft Auto: Chinatown Wars,PSP,Rockstar Leeds,England
82,Grand Theft Auto: Liberty City Stories,PSP,Rockstar Leeds,England
83,Grand Theft Auto: Vice City Stories,PSP,Rockstar Leeds,England
134,Grand Theft Auto IV: The Complete Collection,PS3,Rockstar North,Scotland
406,Grand Theft Auto III (2001),PS4,Rockstar North,Scotland
407,Grand Theft Auto: San Andreas (2004),PS4,Rockstar North,Scotland
408,Grand Theft Auto: Vice City (2002),PS4,Rockstar North,Scotland
462,Manhunt,PS4,Rockstar North,Scotland
795,Grand Theft Auto V,PS5,Rockstar North,Scotland
524,Red Dead Redemption 2,PS4,Rockstar San Diego,USA
525,Red Dead Revolver,PS4,Rockstar San Diego,USA
191,Red Dead Redemption,PS3,Rockstar San Diego,USA
622,The Warriors,PS4,Rockstar Toronto,Canada
309,Canis Canem Edit (Bully),PS4,Rockstar Vancouver,Canada
290,Batman: Arkham Asylum,PS4,Rocksteady Studios,England
291,Batman: Arkham City,PS4,Rocksteady Studios,England
292,Batman: Arkham Knight,PS4,Rocksteady Studios,England
688,Batman: Arkham VR,PSVR,Rocksteady Studios,England
818,OlliOlli World,PS5,Roll7,England
492,OlliOlli 2,PS4,Roll7,England
493,OlliOlli: Epic Combo Edition,PS4,Roll7,England
367,Empire of Sin: Deluxe Edition,PS4,Romero Games,Republic of Ireland
98,Angry Birds Trilogy,PS3,Rovio Entertainment,Finland
514,Postal Redux,PS4,Running With Scissors,USA
862,Postal 4: No Regerts,PS5,Running with Scissors,USA
861,Yakuza: Like a Dragon,PS5,Ryu Ga Gotoku Studio,Japan
805,Judgment,PS5,Ryu Ga Gotoku Studio,Japan
671,Yakuza 0,PS4,Ryu Ga Gotoku Studio,Japan
672,Yakuza 3 Remastered,PS4,Ryu Ga Gotoku Studio,Japan
673,Yakuza 4 Remastered,PS4,Ryu Ga Gotoku Studio,Japan
674,Yakuza 5 Remastered,PS4,Ryu Ga Gotoku Studio,Japan
675,Yakuza 6: The Song of Life,PS4,Ryu Ga Gotoku Studio,Japan
676,Yakuza Kiwami,PS4,Ryu Ga Gotoku Studio,Japan
677,Yakuza Kiwami 2,PS4,Ryu Ga Gotoku Studio,Japan
234,Yakuza: Dead Souls,PS3,Ryu Ga Gotoku Studio,Japan
668,WWE 2K Battlegrounds,PS4,Saber Interactive,USA
738,The American Dream,PSVR,Samurai Punk,Australia
245,ModNation Racers: Road Trip,PSVITA,San Diego Studio,USA
131,God of War (2005),PS3,Santa Monica Studio,USA
132,God of War II (2007),PS3,Santa Monica Studio,USA
401,God of War (2018),PS4,Santa Monica Studio,USA
402,God of War III Remastered,PS4,Santa Monica Studio,USA
104,Bentley`s Hackpack,PS3,Sanzaru Games,USA
254,Sly Cooper: Thieves in Time,PSVITA,Sanzaru Games,USA
712,I Expect You To Die,PSVR,Schell Games,USA
713,I Expect You to Die 2,PSVR,Schell Games,USA
599,Tethered,PS4,Secret Sorcery,England
243,Jet Set Radio,PSVITA,Sega,Japan
218,The House of the Dead: Overkill,PS3,Sega,Japan
202,Sonic Generations,PS3,Sega,Japan
204,Streets of Rage 2,PS3,Sega,Japan
111,Daytona USA,PS3,Sega,Japan
67,Sonic Heroes,PS2,Sega,Japan
659,Virtua Fighter 5: Ultimate Showdown,PS4,Sega,Japan
837,Sonic Origins,PS5,Sega,Japan
802,In Rays of the Light,PS5,Sergey Noskov,Russia
283,Art Of Balance,PS4,Shin`en Multimedia,Germany
155,Mensa Academy,PS3,Silverball Studios,England
61,Twisted Metal (1995),PS1,SingleTrac,USA
848,The Pedestrian,PS5,Skookum Arts,USA
741,The Walking Dead: Saints and Sinners,PSVR,Skydance Interactive,USA
658,Viking Squad,PS4,Slick Entertainment,Canada
168,Need for Speed: Shift,PS3,Slightly Mad Studios,England
792,Ghostrunner,PS5,Slipgate Ironworks,Denmark
347,Death Squared,PS4,SMG Studio,Australia
73,Crazy Taxi: Fare Wars,PSP,Sniper Studios,USA
875,Turnip Boy Commits Tax Evasion,PS4,Snoozy Kazoo,USA
702,Everest VR,PSVR,Solfar Studios,Iceland
600,Tetris Ultimate,PS4,SoMa Play,USA
854,TOEM,PS5,Something We Made,Sweden
247,Paint Park,PSVITA,Sony Interactive Entertainment,Japan
248,Paint Park Plus,PSVITA,Sony Interactive Entertainment,Japan
259,Table Football,PSVITA,Sony Interactive Entertainment,Japan
330,Croixleur Sigma,PS4,souvenir circ,Japan
97,Alice: Madness Returns,PS3,Spicy Horse,China
267,Zero Escape: Virtue`s Last Reward,PSVITA,Spike Chunsoft,Japan
249,PlayStation Vita Pets,PSVITA,Spiral House,England
107,Brink,PS3,Splash Damage,England
846,The Darkside Detective,PS5,Spooky Doorway,Republic of Ireland
847,The Darkside Detective: A Fumble in the Dark,PS5,Spooky Doorway,Republic of Ireland
240,Football Manager Classic 2014,PSVITA,Sports Interactive,England
807,Kerbal Space Program: Enhanced Edition,PS5,Squad,Mexico
682,Accounting Plus,PSVR,Squanch Games,USA
639,Trover Saves The Universe,PS4,Squanch Games,USA
715,Kingdom Hearts: VR Experience,PSVR,Square Enix,Japan
788,Final Fantasy VII (2021),PS5,Square Enix,Japan
129,Final Fantasy XIII,PS3,Square Enix,Japan
77,Final Fantasy,PSP,Square Enix,Japan
78,Final Fantasy II,PSP,Square Enix,Japan
79,Final Fantasy III,PSP,Square Enix,Japan
80,Final Fantasy IV,PSP,Square Enix,Japan
15,Final Fantasy IX,PS1,Square Enix,Japan
16,Final Fantasy V,PS1,Square Enix,Japan
17,Final Fantasy VI,PS1,Square Enix,Japan
18,Final Fantasy VII (1997),PS1,Square Enix,Japan
19,Final Fantasy VIII,PS1,Square Enix,Japan
385,Final Fantasy X/X-2 HD Remaster,PS4,Square Enix,Japan
386,Final Fantasy XV: Royal Edition,PS4,Square Enix,Japan
440,Kingdom Hearts HD 1.5 & 2.5 Remix,PS4,Square Enix,Japan
441,Kingdom Hearts HD 2.8 Final Chapter Prologue,PS4,Square Enix,Japan
442,Kingdom Hearts III,PS4,Square Enix,Japan
308,Brothers: A Tale of Two Sons,PS4,Starbreeze Studios,Sweden
207,Syndicate,PS3,Starbreeze Studios,Sweden
216,The Darkness,PS3,Starbreeze Studios,Sweden
439,Keep Talking and Nobody Explodes,PS4,Steel Crate Games,Canada
280,ARK: Survival Evolved,PS4,Studio Wildcard,USA
256,Street Fighter X Tekken,PSVITA,Sucker Punch Productions,USA
199,Sly 2: Band of Thieves,PS3,Sucker Punch Productions,USA
200,Sly 3: Honour Among Thieves,PS3,Sucker Punch Productions,USA
201,Sly Cooper and the Thievius Raccoonus,PS3,Sucker Punch Productions,USA
137,inFamous,PS3,Sucker Punch Productions,USA
138,inFamous 2,PS3,Sucker Punch Productions,USA
139,inFamous: Festival of Blood,PS3,Sucker Punch Productions,USA
425,inFamous First Light,PS4,Sucker Punch Productions,USA
426,inFamous Second Son,PS4,Sucker Punch Productions,USA
398,Ghost of Tsushima,PS4,Sucker Punch Productions,USA
592,Team Sonic Racing,PS4,Sumo Digital,England
456,LittleBigPlanet 3,PS4,Sumo Digital,England
205,Super Rub a Dub,PS3,Sumo Digital,England
832,Sackboy: A Big Adventure,PS5,Sumo Digital,England
173,PlayStation All Stars Battle Royale,PS3,Superbot Entertainment,USA
152,Lone Survivor: The Director`s Cut,PS3,Superflat Games,England
736,Superhot VR,PSVR,Superhot Team,Poland
655,Until Dawn,PS4,Supermassive Games,England
746,Tumble VR,PSVR,Supermassive Games,England
748,Until Dawn: Rush Of Blood,PSVR,Supermassive Games,England
34,PONG,PS1,Supersonic Software,England
734,Sprint Vector,PSVR,Survios,USA
694,Creed: Rise To Glory,PSVR,Survios,USA
518,Putty Squad,PS4,System 3 Software,England
495,Onee Chanbara Origin,PS4,Tamsoft,Japan
312,Captain Tsubasa: Rise of New Champions,PS4,Tamsoft,Japan
608,The Evil Within,PS4,Tango Gameworks,Japan
793,Ghostwire: Tokyo,PS5,Tango Gameworks,Japan
455,Little Nightmares,PS4,Tarsier Studios,Sweden
488,Nitroplus Blasterz: Heroines Infinite Duel,PS4,Team Arcana,Japan
457,LocoRoco,PS4,Team Asobi (Japan Studio),Japan
501,PaRappa The Rapper Remastered,PS4,Team Asobi (Japan Studio),Japan
444,Knack,PS4,Team Asobi (Japan Studio),Japan
445,Knack 2,PS4,Team Asobi (Japan Studio),Japan
25,Jumping Flash,PS1,Team Asobi (Japan Studio),Japan
71,Ape Escape,PSP,Team Asobi (Japan Studio),Japan
136,ICO Classics HD,PS3,Team Asobi (Japan Studio),Japan
195,Shadow of the Colossus Classics HD,PS3,Team Asobi (Japan Studio),Japan
197,Siren Blood Curse,PS3,Team Asobi (Japan Studio),Japan
227,Tokyo Jungle,PS3,Team Asobi (Japan Studio),Japan
279,Ape Escape 2,PS4,Team Asobi (Japan Studio),Japan
759,Astro`s Playroom,PS5,Team Asobi (Japan Studio),Japan
610,The Last Guardian,PS4,Team Asobi (Japan Studio),Japan
687,ASTRO BOT Rescue Mission,PSVR,Team Asobi (Japan Studio),Japan
740,The Playroom VR,PSVR,Team Asobi (Japan Studio),Japan
146,LA Noire,PS3,Team Bondi,Australia
417,Hollow Knight: Voidheart Edition,PS4,Team Cherry,Australia
582,Super Meat Boy!,PS4,Team Meat,USA
344,Dead or Alive 5: Last Round,PS4,Team Ninja,Japan
815,Nioh 2,PS5,Team Ninja,Japan
859,Worms Rumble,PS5,Team17,England
665,Worms Battlegrounds,PS4,Team17,England
666,Worms WMD,PS4,Team17,England
389,Flockers,PS4,Team17,England
147,Lemmings (2007),PS3,Team17,England
265,Worms Revolution Extreme,PSVITA,Team17,England
206,Superfrog HD,PS3,Team17,England
194,Sam and Max Season 3: The Devil`s Playhouse,PS3,Telltale Games,USA
286,Back To The Future TTG,PS4,Telltale Games,USA
288,Batman Season 1 TTG,PS4,Telltale Games,USA
289,Batman Season 2 TTG,PS4,Telltale Games,USA
395,Game Of Thrones TTG,PS4,Telltale Games,USA
591,Tales From The Borderlands,PS4,Telltale Games,USA
549,Sam and Max Season 1: Save The World,PS4,Telltale Games,USA
550,Sam and Max Season 2: Beyond Time and Space,PS4,Telltale Games,USA
464,Marvel`s Guardians Of The Galaxy TTG,PS4,Telltale Games,USA
618,The Walking Dead Season 1,PS4,Telltale Games,USA
619,The Walking Dead Season 2,PS4,Telltale Games,USA
620,The Walking Dead Season 3,PS4,Telltale Games,USA
621,The Walking Dead: The Final Season,PS4,Telltale Games,USA
624,The Wolf Among Us Season 1,PS4,Telltale Games,USA
706,Groundhog Day: Like Father Like Son,PSVR,Tequila Works,Spain
764,BloodRayne: ReVamped,PS5,Terminal Reality,USA
765,BloodRayne 2: ReVamped,PS5,Terminal Reality,USA
845,Terminator: Resistance Enhanced,PS5,Teyon,Poland
390,flOw,PS4,Thatgamecompany,USA
391,Flower,PS4,Thatgamecompany,USA
435,Journey,PS4,thatgamecompany,USA
313,Castle Crashers: Remastered,PS4,The Behemoth,USA
707,Gun Club VR,PSVR,The Binary Mill,Australia
324,Color Slayer,PS4,The Domaginarium,El Salvador
275,Active Soccer 2 DX,PS4,The Fox Software,Italy
257,SunFlowers,PSVITA,The Game Atelier,France
236,Crazy Market,PSVITA,The Game Atelier,France
609,The Flame in the Flood,PS4,The Molasses Flood,USA
699,Drunkn Bar Fight,PSVR,The Munky,USA
769,Chicken Police: Paint It Red,PS5,The Wild Gentlemen,Hungary
623,The Witness,PS4,Thekla Inc,USA
772,Concept Destruction,PS5,Thinice Games,Spain
856,Twin Robots: Ultimate Edition,PS5,Thinice Games,Spain
761,Axiom Verge 2,PS5,Thomas Happ Games,USA
718,Lethal VR,PSVR,Three Fields Entertainment,England
332,Danger Zone,PS4,Three Fields Entertainment,England
333,Dangerous Driving,PS4,Three Fields Entertainment,England
334,Dangerous Golf,PS4,Three Fields Entertainment,England
296,Beyond Eyes,PS4,Tiger & Squid,Netherlands
541,Rock Boshers DX: Director`s Cut,PS4,Tikipod,England
125,Fat Princess,PS3,Titan Studios,USA
652,Undertale,PS4,tobyfox,USA
773,Crash Bandicoot 4: It`s About Time,PS5,Toys For Bob,USA
570,Spyro Reignited Trilogy (2018),PS4,Toys for Bob,USA
447,LEGO City Undercover,PS4,Traveller`s Tales,England
448,LEGO DC Super-Villains,PS4,Traveller`s Tales,England
449,LEGO Harry Potter Collection,PS4,Traveller`s Tales,England
450,LEGO Marvel Super-Heroes,PS4,Traveller`s Tales,England
93,Super Monkey Ball Adventure,PSP,Traveller`s Tales,England
86,LEGO Batman,PSP,Traveller`s Tales,England
87,LEGO Indiana Jones,PSP,Traveller`s Tales,England
88,LEGO Pirates of the Caribbean,PSP,Traveller`s Tales,England
89,LEGO Star Wars III: The Clone Wars,PSP,Traveller`s Tales,England
59,Toy Story 2,PS1,Traveller`s Tales,England
60,Toy Story Racer,PS1,Traveller`s Tales,England
1,A Bug`s Life,PS1,Traveller`s Tales,England
3,Buzz Lightyear of Star Command,PS1,Traveller`s Tales,England
244,LEGO Batman 2: DC Super Heroes,PSVITA,Traveller`s Tales,England
255,Spy Hunter (2012),PSVITA,Traveller`s Tales,England
311,Call of Duty: Black Ops III,PS4,Treyarch,USA
887,Call of Duty: Black Ops Cold War,PS5,Treyarch,USA
487,Ninja Senki DX,PS4,Tribute Games,Canada
810,Maneater,PS5,Tripwire Interactive,USA
704,Floor Plan,PSVR,Turbo Button,USA
641,Two Point Hospital,PS4,Two Point Studios,England
653,UNO,PS4,Ubisoft Chengdu,China
116,DJ Hero,PS3,Ubisoft Leamington,England
117,DJ Hero 2,PS3,Ubisoft Leamington,England
105,Beyond Good and Evil HD,PS3,Ubisoft Montpellier,France
36,Rayman,PS1,Ubisoft Montpellier,France
189,Rayman 3 HD,PS3,Ubisoft Montpellier,France
190,Rayman Origins,PS3,Ubisoft Montpellier,France
523,Rayman Legends,PS4,Ubisoft Montpellier,France
551,Scott Pilgrim vs The World: The Game,PS4,Ubisoft Montreal,Canada
318,Child Of Light,PS4,Ubisoft Montreal,Canada
375,Far Cry 3,PS4,Ubisoft Montreal,Canada
376,Far Cry 4,PS4,Ubisoft Montreal,Canada
377,Far Cry 5,PS4,Ubisoft Montreal,Canada
378,Far Cry: New Dawn,PS4,Ubisoft Montreal,Canada
379,Far Cry: Primal,PS4,Ubisoft Montreal,Canada
175,Prince of Persia: The Sands of Time,PS3,Ubisoft Montreal,Canada
176,Prince of Persia: The Two Thrones,PS3,Ubisoft Montreal,Canada
177,Prince of Persia: Warrior Within,PS3,Ubisoft Montreal,Canada
123,Far Cry 2,PS3,Ubisoft Montreal,Canada
661,Watch Dogs,PS4,Ubisoft Montreal,Canada
662,Watch Dogs 2,PS4,Ubisoft Montreal,Canada
700,Eagle Flight,PSVR,Ubisoft Montreal,Canada
758,Assassin`s Creed Valhalla: Ultimate Edition,PS5,Ubisoft Montreal,Canada
565,South Park: The Fractured But Whole,PS4,Ubisoft San Francisco,USA
37,Rayman 2,PS1,Ubisoft Shanghai,China
785,Far Cry 6: Gold Edition,PS5,Ubisoft Toronto,Canada
858,Watch Dogs: Legion,PS5,Ubisoft Toronto,Canada
754,You Are Being Followed,PSVR,Uncommon Chocolate,Scotland
569,Spy Chameleon,PS4,Unfinished Pixel,Spain
559,Sleeping Dogs: Definitive Edition,PS4,United Front Games,Canada
150,LittleBigPlanet Karting,PS3,United Front Games,Canada
160,Modnation Racers,PS3,United Front Games,Canada
842,Subnautica,PS5,Unknown Worlds Entertainment,USA
843,Subnautica: Below Zero,PS5,Unknown Worlds Entertainment,USA
520,Quest Of Dungeons,PS4,Upfall Studios,Portugal
536,Retro City Rampage DX,PS4,Vblank Entertainment,Canada
537,Riptide GP: Renegade,PS4,Vector Unit,USA
809,Knockout City,PS5,Velan Studios,USA
686,Arizona Sunshine,PSVR,Vertigo Games,Netherlands
855,Tony Hawk`s Pro Skater 1 + 2 (2021),PS5,Vicarious Visions,USA
328,Crash Bandicoot: N Sane Trilogy (2017),PS4,Vicarious Visions,USA
750,VR Karts,PSVR,Viewpoint Games,England
883,NBA 2K23,PS5,Visual Concepts,USA
720,Mervils: A VR Adventure,PSVR,VitruviusVR,Canada
711,Hustle Kings VR,PSVR,VooFoo Studios,England
872,Horror Bar VR,PSVR,VR Factory,Poland
685,Apocalypse Rider,PSVR,VRMonkey,Brazil
387,Five Dates,PS4,Wales Interactive,Wales
486,Night Book,PS4,Wales Interactive,Wales
604,The Complex,PS4,Wales Interactive,Wales
252,Silent Hill: Book of Memories,PSVITA,WayForward Technologies Inc,USA
272,A Boy And His Blob,PS4,WayForward Technologies Inc,USA
834,Shantae and The Pirate`s Curse,PS5,WayForward Technologies Inc,USA
749,Until You Fall,PSVR,WayTooManyGames,USA
626,This Is The Police,PS4,Weappy Studio,Belarus
634,Tricky Towers,PS4,WeirdBeard,Netherlands
752,VR The Diner Duo,PSVR,Whirlybird Games,Sweden
57,Tomba!,PS1,Whoopee Camp,Japan
58,Tomba 2!: The Evil Swine Return,PS1,Whoopee Camp,Japan
693,CoolpaintrVR,PSVR,Wildbit Studios,Spain
601,That`s You!,PS4,Wish Studios,England
284,Assault Android Cactus,PS4,Witch Beam,Australia
710,Hotel R n R,PSVR,Wolf & Wood Interactive Ltd,England
557,Slain: Back from Hell,PS4,Wolf Brew Games,USA
264,Wanderjahr,PSVITA,Workyrie Game Studio,Japan
581,Super Kickers League Ultimate,PS4,Xaloc Studios,Spain
664,Wipeout Omega Collection,PS4,XDev,England
554,Shovel Knight: Pocket Dungeon,PS4,Yacht Club Games,USA
555,Shovel Knight: Treasure Trove,PS4,Yacht Club Games,USA
203,Spec Ops: The Line,PS3,Yager Development,Germany
517,Pumped BMX+,PS4,Yeah, Us!,England
489,Octodad: Dadliest Catch,PS4,Young Horses,USA
767,Bugsnax,PS5,Young Horses,USA
230,UFC 2009 Undisputed,PS3,Yuke`s,Japan
65,WWF! Smackdown 2: Know Your Role,PS1,Yuke`s,Japan
